event_free_survival_years,efs_status,age_at_initial_diagnosis_years,firstline_therapy,gender,ibd_subtype,severity,cnt
,,,,,,,150
,Event,,,,,,94
,,,,female,,,76
,,,,male,,,74
,,,,,,Moderate,72
,,,,,,Mild,56
,Censored,,,,,,56
,,,,,Crohn's Disease,,54
,Event,,,,,Moderate,50
,Event,,,female,,,48
,,,,,IBD-Unclassified,,48
,,,,,Ulcerative Colitis,,48
,Event,,,male,,,46
,,,,female,,Moderate,40
1,,,,,,,38
,Event,,,,Ulcerative Colitis,,36
,,3,,,,,34
,,5,,,,,34
,,,AMINOSALICYLATE,,,,34
,,,CORTICOSTEROID,,,,34
,,,IMMUNOMODULATOR,,,,34
,Event,,,,Crohn's Disease,,32
,Event,,,,,Mild,32
,,,,female,Crohn's Disease,,32
,,,,male,,Moderate,32
,Event,,,female,,Moderate,30
,,,,,Crohn's Disease,Moderate,30
,,,,female,,Mild,28
0,,,,,,,28
,Censored,,,female,,,28
,Censored,,,male,,,28
,,2,,,,,28
,,,,male,,Mild,28
,,,ANTI_TNF,,,,26
,,,,male,IBD-Unclassified,,26
1,Event,,,,,,26
2,,,,,,,26
3,,,,,,,26
,Event,,,,IBD-Unclassified,,26
,Censored,,,,,Mild,24
,,,,male,Ulcerative Colitis,,24
,,4,,,,,24
1,,,,female,,,22
,,,,female,Ulcerative Colitis,,22
,,,,,IBD-Unclassified,Moderate,22
,,,,,Ulcerative Colitis,Mild,22
,Censored,,,,Crohn's Disease,,22
,Censored,,,,IBD-Unclassified,,22
,Censored,,,,,Moderate,22
,Event,5,,,,,22
,Event,,IMMUNOMODULATOR,,,,22
,,,,male,Crohn's Disease,,22
0,Event,,,,,,20
,Event,2,,,,,20
,,,AMINOSALICYLATE,female,,,20
,,,,female,IBD-Unclassified,,20
,,,,,,Severe,20
,Event,,CORTICOSTEROID,,,,20
,Event,,,female,Crohn's Disease,,20
,Event,,,male,Ulcerative Colitis,,20
,Event,,,,Crohn's Disease,Moderate,20
,,3,,male,,,20
,,,,female,Crohn's Disease,Moderate,20
,,,,,IBD-Unclassified,Mild,20
>=5,,,,,,,18
,Event,,AMINOSALICYLATE,,,,18
,Event,,,male,,Mild,18
,Event,,,male,,Moderate,18
,,5,,male,,,18
,,,AMINOSALICYLATE,,,Mild,18
,,,CORTICOSTEROID,male,,,18
,,,,,Ulcerative Colitis,Moderate,18
2,Event,,,,,,18
,Censored,3,,,,,18
,Event,,ANTI_TNF,,,,18
,,3,,,,Moderate,18
,,,CORTICOSTEROID,,,Moderate,18
,,,IMMUNOMODULATOR,male,,,18
,,,IMMUNOMODULATOR,,,Moderate,18
3,Event,,,,,,16
,Event,3,,,,,16
,Event,,,,Ulcerative Colitis,Moderate,16
,,1,,,,,16
,,2,,female,,,16
,,5,,,,Moderate,16
3,,,,,,Moderate,16
,Censored,,,female,,Mild,16
,Event,,,female,Ulcerative Colitis,,16
,,,ANTI_TNF,male,,,16
,,,IMMUNOMODULATOR,female,,,16
0,,,,male,,,14
1,,,,male,,,14
1,,,,,Crohn's Disease,,14
1,,,,,,Mild,14
1,,,,,,Moderate,14
2,,,,female,,,14
,Censored,,AMINOSALICYLATE,,,,14
,,3,,female,,,14
,,3,,,IBD-Unclassified,,14
,,5,,female,,,14
,,5,,,Crohn's Disease,,14
,,,CORTICOSTEROID,female,,,14
,,,CORTICOSTEROID,,,Mild,14
,,,IMMUNOMODULATOR,,,Mild,14
0,,,,,,Moderate,14
1,Event,,,female,,,14
1,Event,,,,,Moderate,14
,Censored,,CORTICOSTEROID,,,,14
,Event,,CORTICOSTEROID,male,,,14
,Event,,,female,Crohn's Disease,Moderate,14
,Event,,,male,IBD-Unclassified,,14
,Event,,,,Ulcerative Colitis,Mild,14
,,2,,,,Moderate,14
,,5,,,,Mild,14
,,,AMINOSALICYLATE,,,Moderate,14
,,,ANTI_TNF,,,Moderate,14
,,,CORTICOSTEROID,,Ulcerative Colitis,,14
,,,,male,,Severe,14
,,,,,Crohn's Disease,Mild,14
0,,,,female,,,12
1,,,,,Ulcerative Colitis,,12
2,,,,,,Moderate,12
3,,,,female,,,12
3,,,,male,,,12
4,,,,,,,12
,Censored,,,male,IBD-Unclassified,,12
,Censored,,,male,,Moderate,12
,Event,1,,,,,12
,Event,4,,,,,12
,Event,,,female,,Mild,12
,Event,,,,IBD-Unclassified,Moderate,12
,,,AMINOSALICYLATE,female,,Mild,12
,,,AMINOSALICYLATE,male,,,12
,,,AMINOSALICYLATE,,Crohn's Disease,,12
,,,,male,IBD-Unclassified,Moderate,12
1,Censored,,,,,,12
1,Event,,,male,,,12
3,,,,,Crohn's Disease,,12
>=5,Censored,,,,,,12
,Censored,5,,,,,12
,Censored,,IMMUNOMODULATOR,,,,12
,Censored,,,female,Crohn's Disease,,12
,Censored,,,,Ulcerative Colitis,,12
,Event,3,,,,Moderate,12
,Event,5,,female,,,12
,Event,,AMINOSALICYLATE,female,,,12
,Event,,CORTICOSTEROID,,,Moderate,12
,Event,,IMMUNOMODULATOR,male,,,12
,Event,,IMMUNOMODULATOR,,,Moderate,12
,Event,,,female,IBD-Unclassified,,12
,Event,,,male,Crohn's Disease,,12
,Event,,,,,Severe,12
,,0,,,,,12
,,2,,,Crohn's Disease,,12
,,3,,,,Mild,12
,,4,,female,,,12
,,4,,male,,,12
,,4,,,,Mild,12
,,,CORTICOSTEROID,male,,Moderate,12
,,,IMMUNOMODULATOR,,IBD-Unclassified,,12
,,,,female,Ulcerative Colitis,Mild,12
0,Event,,,male,,,10
0,Event,,,,Ulcerative Colitis,,10
0,,,,,Ulcerative Colitis,,10
2,Event,,,female,,,10
2,Event,,,,,Moderate,10
2,,,,male,,,10
2,,,,,,Mild,10
>=5,,,,male,,,10
>=5,,,,,Ulcerative Colitis,,10
,Censored,4,,,,,10
,Censored,,AMINOSALICYLATE,,,Mild,10
,Event,2,,male,,,10
,Event,2,,,,Moderate,10
,Event,,,,IBD-Unclassified,Mild,10
,,1,,,,Moderate,10
,,2,,male,,,10
,,5,IMMUNOMODULATOR,,,,10
,,,AMINOSALICYLATE,,Ulcerative Colitis,,10
,,,ANTI_TNF,female,,,10
,,,ANTI_TNF,,IBD-Unclassified,,10
,,,IMMUNOMODULATOR,female,,Moderate,10
,,,IMMUNOMODULATOR,male,,Mild,10
,,,IMMUNOMODULATOR,,Crohn's Disease,,10
,,,IMMUNOMODULATOR,,Ulcerative Colitis,,10
,,,,male,IBD-Unclassified,Mild,10
,,,,male,Ulcerative Colitis,Mild,10
0,Event,,,female,,,10
0,Event,,,,,Moderate,10
1,Event,,,,Crohn's Disease,,10
1,Event,,,,Ulcerative Colitis,,10
1,,5,,,,,10
1,,,IMMUNOMODULATOR,,,,10
1,,,,female,Crohn's Disease,,10
1,,,,female,,Mild,10
1,,,,female,,Moderate,10
1,,,,,IBD-Unclassified,,10
2,,,,,IBD-Unclassified,,10
3,Event,,,,Crohn's Disease,,10
3,Event,,,,,Moderate,10
3,,,,,IBD-Unclassified,,10
,Censored,3,,male,,,10
,Censored,,,male,Crohn's Disease,,10
,Censored,,,,Crohn's Disease,Moderate,10
,Censored,,,,IBD-Unclassified,Moderate,10
,Event,2,,female,,,10
,Event,3,,male,,,10
,Event,5,,male,,,10
,Event,5,,,Crohn's Disease,,10
,Event,5,,,,Mild,10
,Event,5,,,,Moderate,10
,Event,,AMINOSALICYLATE,,,Moderate,10
,Event,,CORTICOSTEROID,,Ulcerative Colitis,,10
,Event,,IMMUNOMODULATOR,female,,,10
,Event,,IMMUNOMODULATOR,,,Mild,10
,,2,,female,,Moderate,10
,,3,AMINOSALICYLATE,,,,10
,,3,,male,,Moderate,10
,,3,,,Crohn's Disease,,10
,,3,,,IBD-Unclassified,Moderate,10
,,3,,,Ulcerative Colitis,,10
,,4,,,IBD-Unclassified,,10
,,5,,female,Crohn's Disease,,10
,,5,,female,,Moderate,10
,,5,,male,,Mild,10
,,5,,,Crohn's Disease,Moderate,10
,,5,,,IBD-Unclassified,,10
,,,AMINOSALICYLATE,,IBD-Unclassified,,10
,,,CORTICOSTEROID,,Crohn's Disease,,10
,,,CORTICOSTEROID,,IBD-Unclassified,,10
,,,,female,IBD-Unclassified,Moderate,10
,,,,female,Ulcerative Colitis,Moderate,10
,,,,male,Crohn's Disease,Moderate,10
,,,,,Crohn's Disease,Severe,10
0,,,,,IBD-Unclassified,,8
1,Censored,,,female,,,8
1,Event,,,female,,Moderate,8
2,,,,,Ulcerative Colitis,,8
3,Censored,,,,,,8
3,Event,,,male,,,8
3,,2,,,,,8
3,,,,female,,Moderate,8
3,,,,,Crohn's Disease,Moderate,8
4,,,,male,,,8
>=5,,,,,,Mild,8
,Censored,5,,male,,,8
,Censored,,AMINOSALICYLATE,female,,,8
,Censored,,ANTI_TNF,,,,8
,Censored,,CORTICOSTEROID,female,,,8
,Censored,,,female,IBD-Unclassified,,8
,Censored,,,female,,Moderate,8
,Censored,,,male,,Mild,8
,Censored,,,,IBD-Unclassified,Mild,8
,Censored,,,,Ulcerative Colitis,Mild,8
,Censored,,,,,Severe,8
,Event,1,,,,Moderate,8
,Event,2,,,Crohn's Disease,,8
,Event,,ANTI_TNF,female,,,8
,Event,,ANTI_TNF,male,,,8
,Event,,ANTI_TNF,,,Moderate,8
,Event,,,female,Ulcerative Colitis,Moderate,8
,,1,,female,,,8
,,2,,female,Crohn's Disease,,8
,,2,,,Ulcerative Colitis,,8
,,2,,,,Mild,8
,,5,,,Ulcerative Colitis,,8
,,,ANTI_TNF,female,,Moderate,8
,,,ANTI_TNF,,Crohn's Disease,,8
,,,CORTICOSTEROID,female,,Mild,8
,,,IMMUNOMODULATOR,male,IBD-Unclassified,,8
,,,,female,IBD-Unclassified,Mild,8
,,,,male,Ulcerative Colitis,Moderate,8
0,Event,,,male,Ulcerative Colitis,,8
0,,,,female,,Moderate,8
0,,,,male,Ulcerative Colitis,,8
0,,,,,Crohn's Disease,,8
1,Censored,,,,,Mild,8
1,,3,,,,,8
1,,,AMINOSALICYLATE,,,,8
1,,,ANTI_TNF,,,,8
1,,,,,,Severe,8
2,Censored,,,,,,8
2,Event,,,female,,Moderate,8
2,,,AMINOSALICYLATE,,,,8
2,,,,female,,Moderate,8
3,Event,,,female,,,8
3,,,,,,Mild,8
4,Censored,,,,,,8
4,,3,,,,,8
>=5,,,,female,,,8
>=5,,,,,,Moderate,8
,Censored,3,,female,,,8
,Censored,3,,,Crohn's Disease,,8
,Censored,3,,,,Mild,8
,Censored,,CORTICOSTEROID,,,Mild,8
,Censored,,,male,IBD-Unclassified,Moderate,8
,Event,0,,,,,8
,Event,1,,female,,,8
,Event,2,,,Ulcerative Colitis,,8
,Event,3,,,IBD-Unclassified,,8
,Event,5,IMMUNOMODULATOR,,,,8
,Event,5,,female,,Moderate,8
,Event,,AMINOSALICYLATE,,Ulcerative Colitis,,8
,Event,,AMINOSALICYLATE,,,Mild,8
,Event,,CORTICOSTEROID,male,,Moderate,8
,Event,,CORTICOSTEROID,,Ulcerative Colitis,Moderate,8
,Event,,IMMUNOMODULATOR,female,,Moderate,8
,Event,,IMMUNOMODULATOR,male,,Mild,8
,Event,,IMMUNOMODULATOR,,Crohn's Disease,,8
,Event,,,female,IBD-Unclassified,Moderate,8
,Event,,,male,IBD-Unclassified,Mild,8
,Event,,,male,Ulcerative Colitis,Moderate,8
,Event,,,male,,Severe,8
,,0,,female,,,8
,,1,,male,,,8
,,1,,,Crohn's Disease,,8
,,2,CORTICOSTEROID,,,,8
,,3,,female,,Moderate,8
,,3,,male,IBD-Unclassified,,8
,,4,,,,Moderate,8
,,5,AMINOSALICYLATE,,,,8
,,5,IMMUNOMODULATOR,male,,,8
,,,AMINOSALICYLATE,female,,Moderate,8
,,,ANTI_INTERLEUKIN,,,,8
,,,ANTI_TNF,male,IBD-Unclassified,,8
,,,ANTI_TNF,male,,Severe,8
,,,ANTI_TNF,,,Severe,8
,,,CORTICOSTEROID,male,Ulcerative Colitis,,8
,,,CORTICOSTEROID,,Ulcerative Colitis,Moderate,8
,,,IMMUNOMODULATOR,,Crohn's Disease,Moderate,8
,,,,female,Crohn's Disease,Mild,8
0,Censored,,,,,,6
0,Event,,,,IBD-Unclassified,,6
0,,5,,,,,6
0,,,,,,Mild,6
0,,,,,,Severe,6
1,Event,,ANTI_TNF,,,,6
1,Event,,,,,Mild,6
1,,4,,,,,6
1,,,CORTICOSTEROID,,,,6
1,,,,female,Ulcerative Colitis,,6
1,,,,,Crohn's Disease,Moderate,6
1,,,,,Ulcerative Colitis,Mild,6
2,Event,,,male,,,6
2,Event,,,,Ulcerative Colitis,,6
2,Event,,,,,Mild,6
2,,,CORTICOSTEROID,,,,6
2,,,,female,,Mild,6
2,,,,,Crohn's Disease,,6
3,Event,2,,,,,6
3,Event,,,female,,Moderate,6
3,Event,,,,Crohn's Disease,Moderate,6
3,,,,male,,Moderate,6
4,,,,,IBD-Unclassified,,6
4,,,,,,Mild,6
>=5,Censored,,,male,,,6
>=5,Event,,,,,,6
>=5,,,AMINOSALICYLATE,,,,6
>=5,,,,male,Ulcerative Colitis,,6
>=5,,,,,Ulcerative Colitis,Mild,6
,Censored,2,,female,,,6
,Censored,2,,,,,6
,Censored,3,,,IBD-Unclassified,,6
,Censored,5,,,,Moderate,6
,Censored,,AMINOSALICYLATE,female,,Mild,6
,Censored,,AMINOSALICYLATE,,Crohn's Disease,,6
,Censored,,ANTI_TNF,male,,,6
,Censored,,CORTICOSTEROID,female,,Mild,6
,Censored,,,female,Ulcerative Colitis,,6
,Censored,,,,Crohn's Disease,Mild,6
,Event,2,,female,,Moderate,6
,Event,3,,female,,,6
,Event,3,,,IBD-Unclassified,Moderate,6
,Event,3,,,Ulcerative Colitis,,6
,Event,4,,female,,,6
,Event,4,,,,Mild,6
,Event,5,,female,Crohn's Disease,,6
,Event,5,,male,,Mild,6
,Event,5,,,Crohn's Disease,Moderate,6
,Event,,AMINOSALICYLATE,male,,,6
,Event,,ANTI_TNF,female,,Moderate,6
,Event,,ANTI_TNF,,Ulcerative Colitis,,6
,Event,,CORTICOSTEROID,male,Ulcerative Colitis,,6
,Event,,CORTICOSTEROID,,,Mild,6
,Event,,IMMUNOMODULATOR,,IBD-Unclassified,,6
,Event,,IMMUNOMODULATOR,,Ulcerative Colitis,,6
,Event,,,female,Ulcerative Colitis,Mild,6
,Event,,,male,Ulcerative Colitis,Mild,6
,Event,,,,Crohn's Disease,Mild,6
,,0,,,Ulcerative Colitis,,6
,,2,,,Crohn's Disease,Moderate,6
,,2,,,IBD-Unclassified,,6
,,3,ANTI_TNF,,,,6
,,3,CORTICOSTEROID,,,,6
,,3,IMMUNOMODULATOR,,,,6
,,3,,female,IBD-Unclassified,,6
,,3,,male,Ulcerative Colitis,,6
,,3,,male,,Mild,6
,,4,ANTI_TNF,,,,6
,,4,CORTICOSTEROID,,,,6
,,4,,female,,Mild,6
,,4,,,Crohn's Disease,,6
,,4,,,IBD-Unclassified,Mild,6
,,4,,,Ulcerative Colitis,,6
,,5,CORTICOSTEROID,,,,6
,,5,,female,Crohn's Disease,Moderate,6
,,5,,male,IBD-Unclassified,,6
,,5,,male,Ulcerative Colitis,,6
,,5,,male,,Moderate,6
,,5,,,Ulcerative Colitis,Mild,6
,,,AMINOSALICYLATE,female,Crohn's Disease,,6
,,,AMINOSALICYLATE,female,IBD-Unclassified,,6
,,,AMINOSALICYLATE,female,Ulcerative Colitis,,6
,,,AMINOSALICYLATE,,Crohn's Disease,Mild,6
,,,AMINOSALICYLATE,,Ulcerative Colitis,Mild,6
,,,ANTI_INTEGRIN,,,,6
,,,ANTI_TNF,,Ulcerative Colitis,,6
,,,CORTICOSTEROID,,Crohn's Disease,Moderate,6
,,,CORTICOSTEROID,,IBD-Unclassified,Mild,6
,,,IMMUNOMODULATOR,female,Crohn's Disease,,6
,,,IMMUNOMODULATOR,male,,Moderate,6
,,,IMMUNOMODULATOR,,Ulcerative Colitis,Mild,6
,,,,female,,Severe,6
0,Event,,,female,,Moderate,6
0,Event,,,,,Mild,6
0,,2,,,,,6
0,,,CORTICOSTEROID,,,,6
0,,,,female,Crohn's Disease,,6
0,,,,male,,Moderate,6
0,,,,,IBD-Unclassified,Moderate,6
1,Censored,,,female,,Mild,6
1,Event,3,,,,,6
1,Event,5,,,,,6
1,Event,,IMMUNOMODULATOR,,,,6
1,Event,,,female,Crohn's Disease,,6
1,Event,,,,Crohn's Disease,Moderate,6
1,Event,,,,IBD-Unclassified,,6
1,,,IMMUNOMODULATOR,female,,,6
1,,,IMMUNOMODULATOR,,,Mild,6
1,,,,female,IBD-Unclassified,,6
1,,,,male,Ulcerative Colitis,,6
2,Event,,AMINOSALICYLATE,,,,6
2,Event,,,,Crohn's Disease,,6
2,,4,,,,,6
2,,5,,,,,6
2,,,AMINOSALICYLATE,female,,,6
2,,,IMMUNOMODULATOR,,,,6
2,,,,female,Ulcerative Colitis,,6
2,,,,,Ulcerative Colitis,Moderate,6
3,Censored,,,,,Moderate,6
3,Event,,,female,Crohn's Disease,,6
3,,,ANTI_TNF,,,,6
3,,,CORTICOSTEROID,,,,6
3,,,IMMUNOMODULATOR,,,,6
3,,,,female,Crohn's Disease,,6
3,,,,male,Crohn's Disease,,6
3,,,,male,IBD-Unclassified,,6
4,Censored,3,,,,,6
4,Censored,,,male,,,6
4,,3,,male,,,6
4,,,,,Crohn's Disease,,6
4,,,,,,Moderate,6
>=5,Event,,,,Ulcerative Colitis,,6
>=5,,3,,,,,6
>=5,,5,,,,,6
>=5,,,,,Crohn's Disease,,6
,Censored,3,AMINOSALICYLATE,,,,6
,Censored,3,,,,Moderate,6
,Censored,4,,male,,,6
,Censored,4,,,IBD-Unclassified,,6
,Censored,,AMINOSALICYLATE,female,Crohn's Disease,,6
,Censored,,AMINOSALICYLATE,male,,,6
,Censored,,CORTICOSTEROID,,,Moderate,6
,Censored,,IMMUNOMODULATOR,female,,,6
,Censored,,IMMUNOMODULATOR,male,,,6
,Censored,,IMMUNOMODULATOR,,,Moderate,6
,Censored,,,female,Crohn's Disease,Moderate,6
,Censored,,,female,IBD-Unclassified,Mild,6
,Censored,,,male,,Severe,6
,Event,1,,female,,Moderate,6
,Event,1,,,Crohn's Disease,,6
,Event,2,,female,Crohn's Disease,,6
,Event,3,,female,,Moderate,6
,Event,3,,male,Ulcerative Colitis,,6
,Event,3,,male,,Moderate,6
,Event,4,,male,,,6
,Event,4,,,Ulcerative Colitis,,6
,Event,5,,,IBD-Unclassified,,6
,Event,5,,,Ulcerative Colitis,,6
,Event,,AMINOSALICYLATE,female,Ulcerative Colitis,,6
,Event,,AMINOSALICYLATE,female,,Mild,6
,Event,,AMINOSALICYLATE,female,,Moderate,6
,Event,,AMINOSALICYLATE,,Crohn's Disease,,6
,Event,,ANTI_TNF,,IBD-Unclassified,,6
,Event,,CORTICOSTEROID,female,,,6
,Event,,IMMUNOMODULATOR,,Crohn's Disease,Moderate,6
,Event,,,male,Crohn's Disease,Moderate,6
,,0,,,,Mild,6
,,1,,female,,Moderate,6
,,1,,,Ulcerative Colitis,,6
,,2,ANTI_TNF,,,,6
,,2,CORTICOSTEROID,female,,,6
,,2,,female,Crohn's Disease,Moderate,6
,,2,,female,,Mild,6
,,3,AMINOSALICYLATE,female,,,6
,,3,AMINOSALICYLATE,,,Mild,6
,,3,CORTICOSTEROID,male,,,6
,,3,,,Crohn's Disease,Mild,6
,,3,,,Ulcerative Colitis,Moderate,6
,,5,AMINOSALICYLATE,female,,,6
,,5,IMMUNOMODULATOR,,,Moderate,6
,,5,,male,Ulcerative Colitis,Mild,6
,,,AMINOSALICYLATE,male,Crohn's Disease,,6
,,,AMINOSALICYLATE,male,,Mild,6
,,,AMINOSALICYLATE,male,,Moderate,6
,,,ANTI_TNF,female,Crohn's Disease,,6
,,,ANTI_TNF,,IBD-Unclassified,Moderate,6
,,,CORTICOSTEROID,female,Ulcerative Colitis,,6
,,,CORTICOSTEROID,female,,Moderate,6
,,,CORTICOSTEROID,male,Crohn's Disease,,6
,,,CORTICOSTEROID,male,,Mild,6
,,,CORTICOSTEROID,,Ulcerative Colitis,Mild,6
,,,IMMUNOMODULATOR,female,Crohn's Disease,Moderate,6
,,,IMMUNOMODULATOR,female,Ulcerative Colitis,,6
,,,IMMUNOMODULATOR,,IBD-Unclassified,Mild,6
,,,IMMUNOMODULATOR,,IBD-Unclassified,Moderate,6
,,,JAK_INHIBITOR,,,,6
,,,,male,Crohn's Disease,Mild,6
,,,,male,Crohn's Disease,Severe,6
,,,,,Ulcerative Colitis,Severe,6
0,Censored,,,,Crohn's Disease,,4
0,Event,2,,,,,4
0,Event,,CORTICOSTEROID,,,,4
0,Event,,,,,Severe,4
0,,5,,male,,,4
0,,,ANTI_TNF,,,,4
0,,,IMMUNOMODULATOR,,,,4
0,,,,male,IBD-Unclassified,,4
0,,,,male,,Severe,4
1,Censored,,,,Crohn's Disease,,4
1,Event,3,,,,Moderate,4
1,Event,,AMINOSALICYLATE,,,,4
1,Event,,,female,Ulcerative Colitis,,4
1,Event,,,male,Ulcerative Colitis,,4
1,Event,,,male,,Moderate,4
1,Event,,,,,Severe,4
1,,2,,,,,4
1,,3,,female,,,4
1,,3,,,,Moderate,4
1,,5,,female,,,4
1,,5,,male,,,4
1,,5,,,Crohn's Disease,,4
1,,5,,,,Moderate,4
1,,,AMINOSALICYLATE,female,,,4
1,,,AMINOSALICYLATE,,,Mild,4
1,,,ANTI_TNF,male,,,4
1,,,CORTICOSTEROID,,Crohn's Disease,,4
1,,,CORTICOSTEROID,,,Moderate,4
1,,,IMMUNOMODULATOR,,IBD-Unclassified,,4
1,,,,female,Crohn's Disease,Moderate,4
1,,,,female,Ulcerative Colitis,Mild,4
1,,,,male,Crohn's Disease,,4
1,,,,male,,Mild,4
1,,,,male,,Moderate,4
1,,,,male,,Severe,4
2,Censored,,,,IBD-Unclassified,,4
2,Event,5,,,,,4
2,Event,,AMINOSALICYLATE,female,,,4
2,Event,,IMMUNOMODULATOR,,,,4
2,Event,,,female,Ulcerative Colitis,,4
2,Event,,,,IBD-Unclassified,,4
2,Event,,,,Ulcerative Colitis,Moderate,4
2,,2,,female,,,4
2,,2,,,,,4
2,,3,,,,,4
2,,,,female,IBD-Unclassified,,4
2,,,,male,IBD-Unclassified,,4
2,,,,male,,Moderate,4
2,,,,,IBD-Unclassified,Mild,4
3,Censored,,,female,,,4
3,Censored,,,,IBD-Unclassified,,4
3,Event,2,,male,,,4
3,Event,,,female,Crohn's Disease,Moderate,4
3,Event,,,male,,Mild,4
3,Event,,,,IBD-Unclassified,,4
3,Event,,,,,Mild,4
3,,2,,male,,,4
3,,2,,,IBD-Unclassified,,4
3,,2,,,,Moderate,4
3,,5,,,,,4
3,,,ANTI_TNF,,IBD-Unclassified,,4
3,,,CORTICOSTEROID,male,,,4
3,,,IMMUNOMODULATOR,,,Moderate,4
3,,,,female,Crohn's Disease,Moderate,4
3,,,,male,,Mild,4
3,,,,,IBD-Unclassified,Mild,4
3,,,,,IBD-Unclassified,Moderate,4
4,Censored,3,,male,,,4
4,Event,,,,,,4
4,,3,,,Crohn's Disease,,4
4,,3,,,,Mild,4
4,,,,male,IBD-Unclassified,,4
4,,,,male,,Mild,4
>=5,Censored,,AMINOSALICYLATE,,,,4
>=5,Censored,,,female,,,4
>=5,Censored,,,,Crohn's Disease,,4
>=5,Censored,,,,Ulcerative Colitis,,4
>=5,Censored,,,,,Mild,4
>=5,Censored,,,,,Moderate,4
>=5,,3,,male,,,4
>=5,,,,male,Ulcerative Colitis,Mild,4
>=5,,,,male,,Mild,4
>=5,,,,male,,Moderate,4
,Censored,3,AMINOSALICYLATE,,,Mild,4
,Censored,3,IMMUNOMODULATOR,,,,4
,Censored,3,,male,IBD-Unclassified,,4
,Censored,4,,female,,,4
,Censored,4,,,,Mild,4
,Censored,5,,male,,Moderate,4
,Censored,5,,,Crohn's Disease,,4
,Censored,,AMINOSALICYLATE,,Crohn's Disease,Mild,4
,Censored,,AMINOSALICYLATE,,IBD-Unclassified,,4
,Censored,,ANTI_TNF,,IBD-Unclassified,,4
,Censored,,ANTI_TNF,,,Moderate,4
,Censored,,CORTICOSTEROID,male,,,4
,Censored,,CORTICOSTEROID,,Crohn's Disease,,4
,Censored,,CORTICOSTEROID,,IBD-Unclassified,,4
,Censored,,IMMUNOMODULATOR,,IBD-Unclassified,,4
,Censored,,IMMUNOMODULATOR,,,Mild,4
,Censored,,,female,Crohn's Disease,Mild,4
,Censored,,,female,Ulcerative Colitis,Mild,4
,Censored,,,male,Ulcerative Colitis,,4
,Censored,,,,Crohn's Disease,Severe,4
,Event,1,,male,,,4
,Event,1,,,Ulcerative Colitis,,4
,Event,2,ANTI_TNF,,,,4
,Event,2,,,Crohn's Disease,Moderate,4
,Event,2,,,,Mild,4
,Event,2,,,,Severe,4
,Event,3,CORTICOSTEROID,,,,4
,Event,3,,female,IBD-Unclassified,Moderate,4
,Event,3,,female,IBD-Unclassified,,4
,Event,3,,,Ulcerative Colitis,Moderate,4
,Event,4,CORTICOSTEROID,,,,4
,Event,4,,,,Moderate,4
,Event,5,IMMUNOMODULATOR,male,,,4
,Event,5,,female,Crohn's Disease,Moderate,4
,Event,5,,,Ulcerative Colitis,Mild,4
,Event,,AMINOSALICYLATE,female,IBD-Unclassified,,4
,Event,,AMINOSALICYLATE,male,Crohn's Disease,,4
,Event,,AMINOSALICYLATE,,IBD-Unclassified,,4
,Event,,ANTI_INTEGRIN,,,,4
,Event,,ANTI_INTERLEUKIN,,,,4
,Event,,ANTI_TNF,female,Crohn's Disease,,4
,Event,,ANTI_TNF,male,Ulcerative Colitis,,4
,Event,,ANTI_TNF,,Crohn's Disease,,4
,Event,,ANTI_TNF,,,Mild,4
,Event,,CORTICOSTEROID,male,Ulcerative Colitis,Moderate,4
,Event,,CORTICOSTEROID,male,,Mild,4
,Event,,CORTICOSTEROID,,Crohn's Disease,,4
,Event,,CORTICOSTEROID,,IBD-Unclassified,,4
,Event,,IMMUNOMODULATOR,male,IBD-Unclassified,,4
,Event,,IMMUNOMODULATOR,,Ulcerative Colitis,Mild,4
,Event,,JAK_INHIBITOR,,,,4
,Event,,,male,IBD-Unclassified,Moderate,4
,Event,,,male,Ulcerative Colitis,Severe,4
,Event,,,,Crohn's Disease,Severe,4
,Event,,,,Ulcerative Colitis,Severe,4
,,0,IMMUNOMODULATOR,,,,4
,,0,,female,Ulcerative Colitis,Mild,4
,,0,,female,Ulcerative Colitis,,4
,,0,,female,,Mild,4
,,0,,,Ulcerative Colitis,Mild,4
,,1,,male,,Moderate,4
,,1,,,Crohn's Disease,Moderate,4
,,2,AMINOSALICYLATE,,,,4
,,2,CORTICOSTEROID,,,Mild,4
,,2,,female,Ulcerative Colitis,,4
,,2,,,,Severe,4
,,3,AMINOSALICYLATE,,IBD-Unclassified,,4
,,3,ANTI_TNF,,,Moderate,4
,,3,,female,Crohn's Disease,,4
,,3,,female,IBD-Unclassified,Moderate,4
,,3,,female,,Mild,4
,,3,,male,Crohn's Disease,,4
,,3,,male,IBD-Unclassified,Moderate,4
,,3,,,,Severe,4
,,4,AMINOSALICYLATE,,,,4
,,4,,female,IBD-Unclassified,,4
,,4,,male,IBD-Unclassified,,4
,,4,,male,,Mild,4
,,5,AMINOSALICYLATE,,,Mild,4
,,5,CORTICOSTEROID,male,,,4
,,5,CORTICOSTEROID,,,Moderate,4
,,5,IMMUNOMODULATOR,male,,Mild,4
,,5,IMMUNOMODULATOR,,IBD-Unclassified,,4
,,5,IMMUNOMODULATOR,,,Mild,4
,,5,,male,Crohn's Disease,,4
,,5,,,IBD-Unclassified,Moderate,4
,,,AMINOSALICYLATE,female,Ulcerative Colitis,Mild,4
,,,AMINOSALICYLATE,,Crohn's Disease,Moderate,4
,,,AMINOSALICYLATE,,IBD-Unclassified,Mild,4
,,,AMINOSALICYLATE,,IBD-Unclassified,Moderate,4
,,,ANTI_INTERLEUKIN,female,,,4
,,,ANTI_TNF,male,Ulcerative Colitis,,4
,,,ANTI_TNF,male,,Moderate,4
,,,ANTI_TNF,,Crohn's Disease,Moderate,4
,,,ANTI_TNF,,,Mild,4
,,,CORTICOSTEROID,female,IBD-Unclassified,,4
,,,CORTICOSTEROID,male,Crohn's Disease,Moderate,4
,,,CORTICOSTEROID,male,IBD-Unclassified,,4
,,,CORTICOSTEROID,male,Ulcerative Colitis,Moderate,4
,,,IMMUNOMODULATOR,male,IBD-Unclassified,Mild,4
,,,IMMUNOMODULATOR,male,Ulcerative Colitis,,4
,,,JAK_INHIBITOR,,Crohn's Disease,,4
,,,,male,Ulcerative Colitis,Severe,4
,,,,,IBD-Unclassified,Severe,4
0,Censored,,,male,,,4
0,Censored,,,,,Moderate,4
0,Event,2,,,Ulcerative Colitis,,4
0,Event,5,,,,,4
0,Event,,ANTI_TNF,,,,4
0,Event,,IMMUNOMODULATOR,,,,4
0,Event,,,female,IBD-Unclassified,,4
0,Event,,,male,,Mild,4
0,Event,,,male,,Moderate,4
0,Event,,,,IBD-Unclassified,Moderate,4
0,Event,,,,Ulcerative Colitis,Mild,4
0,Event,,,,Ulcerative Colitis,Moderate,4
0,,1,,,,,4
0,,2,,,Ulcerative Colitis,,4
0,,3,,,,,4
0,,4,,female,,,4
0,,4,,,,,4
0,,5,,,,Moderate,4
0,,,ANTI_INTEGRIN,,,,4
0,,,CORTICOSTEROID,male,,,4
0,,,CORTICOSTEROID,,,Moderate,4
0,,,IMMUNOMODULATOR,female,,Moderate,4
0,,,IMMUNOMODULATOR,female,,,4
0,,,IMMUNOMODULATOR,,,Moderate,4
0,,,,female,Crohn's Disease,Moderate,4
0,,,,female,IBD-Unclassified,,4
0,,,,male,IBD-Unclassified,Moderate,4
0,,,,male,,Mild,4
0,,,,,Crohn's Disease,Moderate,4
0,,,,,Ulcerative Colitis,Mild,4
0,,,,,Ulcerative Colitis,Moderate,4
1,Censored,5,,,,,4
1,Censored,,IMMUNOMODULATOR,,,,4
1,Censored,,,female,Crohn's Disease,,4
1,Censored,,,,IBD-Unclassified,,4
1,Event,1,,,,,4
1,Event,2,,,,,4
1,Event,4,,,,,4
1,Event,5,,,,Moderate,4
1,Event,,ANTI_TNF,male,,,4
1,Event,,ANTI_TNF,,Ulcerative Colitis,,4
1,Event,,CORTICOSTEROID,,,Moderate,4
1,Event,,CORTICOSTEROID,,,,4
1,Event,,,female,Crohn's Disease,Moderate,4
1,Event,,,female,,Mild,4
1,Event,,,male,Crohn's Disease,,4
1,Event,,,male,,Severe,4
1,Event,,,,IBD-Unclassified,Moderate,4
1,Event,,,,Ulcerative Colitis,Mild,4
1,Event,,,,Ulcerative Colitis,Moderate,4
1,,0,,female,Ulcerative Colitis,Mild,4
1,,0,,female,Ulcerative Colitis,,4
1,,0,,female,,Mild,4
1,,0,,female,,,4
1,,0,,,Ulcerative Colitis,Mild,4
1,,0,,,Ulcerative Colitis,,4
1,,0,,,,Mild,4
1,,0,,,,,4
1,,1,,,,,4
1,,2,,,Crohn's Disease,,4
1,,3,,,IBD-Unclassified,,4
1,,4,,male,,,4
1,,5,,female,Crohn's Disease,,4
1,,5,,female,,Moderate,4
1,,5,,,Crohn's Disease,Moderate,4
1,,5,,,,Mild,4
1,,,ANTI_TNF,male,,Severe,4
1,,,ANTI_TNF,,Ulcerative Colitis,,4
1,,,ANTI_TNF,,,Severe,4
1,,,CORTICOSTEROID,female,,,4
1,,,CORTICOSTEROID,,Crohn's Disease,Moderate,4
1,,,IMMUNOMODULATOR,male,,,4
1,,,IMMUNOMODULATOR,,Ulcerative Colitis,,4
1,,,,male,IBD-Unclassified,,4
1,,,,,Crohn's Disease,Mild,4
1,,,,,Crohn's Disease,Severe,4
1,,,,,IBD-Unclassified,Mild,4
1,,,,,IBD-Unclassified,Moderate,4
1,,,,,Ulcerative Colitis,Moderate,4
2,Censored,,,female,,Mild,4
2,Censored,,,female,,,4
2,Censored,,,male,,,4
2,Censored,,,,,Mild,4
2,Event,,CORTICOSTEROID,,,,4
2,Event,,,male,,Mild,4
2,Event,,,,Crohn's Disease,Moderate,4
2,,4,,male,,,4
2,,4,,,IBD-Unclassified,,4
2,,5,,,,Moderate,4
2,,,AMINOSALICYLATE,,,Mild,4
2,,,AMINOSALICYLATE,,,Moderate,4
2,,,ANTI_TNF,,,,4
2,,,CORTICOSTEROID,female,,,4
2,,,CORTICOSTEROID,,Ulcerative Colitis,,4
2,,,CORTICOSTEROID,,,Mild,4
2,,,IMMUNOMODULATOR,male,,,4
2,,,,female,Crohn's Disease,,4
2,,,,male,,Mild,4
2,,,,,Crohn's Disease,Moderate,4
3,Censored,,,male,,Moderate,4
3,Censored,,,male,,,4
3,Event,2,,,Crohn's Disease,,4
3,Event,2,,,,Moderate,4
3,Event,5,,,,,4
3,Event,,ANTI_TNF,,,,4
3,Event,,IMMUNOMODULATOR,,Crohn's Disease,,4
3,Event,,IMMUNOMODULATOR,,,,4
3,Event,,,male,Crohn's Disease,,4
3,Event,,,male,IBD-Unclassified,,4
3,,2,,female,,,4
3,,2,,,Crohn's Disease,,4
3,,3,,,,,4
3,,5,,,Crohn's Disease,,4
3,,,AMINOSALICYLATE,,,,4
3,,,ANTI_TNF,male,IBD-Unclassified,,4
3,,,ANTI_TNF,male,,,4
3,,,ANTI_TNF,,,Moderate,4
3,,,IMMUNOMODULATOR,,Crohn's Disease,,4
3,,,,female,IBD-Unclassified,,4
3,,,,male,Crohn's Disease,Moderate,4
3,,,,,Ulcerative Colitis,,4
4,Censored,3,,,Crohn's Disease,,4
4,Censored,,,male,,Mild,4
4,Censored,,,,Crohn's Disease,,4
4,Censored,,,,IBD-Unclassified,,4
4,Censored,,,,,Mild,4
4,Censored,,,,,Moderate,4
4,,3,,male,,Mild,4
4,,,AMINOSALICYLATE,,,,4
4,,,CORTICOSTEROID,,,,4
4,,,,female,,,4
4,,,,male,Crohn's Disease,,4
4,,,,male,,Moderate,4
4,,,,,IBD-Unclassified,Mild,4
>=5,Censored,3,,,,,4
>=5,Censored,,,,Ulcerative Colitis,Mild,4
>=5,Event,,,male,Ulcerative Colitis,,4
>=5,Event,,,male,,,4
>=5,Event,,,,,Mild,4
>=5,,3,,,Ulcerative Colitis,,4
>=5,,5,,,,Mild,4
>=5,,,AMINOSALICYLATE,female,,,4
>=5,,,AMINOSALICYLATE,,,Moderate,4
>=5,,,CORTICOSTEROID,,Ulcerative Colitis,,4
>=5,,,CORTICOSTEROID,,,,4
>=5,,,IMMUNOMODULATOR,male,,,4
>=5,,,IMMUNOMODULATOR,,,,4
>=5,,,,female,Crohn's Disease,,4
>=5,,,,female,Ulcerative Colitis,,4
>=5,,,,female,,Mild,4
,Censored,0,,female,,,4
,Censored,0,,,,,4
,Censored,1,,,,,4
,Censored,2,CORTICOSTEROID,female,,Mild,4
,Censored,2,CORTICOSTEROID,female,,,4
,Censored,2,CORTICOSTEROID,,,Mild,4
,Censored,2,CORTICOSTEROID,,,,4
,Censored,2,,female,,Mild,4
,Censored,2,,,,Mild,4
,Censored,3,AMINOSALICYLATE,female,,Mild,4
,Censored,3,AMINOSALICYLATE,female,,,4
,Censored,3,,female,Crohn's Disease,,4
,Censored,3,,female,,Mild,4
,Censored,3,,male,Crohn's Disease,,4
,Censored,3,,male,,Mild,4
,Censored,3,,male,,Moderate,4
,Censored,3,,,Crohn's Disease,Mild,4
,Censored,3,,,,Severe,4
,Censored,4,,,Crohn's Disease,,4
,Censored,5,AMINOSALICYLATE,,,,4
,Censored,5,,male,IBD-Unclassified,,4
,Censored,5,,,IBD-Unclassified,,4
,Censored,5,,,,Mild,4
,Censored,,AMINOSALICYLATE,female,Crohn's Disease,Mild,4
,Censored,,AMINOSALICYLATE,male,,Mild,4
,Censored,,AMINOSALICYLATE,,,Moderate,4
,Censored,,ANTI_TNF,male,IBD-Unclassified,,4
,Censored,,ANTI_TNF,male,,Severe,4
,Censored,,ANTI_TNF,,Crohn's Disease,,4
,Censored,,ANTI_TNF,,,Severe,4
,Censored,,CORTICOSTEROID,female,IBD-Unclassified,,4
,Censored,,CORTICOSTEROID,male,,Moderate,4
,Censored,,CORTICOSTEROID,,Crohn's Disease,Moderate,4
,Censored,,CORTICOSTEROID,,Ulcerative Colitis,Mild,4
,Censored,,CORTICOSTEROID,,Ulcerative Colitis,,4
,Censored,,IMMUNOMODULATOR,male,IBD-Unclassified,,4
,Censored,,IMMUNOMODULATOR,,Ulcerative Colitis,,4
,Censored,,,male,Crohn's Disease,Moderate,4
,Censored,,,male,Crohn's Disease,Severe,4
,Censored,,,male,Ulcerative Colitis,Mild,4
,Event,0,IMMUNOMODULATOR,,,,4
,Event,0,,female,,,4
,Event,0,,male,,,4
,Event,0,,,Ulcerative Colitis,,4
,Event,1,AMINOSALICYLATE,,,,4
,Event,1,IMMUNOMODULATOR,,,,4
,Event,1,,female,Crohn's Disease,,4
,Event,1,,,Crohn's Disease,Moderate,4
,Event,2,AMINOSALICYLATE,,,,4
,Event,2,ANTI_TNF,male,,,4
,Event,2,CORTICOSTEROID,,,,4
,Event,2,,female,Crohn's Disease,Moderate,4
,Event,2,,female,Ulcerative Colitis,,4
,Event,2,,male,IBD-Unclassified,,4
,Event,2,,male,Ulcerative Colitis,,4
,Event,2,,male,,Moderate,4
,Event,2,,male,,Severe,4
,Event,2,,,IBD-Unclassified,,4
,Event,2,,,Ulcerative Colitis,Moderate,4
,Event,3,AMINOSALICYLATE,,,,4
,Event,3,ANTI_TNF,,,Moderate,4
,Event,3,ANTI_TNF,,,,4
,Event,3,CORTICOSTEROID,male,,,4
,Event,3,,male,Ulcerative Colitis,Moderate,4
,Event,3,,,,Mild,4
,Event,4,ANTI_TNF,,,,4
,Event,4,,female,Ulcerative Colitis,,4
,Event,4,,female,,Mild,4
,Event,4,,,IBD-Unclassified,Mild,4
,Event,4,,,IBD-Unclassified,,4
,Event,5,AMINOSALICYLATE,female,,,4
,Event,5,AMINOSALICYLATE,,,,4
,Event,5,CORTICOSTEROID,,,,4
,Event,5,IMMUNOMODULATOR,male,,Mild,4
,Event,5,IMMUNOMODULATOR,,,Mild,4
,Event,5,IMMUNOMODULATOR,,,Moderate,4
,Event,5,JAK_INHIBITOR,,,,4
,Event,5,,male,Ulcerative Colitis,Mild,4
,Event,5,,male,Ulcerative Colitis,,4
,Event,,AMINOSALICYLATE,female,Ulcerative Colitis,Mild,4
,Event,,AMINOSALICYLATE,male,,Moderate,4
,Event,,AMINOSALICYLATE,,Ulcerative Colitis,Mild,4
,Event,,AMINOSALICYLATE,,Ulcerative Colitis,Moderate,4
,Event,,ANTI_INTERLEUKIN,female,,,4
,Event,,ANTI_TNF,male,IBD-Unclassified,,4
,Event,,ANTI_TNF,male,,Severe,4
,Event,,ANTI_TNF,,,Severe,4
,Event,,CORTICOSTEROID,female,,Moderate,4
,Event,,CORTICOSTEROID,male,IBD-Unclassified,,4
,Event,,CORTICOSTEROID,,IBD-Unclassified,Mild,4
,Event,,IMMUNOMODULATOR,female,Crohn's Disease,Moderate,4
,Event,,IMMUNOMODULATOR,female,Crohn's Disease,,4
,Event,,IMMUNOMODULATOR,female,Ulcerative Colitis,,4
,Event,,IMMUNOMODULATOR,male,Crohn's Disease,,4
,Event,,IMMUNOMODULATOR,male,,Moderate,4
,Event,,IMMUNOMODULATOR,,IBD-Unclassified,Moderate,4
,Event,,JAK_INHIBITOR,female,Crohn's Disease,,4
,Event,,JAK_INHIBITOR,female,,,4
,Event,,JAK_INHIBITOR,,Crohn's Disease,,4
,Event,,,female,,Severe,4
,Event,,,male,Crohn's Disease,Mild,4
,,0,,male,,,4
,,0,,,,Moderate,4
,,1,AMINOSALICYLATE,,,,4
,,1,ANTI_TNF,,,Moderate,4
,,1,ANTI_TNF,,,,4
,,1,IMMUNOMODULATOR,,,,4
,,1,,female,Crohn's Disease,,4
,,1,,female,Ulcerative Colitis,,4
,,1,,male,Crohn's Disease,,4
,,1,,,,Mild,4
,,2,AMINOSALICYLATE,,,Moderate,4
,,2,ANTI_TNF,male,,,4
,,2,CORTICOSTEROID,female,,Mild,4
,,2,IMMUNOMODULATOR,,,,4
,,2,,male,IBD-Unclassified,,4
,,2,,male,Ulcerative Colitis,,4
,,2,,male,,Moderate,4
,,2,,male,,Severe,4
,,2,,,IBD-Unclassified,Mild,4
,,2,,,Ulcerative Colitis,Moderate,4
,,3,AMINOSALICYLATE,female,IBD-Unclassified,,4
,,3,AMINOSALICYLATE,female,,Mild,4
,,3,AMINOSALICYLATE,male,,,4
,,3,AMINOSALICYLATE,,Crohn's Disease,Mild,4
,,3,AMINOSALICYLATE,,Crohn's Disease,,4
,,3,AMINOSALICYLATE,,,Moderate,4
,,3,ANTI_TNF,male,,,4
,,3,ANTI_TNF,,IBD-Unclassified,,4
,,3,CORTICOSTEROID,male,,Moderate,4
,,3,CORTICOSTEROID,,,Moderate,4
,,3,IMMUNOMODULATOR,male,,,4
,,3,IMMUNOMODULATOR,,,Moderate,4
,,3,,male,Ulcerative Colitis,Moderate,4
,,3,,,IBD-Unclassified,Mild,4
,,4,AMINOSALICYLATE,,,Mild,4
,,4,ANTI_TNF,male,,,4
,,4,CORTICOSTEROID,male,,,4
,,4,CORTICOSTEROID,,,Moderate,4
,,4,,female,IBD-Unclassified,Mild,4
,,4,,female,Ulcerative Colitis,,4
,,4,,female,,Moderate,4
,,4,,male,Crohn's Disease,,4
,,4,,male,,Moderate,4
,,4,,,Crohn's Disease,Moderate,4
,,4,,,,Severe,4
,,5,CORTICOSTEROID,,Crohn's Disease,Moderate,4
,,5,CORTICOSTEROID,,Crohn's Disease,,4
,,5,IMMUNOMODULATOR,male,IBD-Unclassified,,4
,,5,JAK_INHIBITOR,,,,4
,,5,,female,,Mild,4
,,5,,,IBD-Unclassified,Mild,4
,,,AMINOSALICYLATE,female,Crohn's Disease,Mild,4
,,,AMINOSALICYLATE,female,IBD-Unclassified,Mild,4
,,,AMINOSALICYLATE,male,Ulcerative Colitis,,4
,,,AMINOSALICYLATE,,Ulcerative Colitis,Moderate,4
,,,ANTI_INTEGRIN,female,,,4
,,,ANTI_INTEGRIN,,,Severe,4
,,,ANTI_INTERLEUKIN,,,Severe,4
,,,ANTI_TNF,female,Crohn's Disease,Moderate,4
,,,CORTICOSTEROID,female,Crohn's Disease,,4
,,,CORTICOSTEROID,female,IBD-Unclassified,Mild,4
,,,IMMUNOMODULATOR,female,,Mild,4
,,,IMMUNOMODULATOR,male,Crohn's Disease,,4
,,,IMMUNOMODULATOR,male,IBD-Unclassified,Moderate,4
,,,IMMUNOMODULATOR,male,Ulcerative Colitis,Mild,4
,,,IMMUNOMODULATOR,,Ulcerative Colitis,Moderate,4
,,,JAK_INHIBITOR,female,Crohn's Disease,,4
,,,JAK_INHIBITOR,female,,,4
,,,,female,Crohn's Disease,Severe,4
0,Censored,5,,male,,,2
0,Censored,5,,,,,2
0,Censored,,,female,Crohn's Disease,,2
0,Censored,,,female,,,2
0,Event,0,,,,,2
0,Event,1,,,,Moderate,2
0,Event,1,,,,,2
0,Event,2,,male,Ulcerative Colitis,,2
0,Event,2,,male,,,2
0,Event,3,,,,,2
0,Event,4,,female,,,2
0,Event,4,,,,,2
0,Event,,ANTI_INTEGRIN,,,,2
0,Event,,CORTICOSTEROID,male,,,2
0,Event,,CORTICOSTEROID,,Ulcerative Colitis,,2
0,Event,,CORTICOSTEROID,,,Moderate,2
0,Event,,IMMUNOMODULATOR,female,,Moderate,2
0,Event,,IMMUNOMODULATOR,female,,,2
0,Event,,IMMUNOMODULATOR,,,Moderate,2
0,Event,,,female,Crohn's Disease,,2
0,Event,,,female,Ulcerative Colitis,,2
0,Event,,,male,IBD-Unclassified,,2
0,Event,,,male,Ulcerative Colitis,Mild,2
0,Event,,,male,Ulcerative Colitis,Severe,2
0,Event,,,male,,Severe,2
0,Event,,,,Crohn's Disease,,2
0,Event,,,,Ulcerative Colitis,Severe,2
0,,0,,,,,2
0,,1,,male,,,2
0,,1,,,,Moderate,2
0,,2,,female,,,2
0,,2,,male,Ulcerative Colitis,,2
0,,2,,male,,,2
0,,2,,,,Moderate,2
0,,5,,,IBD-Unclassified,Moderate,2
0,,5,,,IBD-Unclassified,,2
0,,,AMINOSALICYLATE,,,,2
0,,,ANTI_INTEGRIN,male,,,2
0,,,ANTI_INTERLEUKIN,,,Severe,2
0,,,ANTI_INTERLEUKIN,,,,2
0,,,ANTI_TNF,female,,Moderate,2
0,,,ANTI_TNF,female,,,2
0,,,ANTI_TNF,,,Moderate,2
0,,,CORTICOSTEROID,male,,Moderate,2
0,,,CORTICOSTEROID,,IBD-Unclassified,,2
0,,,CORTICOSTEROID,,Ulcerative Colitis,,2
0,,,,female,Ulcerative Colitis,,2
0,,,,female,,Mild,2
0,,,,male,Ulcerative Colitis,Mild,2
0,,,,male,Ulcerative Colitis,Severe,2
0,,,,,Crohn's Disease,Severe,2
0,,,,,Ulcerative Colitis,Severe,2
1,Censored,4,,,,,2
1,Censored,5,,,,Mild,2
1,Censored,,AMINOSALICYLATE,,,Mild,2
1,Censored,,AMINOSALICYLATE,,,,2
1,Censored,,CORTICOSTEROID,female,,,2
1,Censored,,CORTICOSTEROID,,,,2
1,Censored,,IMMUNOMODULATOR,female,,,2
1,Censored,,IMMUNOMODULATOR,,,Mild,2
1,Censored,,,female,IBD-Unclassified,,2
1,Censored,,,male,,,2
1,Censored,,,,IBD-Unclassified,Mild,2
1,Censored,,,,Ulcerative Colitis,Mild,2
1,Censored,,,,Ulcerative Colitis,,2
1,Censored,,,,,Severe,2
1,Event,1,,female,,,2
1,Event,1,,,Crohn's Disease,,2
1,Event,2,,,Crohn's Disease,,2
1,Event,3,,female,,Moderate,2
1,Event,3,,female,,,2
1,Event,3,,male,,,2
1,Event,3,,,IBD-Unclassified,Moderate,2
1,Event,3,,,IBD-Unclassified,,2
1,Event,3,,,Ulcerative Colitis,,2
1,Event,4,,male,,,2
1,Event,4,,,Ulcerative Colitis,,2
1,Event,5,,female,,Moderate,2
1,Event,5,,female,,,2
1,Event,5,,male,,,2
1,Event,5,,,Crohn's Disease,Moderate,2
1,Event,5,,,Crohn's Disease,,2
1,Event,,AMINOSALICYLATE,female,,,2
1,Event,,ANTI_TNF,female,,,2
1,Event,,ANTI_TNF,male,Ulcerative Colitis,,2
1,Event,,ANTI_TNF,male,,Severe,2
1,Event,,ANTI_TNF,,,Moderate,2
1,Event,,ANTI_TNF,,,Severe,2
1,Event,,CORTICOSTEROID,male,,Moderate,2
1,Event,,CORTICOSTEROID,male,,,2
1,Event,,CORTICOSTEROID,,Crohn's Disease,Moderate,2
1,Event,,CORTICOSTEROID,,Crohn's Disease,,2
1,Event,,IMMUNOMODULATOR,female,,,2
1,Event,,IMMUNOMODULATOR,male,,,2
1,Event,,IMMUNOMODULATOR,,IBD-Unclassified,,2
1,Event,,IMMUNOMODULATOR,,Ulcerative Colitis,,2
1,Event,,IMMUNOMODULATOR,,,Mild,2
1,Event,,IMMUNOMODULATOR,,,Moderate,2
1,Event,,,female,IBD-Unclassified,Moderate,2
1,Event,,,female,IBD-Unclassified,,2
1,Event,,,female,Ulcerative Colitis,Mild,2
1,Event,,,male,IBD-Unclassified,,2
1,Event,,,male,,Mild,2
1,,1,,female,,,2
1,,1,,,Crohn's Disease,,2
1,,2,,female,Crohn's Disease,,2
1,,2,,female,,,2
1,,3,AMINOSALICYLATE,female,IBD-Unclassified,,2
1,,3,AMINOSALICYLATE,female,,,2
1,,3,AMINOSALICYLATE,,IBD-Unclassified,,2
1,,3,AMINOSALICYLATE,,,,2
1,,3,IMMUNOMODULATOR,,,,2
1,,3,,female,IBD-Unclassified,,2
1,,3,,female,,Moderate,2
1,,3,,male,,,2
1,,3,,,IBD-Unclassified,Moderate,2
1,,3,,,Ulcerative Colitis,,2
1,,4,,female,,,2
1,,4,,,Ulcerative Colitis,,2
1,,4,,,,Severe,2
1,,5,CORTICOSTEROID,,Crohn's Disease,Moderate,2
1,,5,CORTICOSTEROID,,Crohn's Disease,,2
1,,5,CORTICOSTEROID,,,Moderate,2
1,,5,CORTICOSTEROID,,,,2
1,,5,IMMUNOMODULATOR,,,,2
1,,5,,female,Crohn's Disease,Moderate,2
1,,5,,male,IBD-Unclassified,,2
1,,5,,male,,Mild,2
1,,5,,,IBD-Unclassified,,2
1,,,AMINOSALICYLATE,female,IBD-Unclassified,,2
1,,,AMINOSALICYLATE,female,,Mild,2
1,,,AMINOSALICYLATE,male,,,2
1,,,AMINOSALICYLATE,,Crohn's Disease,,2
1,,,AMINOSALICYLATE,,IBD-Unclassified,,2
1,,,ANTI_TNF,female,,,2
1,,,ANTI_TNF,male,Ulcerative Colitis,,2
1,,,ANTI_TNF,,Crohn's Disease,,2
1,,,ANTI_TNF,,,Moderate,2
1,,,CORTICOSTEROID,female,Crohn's Disease,,2
1,,,CORTICOSTEROID,male,,Moderate,2
1,,,CORTICOSTEROID,male,,,2
1,,,IMMUNOMODULATOR,female,Ulcerative Colitis,,2
1,,,IMMUNOMODULATOR,female,,Mild,2
1,,,IMMUNOMODULATOR,male,IBD-Unclassified,,2
1,,,IMMUNOMODULATOR,male,,Mild,2
1,,,IMMUNOMODULATOR,,IBD-Unclassified,Mild,2
1,,,IMMUNOMODULATOR,,Ulcerative Colitis,Mild,2
1,,,IMMUNOMODULATOR,,,Moderate,2
1,,,,female,Crohn's Disease,Mild,2
1,,,,female,IBD-Unclassified,Moderate,2
1,,,,female,,Severe,2
2,Censored,4,,,IBD-Unclassified,,2
2,Censored,4,,,,,2
2,Censored,,CORTICOSTEROID,female,,Mild,2
2,Censored,,CORTICOSTEROID,female,,,2
2,Censored,,CORTICOSTEROID,,,Mild,2
2,Censored,,CORTICOSTEROID,,,,2
2,Censored,,,male,IBD-Unclassified,,2
2,Event,1,,female,,,2
2,Event,1,,,,,2
2,Event,2,,female,,,2
2,Event,2,,,,,2
2,Event,3,,,,,2
2,Event,4,,,,,2
2,Event,5,,female,,,2
2,Event,5,,,IBD-Unclassified,,2
2,Event,5,,,,Moderate,2
2,Event,,AMINOSALICYLATE,female,Ulcerative Colitis,,2
2,Event,,AMINOSALICYLATE,female,,Moderate,2
2,Event,,AMINOSALICYLATE,,Ulcerative Colitis,,2
2,Event,,AMINOSALICYLATE,,,Mild,2
2,Event,,AMINOSALICYLATE,,,Moderate,2
2,Event,,CORTICOSTEROID,male,,,2
2,Event,,CORTICOSTEROID,,Ulcerative Colitis,Moderate,2
2,Event,,CORTICOSTEROID,,Ulcerative Colitis,,2
2,Event,,CORTICOSTEROID,,,Moderate,2
2,Event,,IMMUNOMODULATOR,male,,,2
2,Event,,IMMUNOMODULATOR,,Crohn's Disease,,2
2,Event,,IMMUNOMODULATOR,,,Mild,2
2,Event,,,female,Crohn's Disease,Moderate,2
2,Event,,,female,Crohn's Disease,,2
2,Event,,,female,IBD-Unclassified,,2
2,Event,,,female,Ulcerative Colitis,Moderate,2
2,Event,,,female,,Mild,2
2,Event,,,male,Crohn's Disease,,2
2,Event,,,male,,Moderate,2
2,Event,,,,IBD-Unclassified,Mild,2
2,,1,,female,,,2
2,,1,,,,,2
2,,2,,female,Ulcerative Colitis,,2
2,,2,,female,,Mild,2
2,,2,,,Ulcerative Colitis,,2
2,,2,,,,Mild,2
2,,3,,male,,,2
2,,4,CORTICOSTEROID,,,,2
2,,4,,male,IBD-Unclassified,,2
2,,4,,,,Mild,2
2,,5,IMMUNOMODULATOR,male,,,2
2,,5,IMMUNOMODULATOR,,,,2
2,,5,,female,,,2
2,,5,,male,,,2
2,,5,,,IBD-Unclassified,,2
2,,,AMINOSALICYLATE,female,Ulcerative Colitis,,2
2,,,AMINOSALICYLATE,female,,Mild,2
2,,,AMINOSALICYLATE,female,,Moderate,2
2,,,AMINOSALICYLATE,,IBD-Unclassified,,2
2,,,AMINOSALICYLATE,,Ulcerative Colitis,,2
2,,,ANTI_TNF,,IBD-Unclassified,,2
2,,,CORTICOSTEROID,female,,Mild,2
2,,,CORTICOSTEROID,male,,,2
2,,,CORTICOSTEROID,,IBD-Unclassified,Mild,2
2,,,CORTICOSTEROID,,IBD-Unclassified,,2
2,,,CORTICOSTEROID,,Ulcerative Colitis,Moderate,2
2,,,CORTICOSTEROID,,,Moderate,2
2,,,IMMUNOMODULATOR,,Crohn's Disease,,2
2,,,IMMUNOMODULATOR,,,Mild,2
2,,,IMMUNOMODULATOR,,,Moderate,2
2,,,,female,Crohn's Disease,Moderate,2
2,,,,female,IBD-Unclassified,Mild,2
2,,,,female,Ulcerative Colitis,Mild,2
2,,,,female,Ulcerative Colitis,Moderate,2
2,,,,male,Crohn's Disease,,2
2,,,,male,Ulcerative Colitis,Moderate,2
2,,,,male,Ulcerative Colitis,,2
2,,,,,Crohn's Disease,Mild,2
2,,,,,IBD-Unclassified,Moderate,2
2,,,,,Ulcerative Colitis,Mild,2
3,Censored,3,,,,,2
3,Censored,,CORTICOSTEROID,,,,2
3,Censored,,,female,IBD-Unclassified,,2
3,Censored,,,female,,Mild,2
3,Censored,,,,IBD-Unclassified,Moderate,2
3,Censored,,,,,Mild,2
3,Event,2,,male,IBD-Unclassified,,2
3,Event,2,,,Crohn's Disease,Moderate,2
3,Event,2,,,IBD-Unclassified,,2
3,Event,5,,,Crohn's Disease,,2
3,Event,,ANTI_TNF,male,IBD-Unclassified,,2
3,Event,,ANTI_TNF,male,,,2
3,Event,,ANTI_TNF,,IBD-Unclassified,,2
3,Event,,CORTICOSTEROID,male,,,2
3,Event,,CORTICOSTEROID,,,,2
3,Event,,IMMUNOMODULATOR,,Crohn's Disease,Moderate,2
3,Event,,IMMUNOMODULATOR,,,Moderate,2
3,Event,,,male,IBD-Unclassified,Mild,2
3,Event,,,male,,Moderate,2
3,Event,,,,IBD-Unclassified,Mild,2
3,,0,,,,,2
3,,2,ANTI_TNF,,IBD-Unclassified,,2
3,,2,ANTI_TNF,,,,2
3,,2,CORTICOSTEROID,,,,2
3,,2,,female,,Moderate,2
3,,2,,male,IBD-Unclassified,,2
3,,2,,,Crohn's Disease,Moderate,2
3,,2,,,IBD-Unclassified,Mild,2
3,,2,,,,Mild,2
3,,3,,female,,,2
3,,3,,,IBD-Unclassified,,2
3,,3,,,,Moderate,2
3,,4,,,,,2
3,,5,,male,,,2
3,,,AMINOSALICYLATE,female,,,2
3,,,ANTI_TNF,,IBD-Unclassified,Moderate,2
3,,,CORTICOSTEROID,male,Crohn's Disease,,2
3,,,CORTICOSTEROID,,Crohn's Disease,,2
3,,,CORTICOSTEROID,,,Mild,2
3,,,IMMUNOMODULATOR,female,,Moderate,2
3,,,IMMUNOMODULATOR,female,,,2
3,,,IMMUNOMODULATOR,male,,,2
3,,,IMMUNOMODULATOR,,Crohn's Disease,Moderate,2
3,,,,female,Ulcerative Colitis,,2
3,,,,female,,Mild,2
3,,,,male,IBD-Unclassified,Mild,2
3,,,,male,IBD-Unclassified,Moderate,2
4,Censored,3,,male,Crohn's Disease,,2
4,Censored,3,,male,,Mild,2
4,Censored,3,,,,Mild,2
4,Censored,3,,,,Moderate,2
4,Censored,,,male,Crohn's Disease,,2
4,Censored,,,male,IBD-Unclassified,,2
4,Event,,,male,,,2
4,Event,,,,IBD-Unclassified,,2
4,Event,,,,,Mild,2
4,,3,CORTICOSTEROID,,,,2
4,,3,,male,Crohn's Disease,,2
4,,3,,male,IBD-Unclassified,,2
4,,3,,,Crohn's Disease,Mild,2
4,,3,,,IBD-Unclassified,,2
4,,3,,,,Moderate,2
4,,,AMINOSALICYLATE,male,,,2
4,,,AMINOSALICYLATE,,,Mild,2
4,,,IMMUNOMODULATOR,,,,2
4,,,,male,IBD-Unclassified,Mild,2
4,,,,,Crohn's Disease,Mild,2
4,,,,,Crohn's Disease,Moderate,2
4,,,,,IBD-Unclassified,Moderate,2
>=5,Censored,3,,male,,,2
>=5,Censored,5,,,,,2
>=5,Censored,,AMINOSALICYLATE,female,Crohn's Disease,,2
>=5,Censored,,AMINOSALICYLATE,female,,,2
>=5,Censored,,AMINOSALICYLATE,,Crohn's Disease,,2
>=5,Censored,,AMINOSALICYLATE,,,Moderate,2
>=5,Censored,,,female,Crohn's Disease,,2
>=5,Censored,,,male,Ulcerative Colitis,Mild,2
>=5,Censored,,,male,Ulcerative Colitis,,2
>=5,Censored,,,male,,Mild,2
>=5,Censored,,,male,,Moderate,2
>=5,Censored,,,,Crohn's Disease,Moderate,2
>=5,Event,5,,,,Mild,2
>=5,Event,5,,,,,2
>=5,Event,,,female,,,2
>=5,Event,,,,Ulcerative Colitis,Mild,2
>=5,Event,,,,Ulcerative Colitis,Moderate,2
>=5,Event,,,,,Moderate,2
>=5,,1,,,,,2
>=5,,3,,male,Ulcerative Colitis,,2
>=5,,3,,male,,Moderate,2
>=5,,3,,,,Moderate,2
>=5,,5,AMINOSALICYLATE,,,,2
>=5,,5,,female,,,2
>=5,,5,,male,,,2
>=5,,5,,,Ulcerative Colitis,Mild,2
>=5,,5,,,Ulcerative Colitis,,2
>=5,,,AMINOSALICYLATE,female,Crohn's Disease,,2
>=5,,,AMINOSALICYLATE,male,,,2
>=5,,,AMINOSALICYLATE,,Crohn's Disease,,2
>=5,,,AMINOSALICYLATE,,Ulcerative Colitis,,2
>=5,,,AMINOSALICYLATE,,,Mild,2
>=5,,,ANTI_TNF,,Crohn's Disease,,2
>=5,,,ANTI_TNF,,,,2
>=5,,,IMMUNOMODULATOR,male,Ulcerative Colitis,Mild,2
>=5,,,IMMUNOMODULATOR,male,Ulcerative Colitis,,2
>=5,,,IMMUNOMODULATOR,male,,Mild,2
>=5,,,IMMUNOMODULATOR,,Ulcerative Colitis,Mild,2
>=5,,,IMMUNOMODULATOR,,Ulcerative Colitis,,2
>=5,,,IMMUNOMODULATOR,,,Mild,2
>=5,,,,female,,Moderate,2
>=5,,,,,Crohn's Disease,Moderate,2
>=5,,,,,Ulcerative Colitis,Moderate,2
,Censored,0,,female,Ulcerative Colitis,Mild,2
,Censored,0,,female,Ulcerative Colitis,,2
,Censored,0,,female,,Mild,2
,Censored,0,,,Ulcerative Colitis,Mild,2
,Censored,0,,,Ulcerative Colitis,,2
,Censored,0,,,,Mild,2
,Censored,1,,male,,,2
,Censored,2,,female,Crohn's Disease,,2
,Censored,2,,female,IBD-Unclassified,,2
,Censored,2,,female,,Moderate,2
,Censored,2,,,Crohn's Disease,,2
,Censored,2,,,IBD-Unclassified,,2
,Censored,2,,,,Moderate,2
,Censored,3,AMINOSALICYLATE,,Crohn's Disease,Mild,2
,Censored,3,AMINOSALICYLATE,,Crohn's Disease,,2
,Censored,3,AMINOSALICYLATE,,IBD-Unclassified,,2
,Censored,3,ANTI_TNF,male,,,2
,Censored,3,ANTI_TNF,,,,2
,Censored,3,IMMUNOMODULATOR,female,,,2
,Censored,3,IMMUNOMODULATOR,,,Moderate,2
,Censored,3,,male,IBD-Unclassified,Moderate,2
,Censored,3,,,IBD-Unclassified,Mild,2
,Censored,3,,,IBD-Unclassified,Moderate,2
,Censored,3,,,Ulcerative Colitis,,2
,Censored,4,AMINOSALICYLATE,,,,2
,Censored,4,ANTI_TNF,,,,2
,Censored,4,,female,IBD-Unclassified,,2
,Censored,4,,female,,Mild,2
,Censored,4,,male,IBD-Unclassified,,2
,Censored,4,,,IBD-Unclassified,Mild,2
,Censored,4,,,,Moderate,2
,Censored,4,,,,Severe,2
,Censored,5,AMINOSALICYLATE,,,Mild,2
,Censored,5,CORTICOSTEROID,,,Moderate,2
,Censored,5,CORTICOSTEROID,,,,2
,Censored,5,IMMUNOMODULATOR,male,,,2
,Censored,5,IMMUNOMODULATOR,,,,2
,Censored,5,,female,Crohn's Disease,,2
,Censored,5,,female,,,2
,Censored,5,,male,IBD-Unclassified,Moderate,2
,Censored,5,,male,Ulcerative Colitis,,2
,Censored,5,,male,,Mild,2
,Censored,5,,,Crohn's Disease,Moderate,2
,Censored,5,,,IBD-Unclassified,Moderate,2
,Censored,5,,,Ulcerative Colitis,,2
,Censored,,AMINOSALICYLATE,male,IBD-Unclassified,,2
,Censored,,AMINOSALICYLATE,,IBD-Unclassified,Mild,2
,Censored,,AMINOSALICYLATE,,Ulcerative Colitis,Mild,2
,Censored,,AMINOSALICYLATE,,Ulcerative Colitis,,2
,Censored,,ANTI_INTERLEUKIN,,,,2
,Censored,,ANTI_TNF,male,Crohn's Disease,,2
,Censored,,ANTI_TNF,male,,Moderate,2
,Censored,,ANTI_TNF,,IBD-Unclassified,Moderate,2
,Censored,,CORTICOSTEROID,female,IBD-Unclassified,Mild,2
,Censored,,CORTICOSTEROID,female,Ulcerative Colitis,Mild,2
,Censored,,CORTICOSTEROID,female,Ulcerative Colitis,,2
,Censored,,CORTICOSTEROID,male,Crohn's Disease,Moderate,2
,Censored,,CORTICOSTEROID,male,Crohn's Disease,,2
,Censored,,CORTICOSTEROID,,IBD-Unclassified,Mild,2
,Censored,,IMMUNOMODULATOR,female,Crohn's Disease,,2
,Censored,,IMMUNOMODULATOR,female,,Moderate,2
,Censored,,IMMUNOMODULATOR,male,,Mild,2
,Censored,,IMMUNOMODULATOR,male,,Moderate,2
,Censored,,IMMUNOMODULATOR,,Crohn's Disease,,2
,Censored,,IMMUNOMODULATOR,,IBD-Unclassified,Mild,2
,Censored,,,female,,Severe,2
,Censored,,,male,IBD-Unclassified,Mild,2
,Censored,,,,IBD-Unclassified,Severe,2
,Event,0,,,,Mild,2
,Event,0,,,,Moderate,2
,Event,1,IMMUNOMODULATOR,female,,Moderate,2
,Event,1,IMMUNOMODULATOR,female,,,2
,Event,1,IMMUNOMODULATOR,,,Moderate,2
,Event,1,,female,Crohn's Disease,Moderate,2
,Event,1,,female,Ulcerative Colitis,,2
,Event,1,,male,,Moderate,2
,Event,1,,,Ulcerative Colitis,Moderate,2
,Event,1,,,,Mild,2
,Event,2,AMINOSALICYLATE,male,,,2
,Event,2,AMINOSALICYLATE,,,Moderate,2
,Event,2,ANTI_INTEGRIN,,,,2
,Event,2,ANTI_TNF,,,Mild,2
,Event,2,IMMUNOMODULATOR,,,,2
,Event,2,,female,Ulcerative Colitis,Moderate,2
,Event,2,,male,Crohn's Disease,,2
,Event,2,,male,,Mild,2
,Event,2,,,Crohn's Disease,Severe,2
,Event,3,AMINOSALICYLATE,,,Moderate,2
,Event,3,ANTI_TNF,female,,Moderate,2
,Event,3,ANTI_TNF,female,,,2
,Event,3,CORTICOSTEROID,male,,Moderate,2
,Event,3,CORTICOSTEROID,,,Moderate,2
,Event,3,,male,IBD-Unclassified,,2
,Event,3,,male,,Mild,2
,Event,4,CORTICOSTEROID,male,,,2
,Event,4,CORTICOSTEROID,,,Moderate,2
,Event,4,,female,,Moderate,2
,Event,4,,male,,Mild,2
,Event,4,,,Crohn's Disease,,2
,Event,4,,,Ulcerative Colitis,Moderate,2
,Event,5,CORTICOSTEROID,male,,,2
,Event,5,IMMUNOMODULATOR,female,,Moderate,2
,Event,5,IMMUNOMODULATOR,female,,,2
,Event,5,IMMUNOMODULATOR,,Crohn's Disease,,2
,Event,5,IMMUNOMODULATOR,,IBD-Unclassified,,2
,Event,5,JAK_INHIBITOR,female,Crohn's Disease,,2
,Event,5,JAK_INHIBITOR,female,,,2
,Event,5,JAK_INHIBITOR,,Crohn's Disease,,2
,Event,5,,female,IBD-Unclassified,,2
,Event,5,,female,,Mild,2
,Event,5,,male,Crohn's Disease,,2
,Event,5,,male,IBD-Unclassified,,2
,Event,5,,,IBD-Unclassified,Mild,2
,Event,,AMINOSALICYLATE,female,IBD-Unclassified,Moderate,2
,Event,,AMINOSALICYLATE,,Crohn's Disease,Moderate,2
,Event,,AMINOSALICYLATE,,IBD-Unclassified,Moderate,2
,Event,,ANTI_INTEGRIN,female,Crohn's Disease,,2
,Event,,ANTI_INTEGRIN,female,,,2
,Event,,ANTI_INTEGRIN,,Crohn's Disease,,2
,Event,,ANTI_INTEGRIN,,,Severe,2
,Event,,ANTI_TNF,female,Crohn's Disease,Moderate,2
,Event,,ANTI_TNF,male,Ulcerative Colitis,Severe,2
,Event,,ANTI_TNF,male,,Mild,2
,Event,,ANTI_TNF,,Crohn's Disease,Moderate,2
,Event,,ANTI_TNF,,IBD-Unclassified,Moderate,2
,Event,,ANTI_TNF,,Ulcerative Colitis,Moderate,2
,Event,,ANTI_TNF,,Ulcerative Colitis,Severe,2
,Event,,CORTICOSTEROID,female,Ulcerative Colitis,Moderate,2
,Event,,CORTICOSTEROID,female,Ulcerative Colitis,,2
,Event,,CORTICOSTEROID,male,Crohn's Disease,,2
,Event,,CORTICOSTEROID,male,IBD-Unclassified,Mild,2
,Event,,CORTICOSTEROID,,Crohn's Disease,Moderate,2
,Event,,IMMUNOMODULATOR,male,IBD-Unclassified,Mild,2
,Event,,IMMUNOMODULATOR,male,Ulcerative Colitis,Mild,2
,Event,,IMMUNOMODULATOR,male,Ulcerative Colitis,,2
,Event,,IMMUNOMODULATOR,,IBD-Unclassified,Mild,2
,Event,,JAK_INHIBITOR,female,Crohn's Disease,Moderate,2
,Event,,JAK_INHIBITOR,female,,Moderate,2
,Event,,JAK_INHIBITOR,,Crohn's Disease,Moderate,2
,Event,,JAK_INHIBITOR,,,Moderate,2
,Event,,,female,Crohn's Disease,Mild,2
,Event,,,female,Crohn's Disease,Severe,2
,Event,,,female,IBD-Unclassified,Mild,2
,,0,CORTICOSTEROID,,,,2
,,0,IMMUNOMODULATOR,female,,,2
,,0,IMMUNOMODULATOR,,,Mild,2
,,0,,,IBD-Unclassified,,2
,,1,ANTI_TNF,,Crohn's Disease,Moderate,2
,,1,ANTI_TNF,,Crohn's Disease,,2
,,1,IMMUNOMODULATOR,female,,Moderate,2
,,1,IMMUNOMODULATOR,female,,,2
,,1,IMMUNOMODULATOR,,,Moderate,2
,,1,,female,Crohn's Disease,Moderate,2
,,1,,,IBD-Unclassified,Moderate,2
,,1,,,IBD-Unclassified,,2
,,1,,,Ulcerative Colitis,Mild,2
,,1,,,Ulcerative Colitis,Moderate,2
,,2,AMINOSALICYLATE,male,,,2
,,2,AMINOSALICYLATE,,Crohn's Disease,,2
,,2,ANTI_INTEGRIN,,,,2
,,2,ANTI_TNF,,IBD-Unclassified,,2
,,2,ANTI_TNF,,,Mild,2
,,2,CORTICOSTEROID,female,Ulcerative Colitis,,2
,,2,CORTICOSTEROID,,IBD-Unclassified,Mild,2
,,2,CORTICOSTEROID,,IBD-Unclassified,,2
,,2,CORTICOSTEROID,,Ulcerative Colitis,,2
,,2,IMMUNOMODULATOR,female,,,2
,,2,IMMUNOMODULATOR,,,Moderate,2
,,2,,female,IBD-Unclassified,,2
,,2,,female,Ulcerative Colitis,Moderate,2
,,2,,male,Crohn's Disease,,2
,,2,,male,,Mild,2
,,2,,,Crohn's Disease,Severe,2
,,2,,,IBD-Unclassified,Moderate,2
,,2,,,Ulcerative Colitis,Mild,2
,,3,AMINOSALICYLATE,,IBD-Unclassified,Moderate,2
,,3,ANTI_INTERLEUKIN,,,,2
,,3,ANTI_TNF,female,,Moderate,2
,,3,ANTI_TNF,female,,,2
,,3,ANTI_TNF,,IBD-Unclassified,Moderate,2
,,3,CORTICOSTEROID,male,Ulcerative Colitis,,2
,,3,CORTICOSTEROID,,Ulcerative Colitis,,2
,,3,CORTICOSTEROID,,,Mild,2
,,3,IMMUNOMODULATOR,female,,,2
,,3,IMMUNOMODULATOR,male,IBD-Unclassified,,2
,,3,IMMUNOMODULATOR,,IBD-Unclassified,,2
,,3,,female,Crohn's Disease,Mild,2
,,3,,female,Ulcerative Colitis,,2
,,3,,male,Crohn's Disease,Mild,2
,,3,,male,,Severe,2
,,4,AMINOSALICYLATE,female,,Mild,2
,,4,AMINOSALICYLATE,female,,,2
,,4,AMINOSALICYLATE,,IBD-Unclassified,,2
,,4,ANTI_TNF,female,,Moderate,2
,,4,ANTI_TNF,female,,,2
,,4,ANTI_TNF,male,,Severe,2
,,4,ANTI_TNF,,Crohn's Disease,,2
,,4,ANTI_TNF,,,Moderate,2
,,4,ANTI_TNF,,,Severe,2
,,4,CORTICOSTEROID,female,,,2
,,4,CORTICOSTEROID,male,,Moderate,2
,,4,CORTICOSTEROID,,IBD-Unclassified,Mild,2
,,4,CORTICOSTEROID,,IBD-Unclassified,,2
,,4,CORTICOSTEROID,,,Mild,2
,,4,IMMUNOMODULATOR,,,Mild,2
,,4,IMMUNOMODULATOR,,,,2
,,4,,female,Crohn's Disease,,2
,,4,,male,IBD-Unclassified,Mild,2
,,4,,male,Ulcerative Colitis,,2
,,4,,male,,Severe,2
,,4,,,Ulcerative Colitis,Mild,2
,,4,,,Ulcerative Colitis,Moderate,2
,,5,AMINOSALICYLATE,female,Crohn's Disease,,2
,,5,AMINOSALICYLATE,female,,Mild,2
,,5,AMINOSALICYLATE,female,,Moderate,2
,,5,AMINOSALICYLATE,,Crohn's Disease,,2
,,5,AMINOSALICYLATE,,Ulcerative Colitis,Mild,2
,,5,AMINOSALICYLATE,,Ulcerative Colitis,,2
,,5,AMINOSALICYLATE,,,Moderate,2
,,5,CORTICOSTEROID,male,,Moderate,2
,,5,IMMUNOMODULATOR,female,,Moderate,2
,,5,IMMUNOMODULATOR,female,,,2
,,5,IMMUNOMODULATOR,male,IBD-Unclassified,Mild,2
,,5,IMMUNOMODULATOR,male,,Moderate,2
,,5,IMMUNOMODULATOR,,Crohn's Disease,,2
,,5,IMMUNOMODULATOR,,IBD-Unclassified,Mild,2
,,5,IMMUNOMODULATOR,,Ulcerative Colitis,,2
,,5,JAK_INHIBITOR,female,Crohn's Disease,,2
,,5,JAK_INHIBITOR,female,,,2
,,5,JAK_INHIBITOR,,Crohn's Disease,,2
,,5,,female,IBD-Unclassified,,2
,,5,,male,Crohn's Disease,Moderate,2
,,5,,male,IBD-Unclassified,Mild,2
,,5,,male,IBD-Unclassified,Moderate,2
,,5,,,Crohn's Disease,Mild,2
,,5,,,,Severe,2
,,,AMINOSALICYLATE,female,Crohn's Disease,Moderate,2
,,,AMINOSALICYLATE,female,IBD-Unclassified,Moderate,2
,,,AMINOSALICYLATE,male,Crohn's Disease,Mild,2
,,,AMINOSALICYLATE,male,IBD-Unclassified,,2
,,,ANTI_INTEGRIN,female,Crohn's Disease,,2
,,,ANTI_INTEGRIN,female,,Severe,2
,,,ANTI_INTEGRIN,male,,,2
,,,ANTI_INTEGRIN,,Crohn's Disease,,2
,,,ANTI_INTEGRIN,,,Moderate,2
,,,ANTI_INTERLEUKIN,female,IBD-Unclassified,,2
,,,ANTI_INTERLEUKIN,male,,,2
,,,ANTI_INTERLEUKIN,,Crohn's Disease,,2
,,,ANTI_INTERLEUKIN,,IBD-Unclassified,,2
,,,ANTI_TNF,female,IBD-Unclassified,Moderate,2
,,,ANTI_TNF,female,IBD-Unclassified,,2
,,,ANTI_TNF,male,Crohn's Disease,,2
,,,ANTI_TNF,male,IBD-Unclassified,Moderate,2
,,,ANTI_TNF,male,IBD-Unclassified,Severe,2
,,,ANTI_TNF,male,Ulcerative Colitis,Severe,2
,,,ANTI_TNF,male,,Mild,2
,,,ANTI_TNF,,IBD-Unclassified,Severe,2
,,,ANTI_TNF,,Ulcerative Colitis,Moderate,2
,,,ANTI_TNF,,Ulcerative Colitis,Severe,2
,,,CORTICOSTEROID,female,Ulcerative Colitis,Mild,2
,,,CORTICOSTEROID,female,Ulcerative Colitis,Moderate,2
,,,CORTICOSTEROID,male,IBD-Unclassified,Mild,2
,,,CORTICOSTEROID,male,Ulcerative Colitis,Mild,2
,,,CORTICOSTEROID,,IBD-Unclassified,Moderate,2
,,,IMMUNOMODULATOR,female,IBD-Unclassified,,2
,,,IMMUNOMODULATOR,female,Ulcerative Colitis,Mild,2
,,,IMMUNOMODULATOR,female,Ulcerative Colitis,Moderate,2
,,,JAK_INHIBITOR,female,Crohn's Disease,Moderate,2
,,,JAK_INHIBITOR,female,,Moderate,2
,,,JAK_INHIBITOR,,Crohn's Disease,Moderate,2
,,,JAK_INHIBITOR,,,Moderate,2
,,,,male,IBD-Unclassified,Severe,2
0,Censored,5,,male,IBD-Unclassified,Moderate,2
0,Censored,5,,male,IBD-Unclassified,,2
0,Censored,5,,male,,Moderate,2
0,Censored,5,,,IBD-Unclassified,Moderate,2
0,Censored,5,,,IBD-Unclassified,,2
0,Censored,5,,,,Moderate,2
0,Censored,,,female,Crohn's Disease,Moderate,2
0,Censored,,,female,,Moderate,2
0,Censored,,,male,Crohn's Disease,Severe,2
0,Censored,,,male,Crohn's Disease,,2
0,Censored,,,male,IBD-Unclassified,Moderate,2
0,Censored,,,male,IBD-Unclassified,,2
0,Censored,,,male,,Moderate,2
0,Censored,,,male,,Severe,2
0,Censored,,,,Crohn's Disease,Moderate,2
0,Censored,,,,Crohn's Disease,Severe,2
0,Censored,,,,IBD-Unclassified,Moderate,2
0,Censored,,,,IBD-Unclassified,,2
0,Censored,,,,,Severe,2
0,Event,0,,male,,,2
0,Event,0,,,IBD-Unclassified,,2
0,Event,0,,,,Severe,2
0,Event,1,,male,,Moderate,2
0,Event,1,,male,,,2
0,Event,1,,,Ulcerative Colitis,Moderate,2
0,Event,1,,,Ulcerative Colitis,,2
0,Event,2,ANTI_INTEGRIN,,,Severe,2
0,Event,2,ANTI_INTEGRIN,,,,2
0,Event,2,,female,,,2
0,Event,2,,,Ulcerative Colitis,Moderate,2
0,Event,2,,,,Moderate,2
0,Event,2,,,,Severe,2
0,Event,3,,male,,,2
0,Event,3,,,IBD-Unclassified,Moderate,2
0,Event,3,,,IBD-Unclassified,,2
0,Event,3,,,,Moderate,2
0,Event,4,,female,,Mild,2
0,Event,4,,,,Mild,2
0,Event,5,IMMUNOMODULATOR,female,,Moderate,2
0,Event,5,IMMUNOMODULATOR,female,,,2
0,Event,5,IMMUNOMODULATOR,,,Moderate,2
0,Event,5,IMMUNOMODULATOR,,,,2
0,Event,5,,female,,Moderate,2
0,Event,5,,female,,,2
0,Event,5,,male,Ulcerative Colitis,Mild,2
0,Event,5,,male,Ulcerative Colitis,,2
0,Event,5,,male,,Mild,2
0,Event,5,,male,,,2
0,Event,5,,,Ulcerative Colitis,Mild,2
0,Event,5,,,Ulcerative Colitis,,2
0,Event,5,,,,Mild,2
0,Event,5,,,,Moderate,2
0,Event,,AMINOSALICYLATE,,Ulcerative Colitis,,2
0,Event,,AMINOSALICYLATE,,,,2
0,Event,,ANTI_INTEGRIN,male,,,2
0,Event,,ANTI_INTEGRIN,,,Severe,2
0,Event,,ANTI_INTERLEUKIN,,,Severe,2
0,Event,,ANTI_INTERLEUKIN,,,,2
0,Event,,ANTI_TNF,female,,Moderate,2
0,Event,,ANTI_TNF,female,,,2
0,Event,,ANTI_TNF,male,Ulcerative Colitis,,2
0,Event,,ANTI_TNF,male,,,2
0,Event,,ANTI_TNF,,Ulcerative Colitis,,2
0,Event,,ANTI_TNF,,,Moderate,2
0,Event,,CORTICOSTEROID,female,,,2
0,Event,,CORTICOSTEROID,male,Ulcerative Colitis,,2
0,Event,,CORTICOSTEROID,male,,Moderate,2
0,Event,,CORTICOSTEROID,,IBD-Unclassified,,2
0,Event,,CORTICOSTEROID,,Ulcerative Colitis,Moderate,2
0,Event,,CORTICOSTEROID,,,Mild,2
0,Event,,IMMUNOMODULATOR,,IBD-Unclassified,,2
0,Event,,,female,Crohn's Disease,Moderate,2
0,Event,,,female,IBD-Unclassified,Moderate,2
0,Event,,,female,Ulcerative Colitis,Moderate,2
0,Event,,,female,,Mild,2
0,Event,,,female,,Severe,2
0,Event,,,male,IBD-Unclassified,Moderate,2
0,Event,,,male,Ulcerative Colitis,Moderate,2
0,Event,,,,Crohn's Disease,Moderate,2
0,Event,,,,IBD-Unclassified,Mild,2
0,,0,,male,,,2
0,,0,,,IBD-Unclassified,,2
0,,0,,,,Severe,2
0,,1,,male,,Moderate,2
0,,1,,,Ulcerative Colitis,Moderate,2
0,,1,,,Ulcerative Colitis,,2
0,,2,ANTI_INTEGRIN,,,Severe,2
0,,2,ANTI_INTEGRIN,,,,2
0,,2,,female,Crohn's Disease,,2
0,,2,,female,,Moderate,2
0,,2,,,Crohn's Disease,,2
0,,2,,,Ulcerative Colitis,Moderate,2
0,,2,,,,Severe,2
0,,3,,female,,,2
0,,3,,male,,,2
0,,3,,,IBD-Unclassified,Moderate,2
0,,3,,,IBD-Unclassified,,2
0,,3,,,,Moderate,2
0,,4,ANTI_TNF,female,Crohn's Disease,Moderate,2
0,,4,ANTI_TNF,female,Crohn's Disease,,2
0,,4,ANTI_TNF,female,,Moderate,2
0,,4,ANTI_TNF,female,,,2
0,,4,ANTI_TNF,,Crohn's Disease,Moderate,2
0,,4,ANTI_TNF,,Crohn's Disease,,2
0,,4,ANTI_TNF,,,Moderate,2
0,,4,ANTI_TNF,,,,2
0,,4,,female,Crohn's Disease,Moderate,2
0,,4,,female,Crohn's Disease,,2
0,,4,,female,,Mild,2
0,,4,,female,,Moderate,2
0,,4,,,Crohn's Disease,Moderate,2
0,,4,,,Crohn's Disease,,2
0,,4,,,,Mild,2
0,,4,,,,Moderate,2
0,,5,CORTICOSTEROID,male,,,2
0,,5,CORTICOSTEROID,,,,2
0,,5,IMMUNOMODULATOR,female,,Moderate,2
0,,5,IMMUNOMODULATOR,female,,,2
0,,5,IMMUNOMODULATOR,,,Moderate,2
0,,5,IMMUNOMODULATOR,,,,2
0,,5,,female,,Moderate,2
0,,5,,female,,,2
0,,5,,male,IBD-Unclassified,Moderate,2
0,,5,,male,IBD-Unclassified,,2
0,,5,,male,Ulcerative Colitis,Mild,2
0,,5,,male,Ulcerative Colitis,,2
0,,5,,male,,Mild,2
0,,5,,male,,Moderate,2
0,,5,,,Crohn's Disease,,2
0,,5,,,Ulcerative Colitis,Mild,2
0,,5,,,Ulcerative Colitis,,2
0,,5,,,,Mild,2
0,,,AMINOSALICYLATE,female,,Mild,2
0,,,AMINOSALICYLATE,female,,,2
0,,,AMINOSALICYLATE,,Ulcerative Colitis,,2
0,,,AMINOSALICYLATE,,,Mild,2
0,,,ANTI_INTEGRIN,male,IBD-Unclassified,Moderate,2
0,,,ANTI_INTEGRIN,male,IBD-Unclassified,,2
0,,,ANTI_INTEGRIN,male,,Moderate,2
0,,,ANTI_INTEGRIN,,IBD-Unclassified,Moderate,2
0,,,ANTI_INTEGRIN,,IBD-Unclassified,,2
0,,,ANTI_INTEGRIN,,,Moderate,2
0,,,ANTI_INTEGRIN,,,Severe,2
0,,,ANTI_INTERLEUKIN,male,,Severe,2
0,,,ANTI_INTERLEUKIN,male,,,2
0,,,ANTI_TNF,female,Crohn's Disease,Moderate,2
0,,,ANTI_TNF,female,Crohn's Disease,,2
0,,,ANTI_TNF,male,Ulcerative Colitis,,2
0,,,ANTI_TNF,male,,,2
0,,,ANTI_TNF,,Crohn's Disease,Moderate,2
0,,,ANTI_TNF,,Crohn's Disease,,2
0,,,ANTI_TNF,,Ulcerative Colitis,,2
0,,,CORTICOSTEROID,female,,,2
0,,,CORTICOSTEROID,male,IBD-Unclassified,Moderate,2
0,,,CORTICOSTEROID,male,IBD-Unclassified,,2
0,,,CORTICOSTEROID,male,Ulcerative Colitis,,2
0,,,CORTICOSTEROID,,IBD-Unclassified,Moderate,2
0,,,CORTICOSTEROID,,Ulcerative Colitis,Moderate,2
0,,,CORTICOSTEROID,,,Mild,2
0,,,IMMUNOMODULATOR,female,Crohn's Disease,Moderate,2
0,,,IMMUNOMODULATOR,female,Crohn's Disease,,2
0,,,IMMUNOMODULATOR,,Crohn's Disease,Moderate,2
0,,,IMMUNOMODULATOR,,Crohn's Disease,,2
0,,,IMMUNOMODULATOR,,IBD-Unclassified,,2
0,,,JAK_INHIBITOR,male,,,2
0,,,JAK_INHIBITOR,,,,2
0,,,,female,IBD-Unclassified,Moderate,2
0,,,,female,Ulcerative Colitis,Moderate,2
0,,,,female,,Severe,2
0,,,,male,Crohn's Disease,Severe,2
0,,,,male,Crohn's Disease,,2
0,,,,male,Ulcerative Colitis,Moderate,2
0,,,,,IBD-Unclassified,Mild,2
1,Censored,0,,female,Ulcerative Colitis,Mild,2
1,Censored,0,,female,Ulcerative Colitis,,2
1,Censored,0,,female,,Mild,2
1,Censored,0,,female,,,2
1,Censored,0,,,Ulcerative Colitis,Mild,2
1,Censored,0,,,Ulcerative Colitis,,2
1,Censored,0,,,,Mild,2
1,Censored,0,,,,,2
1,Censored,3,,female,,,2
1,Censored,3,,,,,2
1,Censored,4,,female,IBD-Unclassified,,2
1,Censored,4,,female,,,2
1,Censored,4,,,IBD-Unclassified,,2
1,Censored,4,,,,Severe,2
1,Censored,5,AMINOSALICYLATE,,,Mild,2
1,Censored,5,AMINOSALICYLATE,,,,2
1,Censored,5,,female,Crohn's Disease,,2
1,Censored,5,,female,,,2
1,Censored,5,,male,,Mild,2
1,Censored,5,,male,,,2
1,Censored,5,,,Crohn's Disease,,2
1,Censored,,AMINOSALICYLATE,female,,Mild,2
1,Censored,,AMINOSALICYLATE,female,,,2
1,Censored,,CORTICOSTEROID,female,Crohn's Disease,,2
1,Censored,,CORTICOSTEROID,female,,Mild,2
1,Censored,,CORTICOSTEROID,,Crohn's Disease,,2
1,Censored,,CORTICOSTEROID,,,Mild,2
1,Censored,,IMMUNOMODULATOR,female,,Mild,2
1,Censored,,IMMUNOMODULATOR,,IBD-Unclassified,Mild,2
1,Censored,,IMMUNOMODULATOR,,IBD-Unclassified,,2
1,Censored,,,female,Crohn's Disease,Mild,2
1,Censored,,,female,IBD-Unclassified,Mild,2
1,Censored,,,female,Ulcerative Colitis,Mild,2
1,Censored,,,female,Ulcerative Colitis,,2
1,Censored,,,female,,Severe,2
1,Censored,,,male,,Mild,2
1,Censored,,,,Crohn's Disease,Mild,2
1,Censored,,,,Crohn's Disease,Severe,2
1,Event,0,,female,Ulcerative Colitis,Mild,2
1,Event,0,,female,Ulcerative Colitis,,2
1,Event,0,,female,,Mild,2
1,Event,0,,female,,,2
1,Event,0,,,Ulcerative Colitis,Mild,2
1,Event,0,,,Ulcerative Colitis,,2
1,Event,0,,,,Mild,2
1,Event,0,,,,,2
1,Event,1,,female,Crohn's Disease,,2
1,Event,1,,female,,Moderate,2
1,Event,1,,,,Moderate,2
1,Event,2,ANTI_TNF,,,,2
1,Event,2,,female,Crohn's Disease,,2
1,Event,2,,female,,,2
1,Event,2,,male,,Severe,2
1,Event,2,,male,,,2
1,Event,2,,,,Severe,2
1,Event,3,AMINOSALICYLATE,female,IBD-Unclassified,Moderate,2
1,Event,3,AMINOSALICYLATE,female,IBD-Unclassified,,2
1,Event,3,AMINOSALICYLATE,female,,Moderate,2
1,Event,3,AMINOSALICYLATE,female,,,2
1,Event,3,AMINOSALICYLATE,,IBD-Unclassified,Moderate,2
1,Event,3,AMINOSALICYLATE,,IBD-Unclassified,,2
1,Event,3,AMINOSALICYLATE,,,Moderate,2
1,Event,3,AMINOSALICYLATE,,,,2
1,Event,3,ANTI_TNF,,Ulcerative Colitis,Moderate,2
1,Event,3,ANTI_TNF,,Ulcerative Colitis,,2
1,Event,3,ANTI_TNF,,,Moderate,2
1,Event,3,ANTI_TNF,,,,2
1,Event,3,IMMUNOMODULATOR,male,,,2
1,Event,3,IMMUNOMODULATOR,,,,2
1,Event,3,,female,IBD-Unclassified,Moderate,2
1,Event,3,,female,IBD-Unclassified,,2
1,Event,3,,male,Ulcerative Colitis,,2
1,Event,3,,male,,Moderate,2
1,Event,3,,,Ulcerative Colitis,Moderate,2
1,Event,4,CORTICOSTEROID,male,,Moderate,2
1,Event,4,CORTICOSTEROID,male,,,2
1,Event,4,CORTICOSTEROID,,,Moderate,2
1,Event,4,CORTICOSTEROID,,,,2
1,Event,4,,male,Ulcerative Colitis,,2
1,Event,4,,male,,Moderate,2
1,Event,4,,,,Moderate,2
1,Event,5,CORTICOSTEROID,,Crohn's Disease,Moderate,2
1,Event,5,CORTICOSTEROID,,Crohn's Disease,,2
1,Event,5,CORTICOSTEROID,,,Moderate,2
1,Event,5,CORTICOSTEROID,,,,2
1,Event,5,IMMUNOMODULATOR,,,,2
1,Event,5,,female,Crohn's Disease,Moderate,2
1,Event,5,,female,Crohn's Disease,,2
1,Event,5,,male,IBD-Unclassified,,2
1,Event,5,,,IBD-Unclassified,,2
1,Event,,AMINOSALICYLATE,female,IBD-Unclassified,Moderate,2
1,Event,,AMINOSALICYLATE,female,IBD-Unclassified,,2
1,Event,,AMINOSALICYLATE,female,,Moderate,2
1,Event,,AMINOSALICYLATE,male,Crohn's Disease,,2
1,Event,,AMINOSALICYLATE,male,,,2
1,Event,,AMINOSALICYLATE,,Crohn's Disease,,2
1,Event,,AMINOSALICYLATE,,IBD-Unclassified,Moderate,2
1,Event,,AMINOSALICYLATE,,IBD-Unclassified,,2
1,Event,,AMINOSALICYLATE,,,Mild,2
1,Event,,AMINOSALICYLATE,,,Moderate,2
1,Event,,ANTI_TNF,female,Crohn's Disease,,2
1,Event,,ANTI_TNF,female,,Moderate,2
1,Event,,ANTI_TNF,male,Ulcerative Colitis,Severe,2
1,Event,,ANTI_TNF,,Crohn's Disease,,2
1,Event,,ANTI_TNF,,Ulcerative Colitis,Moderate,2
1,Event,,ANTI_TNF,,Ulcerative Colitis,Severe,2
1,Event,,CORTICOSTEROID,male,Crohn's Disease,Moderate,2
1,Event,,CORTICOSTEROID,male,Crohn's Disease,,2
1,Event,,IMMUNOMODULATOR,female,Ulcerative Colitis,,2
1,Event,,IMMUNOMODULATOR,female,,Moderate,2
1,Event,,IMMUNOMODULATOR,male,IBD-Unclassified,,2
1,Event,,IMMUNOMODULATOR,male,,Mild,2
1,Event,,IMMUNOMODULATOR,,IBD-Unclassified,Moderate,2
1,Event,,IMMUNOMODULATOR,,Ulcerative Colitis,Mild,2
1,Event,,JAK_INHIBITOR,female,Crohn's Disease,Moderate,2
1,Event,,JAK_INHIBITOR,female,Crohn's Disease,,2
1,Event,,JAK_INHIBITOR,female,,Moderate,2
1,Event,,JAK_INHIBITOR,female,,,2
1,Event,,JAK_INHIBITOR,,Crohn's Disease,Moderate,2
1,Event,,JAK_INHIBITOR,,Crohn's Disease,,2
1,Event,,JAK_INHIBITOR,,,Moderate,2
1,Event,,JAK_INHIBITOR,,,,2
1,Event,,,female,Ulcerative Colitis,Moderate,2
1,Event,,,male,Crohn's Disease,Moderate,2
1,Event,,,male,Ulcerative Colitis,Moderate,2
1,Event,,,male,Ulcerative Colitis,Severe,2
1,Event,,,,Crohn's Disease,Mild,2
1,Event,,,,Crohn's Disease,Severe,2
1,Event,,,,Ulcerative Colitis,Severe,2
1,,0,IMMUNOMODULATOR,female,Ulcerative Colitis,Mild,2
1,,0,IMMUNOMODULATOR,female,Ulcerative Colitis,,2
1,,0,IMMUNOMODULATOR,female,,Mild,2
1,,0,IMMUNOMODULATOR,female,,,2
1,,0,IMMUNOMODULATOR,,Ulcerative Colitis,Mild,2
1,,0,IMMUNOMODULATOR,,Ulcerative Colitis,,2
1,,0,IMMUNOMODULATOR,,,Mild,2
1,,0,IMMUNOMODULATOR,,,,2
1,,1,,female,Crohn's Disease,,2
1,,1,,female,,Moderate,2
1,,1,,,,Moderate,2
1,,2,ANTI_TNF,,,,2
1,,2,,female,Crohn's Disease,Mild,2
1,,2,,female,,Mild,2
1,,2,,male,,Severe,2
1,,2,,male,,,2
1,,2,,,Crohn's Disease,Mild,2
1,,2,,,,Mild,2
1,,2,,,,Severe,2
1,,3,AMINOSALICYLATE,female,IBD-Unclassified,Moderate,2
1,,3,AMINOSALICYLATE,female,,Moderate,2
1,,3,AMINOSALICYLATE,,IBD-Unclassified,Moderate,2
1,,3,AMINOSALICYLATE,,,Moderate,2
1,,3,ANTI_TNF,,Ulcerative Colitis,Moderate,2
1,,3,ANTI_TNF,,Ulcerative Colitis,,2
1,,3,ANTI_TNF,,,Moderate,2
1,,3,ANTI_TNF,,,,2
1,,3,IMMUNOMODULATOR,male,,,2
1,,3,,female,IBD-Unclassified,Moderate,2
1,,3,,male,Ulcerative Colitis,,2
1,,3,,male,,Moderate,2
1,,3,,,Ulcerative Colitis,Moderate,2
1,,3,,,,Mild,2
1,,4,ANTI_INTERLEUKIN,female,,,2
1,,4,ANTI_INTERLEUKIN,,,,2
1,,4,ANTI_TNF,male,,Severe,2
1,,4,ANTI_TNF,male,,,2
1,,4,ANTI_TNF,,,Severe,2
1,,4,ANTI_TNF,,,,2
1,,4,CORTICOSTEROID,male,,Moderate,2
1,,4,CORTICOSTEROID,male,,,2
1,,4,CORTICOSTEROID,,,Moderate,2
1,,4,CORTICOSTEROID,,,,2
1,,4,,female,IBD-Unclassified,,2
1,,4,,female,,Mild,2
1,,4,,male,Crohn's Disease,,2
1,,4,,male,Ulcerative Colitis,,2
1,,4,,male,,Moderate,2
1,,4,,male,,Severe,2
1,,4,,,Crohn's Disease,,2
1,,4,,,IBD-Unclassified,,2
1,,4,,,,Mild,2
1,,4,,,,Moderate,2
1,,5,AMINOSALICYLATE,,,Mild,2
1,,5,AMINOSALICYLATE,,,,2
1,,5,CORTICOSTEROID,female,Crohn's Disease,Moderate,2
1,,5,CORTICOSTEROID,female,Crohn's Disease,,2
1,,5,CORTICOSTEROID,female,,Moderate,2
1,,5,CORTICOSTEROID,female,,,2
1,,5,IMMUNOMODULATOR,male,IBD-Unclassified,Mild,2
1,,5,IMMUNOMODULATOR,male,IBD-Unclassified,,2
1,,5,IMMUNOMODULATOR,male,,Mild,2
1,,5,IMMUNOMODULATOR,male,,,2
1,,5,IMMUNOMODULATOR,,IBD-Unclassified,Mild,2
1,,5,IMMUNOMODULATOR,,IBD-Unclassified,,2
1,,5,IMMUNOMODULATOR,,,Mild,2
1,,5,,male,IBD-Unclassified,Mild,2
1,,5,,,IBD-Unclassified,Mild,2
1,,5,,,Ulcerative Colitis,,2
1,,,AMINOSALICYLATE,female,IBD-Unclassified,Moderate,2
1,,,AMINOSALICYLATE,female,,Moderate,2
1,,,AMINOSALICYLATE,male,Crohn's Disease,,2
1,,,AMINOSALICYLATE,male,,Mild,2
1,,,AMINOSALICYLATE,,Crohn's Disease,Mild,2
1,,,AMINOSALICYLATE,,IBD-Unclassified,Moderate,2
1,,,AMINOSALICYLATE,,Ulcerative Colitis,Mild,2
1,,,AMINOSALICYLATE,,Ulcerative Colitis,,2
1,,,AMINOSALICYLATE,,,Moderate,2
1,,,ANTI_INTERLEUKIN,female,,,2
1,,,ANTI_INTERLEUKIN,,,,2
1,,,ANTI_TNF,female,Crohn's Disease,,2
1,,,ANTI_TNF,female,,Moderate,2
1,,,ANTI_TNF,male,Ulcerative Colitis,Severe,2
1,,,ANTI_TNF,,Ulcerative Colitis,Moderate,2
1,,,ANTI_TNF,,Ulcerative Colitis,Severe,2
1,,,CORTICOSTEROID,female,Crohn's Disease,Moderate,2
1,,,CORTICOSTEROID,female,,Mild,2
1,,,CORTICOSTEROID,female,,Moderate,2
1,,,CORTICOSTEROID,male,Crohn's Disease,Moderate,2
1,,,CORTICOSTEROID,male,Crohn's Disease,,2
1,,,CORTICOSTEROID,,Ulcerative Colitis,,2
1,,,CORTICOSTEROID,,,Mild,2
1,,,IMMUNOMODULATOR,female,IBD-Unclassified,,2
1,,,IMMUNOMODULATOR,female,Ulcerative Colitis,Mild,2
1,,,IMMUNOMODULATOR,female,,Moderate,2
1,,,IMMUNOMODULATOR,male,IBD-Unclassified,Mild,2
1,,,IMMUNOMODULATOR,,IBD-Unclassified,Moderate,2
1,,,JAK_INHIBITOR,female,Crohn's Disease,Moderate,2
1,,,JAK_INHIBITOR,female,Crohn's Disease,,2
1,,,JAK_INHIBITOR,female,,Moderate,2
1,,,JAK_INHIBITOR,female,,,2
1,,,JAK_INHIBITOR,,Crohn's Disease,Moderate,2
1,,,JAK_INHIBITOR,,Crohn's Disease,,2
1,,,JAK_INHIBITOR,,,Moderate,2
1,,,JAK_INHIBITOR,,,,2
1,,,,female,Crohn's Disease,Severe,2
1,,,,female,IBD-Unclassified,Mild,2
1,,,,female,Ulcerative Colitis,Moderate,2
1,,,,male,Crohn's Disease,Moderate,2
1,,,,male,Crohn's Disease,Severe,2
1,,,,male,IBD-Unclassified,Mild,2
1,,,,male,Ulcerative Colitis,Mild,2
1,,,,male,Ulcerative Colitis,Moderate,2
1,,,,male,Ulcerative Colitis,Severe,2
1,,,,,IBD-Unclassified,Severe,2
1,,,,,Ulcerative Colitis,Severe,2
2,Censored,2,CORTICOSTEROID,female,,Mild,2
2,Censored,2,CORTICOSTEROID,female,,,2
2,Censored,2,CORTICOSTEROID,,,Mild,2
2,Censored,2,CORTICOSTEROID,,,,2
2,Censored,2,,female,,Mild,2
2,Censored,2,,female,,,2
2,Censored,2,,,,Mild,2
2,Censored,2,,,,,2
2,Censored,3,,,,,2
2,Censored,4,,male,IBD-Unclassified,,2
2,Censored,4,,male,,,2
2,Censored,,AMINOSALICYLATE,,,,2
2,Censored,,ANTI_TNF,male,IBD-Unclassified,Severe,2
2,Censored,,ANTI_TNF,male,IBD-Unclassified,,2
2,Censored,,ANTI_TNF,male,,Severe,2
2,Censored,,ANTI_TNF,male,,,2
2,Censored,,ANTI_TNF,,IBD-Unclassified,Severe,2
2,Censored,,ANTI_TNF,,IBD-Unclassified,,2
2,Censored,,ANTI_TNF,,,Severe,2
2,Censored,,ANTI_TNF,,,,2
2,Censored,,CORTICOSTEROID,female,IBD-Unclassified,Mild,2
2,Censored,,CORTICOSTEROID,female,IBD-Unclassified,,2
2,Censored,,CORTICOSTEROID,,IBD-Unclassified,Mild,2
2,Censored,,CORTICOSTEROID,,IBD-Unclassified,,2
2,Censored,,,female,IBD-Unclassified,Mild,2
2,Censored,,,female,IBD-Unclassified,,2
2,Censored,,,male,IBD-Unclassified,Severe,2
2,Censored,,,male,,Moderate,2
2,Censored,,,male,,Severe,2
2,Censored,,,,IBD-Unclassified,Mild,2
2,Censored,,,,IBD-Unclassified,Severe,2
2,Censored,,,,Ulcerative Colitis,,2
2,Censored,,,,,Moderate,2
2,Censored,,,,,Severe,2
2,Event,1,AMINOSALICYLATE,female,Ulcerative Colitis,,2
2,Event,1,AMINOSALICYLATE,female,,,2
2,Event,1,AMINOSALICYLATE,,Ulcerative Colitis,,2
2,Event,1,AMINOSALICYLATE,,,,2
2,Event,1,,female,Ulcerative Colitis,,2
2,Event,1,,female,,Moderate,2
2,Event,1,,,Ulcerative Colitis,,2
2,Event,1,,,,Moderate,2
2,Event,2,IMMUNOMODULATOR,female,,,2
2,Event,2,IMMUNOMODULATOR,,,,2
2,Event,2,,female,Ulcerative Colitis,,2
2,Event,2,,female,,Moderate,2
2,Event,2,,,Ulcerative Colitis,,2
2,Event,2,,,,Moderate,2
2,Event,3,,male,,,2
2,Event,3,,,,Moderate,2
2,Event,4,CORTICOSTEROID,,,,2
2,Event,4,,male,,Mild,2
2,Event,4,,male,,,2
2,Event,4,,,,Mild,2
2,Event,5,AMINOSALICYLATE,female,IBD-Unclassified,,2
2,Event,5,AMINOSALICYLATE,female,,,2
2,Event,5,AMINOSALICYLATE,,IBD-Unclassified,,2
2,Event,5,AMINOSALICYLATE,,,,2
2,Event,5,IMMUNOMODULATOR,male,,,2
2,Event,5,IMMUNOMODULATOR,,,,2
2,Event,5,,female,IBD-Unclassified,,2
2,Event,5,,female,,Moderate,2
2,Event,5,,male,,,2
2,Event,5,,,Crohn's Disease,Moderate,2
2,Event,5,,,Crohn's Disease,,2
2,Event,5,,,IBD-Unclassified,Mild,2
2,Event,5,,,,Mild,2
2,Event,,AMINOSALICYLATE,female,IBD-Unclassified,,2
2,Event,,AMINOSALICYLATE,female,Ulcerative Colitis,Moderate,2
2,Event,,AMINOSALICYLATE,female,,Mild,2
2,Event,,AMINOSALICYLATE,,IBD-Unclassified,,2
2,Event,,AMINOSALICYLATE,,Ulcerative Colitis,Moderate,2
2,Event,,ANTI_TNF,female,,Moderate,2
2,Event,,ANTI_TNF,female,,,2
2,Event,,ANTI_TNF,,,Moderate,2
2,Event,,ANTI_TNF,,,,2
2,Event,,CORTICOSTEROID,male,Ulcerative Colitis,Moderate,2
2,Event,,CORTICOSTEROID,male,Ulcerative Colitis,,2
2,Event,,CORTICOSTEROID,male,,Moderate,2
2,Event,,IMMUNOMODULATOR,female,,,2
2,Event,,IMMUNOMODULATOR,male,Crohn's Disease,,2
2,Event,,IMMUNOMODULATOR,male,,Mild,2
2,Event,,IMMUNOMODULATOR,,Crohn's Disease,Moderate,2
2,Event,,IMMUNOMODULATOR,,,Moderate,2
2,Event,,,female,IBD-Unclassified,Moderate,2
2,Event,,,female,Ulcerative Colitis,Mild,2
2,Event,,,male,Crohn's Disease,Mild,2
2,Event,,,male,IBD-Unclassified,Mild,2
2,Event,,,male,IBD-Unclassified,,2
2,Event,,,male,Ulcerative Colitis,Moderate,2
2,Event,,,male,Ulcerative Colitis,,2
2,Event,,,,Crohn's Disease,Mild,2
2,Event,,,,IBD-Unclassified,Moderate,2
2,Event,,,,Ulcerative Colitis,Mild,2
2,,1,AMINOSALICYLATE,female,Ulcerative Colitis,,2
2,,1,AMINOSALICYLATE,female,,,2
2,,1,AMINOSALICYLATE,,Ulcerative Colitis,,2
2,,1,AMINOSALICYLATE,,,,2
2,,1,,female,Ulcerative Colitis,,2
2,,1,,female,,Moderate,2
2,,1,,,Ulcerative Colitis,,2
2,,1,,,,Moderate,2
2,,2,CORTICOSTEROID,female,,Mild,2
2,,2,CORTICOSTEROID,female,,,2
2,,2,CORTICOSTEROID,,,Mild,2
2,,2,CORTICOSTEROID,,,,2
2,,2,IMMUNOMODULATOR,female,,,2
2,,2,IMMUNOMODULATOR,,,,2
2,,2,,female,Ulcerative Colitis,Mild,2
2,,2,,female,,Moderate,2
2,,2,,,Ulcerative Colitis,Mild,2
2,,2,,,,Moderate,2
2,,3,AMINOSALICYLATE,,Crohn's Disease,Mild,2
2,,3,AMINOSALICYLATE,,Crohn's Disease,,2
2,,3,AMINOSALICYLATE,,,Mild,2
2,,3,AMINOSALICYLATE,,,,2
2,,3,ANTI_TNF,,IBD-Unclassified,,2
2,,3,ANTI_TNF,,,,2
2,,3,,female,,,2
2,,3,,,Crohn's Disease,Mild,2
2,,3,,,Crohn's Disease,,2
2,,3,,,IBD-Unclassified,,2
2,,3,,,,Mild,2
2,,3,,,,Moderate,2
2,,4,CORTICOSTEROID,female,,,2
2,,4,CORTICOSTEROID,,IBD-Unclassified,Mild,2
2,,4,CORTICOSTEROID,,IBD-Unclassified,,2
2,,4,CORTICOSTEROID,,,Mild,2
2,,4,,female,,,2
2,,4,,male,,Mild,2
2,,4,,,IBD-Unclassified,Mild,2
2,,4,,,,Moderate,2
2,,5,AMINOSALICYLATE,female,IBD-Unclassified,,2
2,,5,AMINOSALICYLATE,female,,,2
2,,5,AMINOSALICYLATE,,IBD-Unclassified,,2
2,,5,AMINOSALICYLATE,,,,2
2,,5,IMMUNOMODULATOR,male,,Moderate,2
2,,5,IMMUNOMODULATOR,,,Moderate,2
2,,5,,female,IBD-Unclassified,,2
2,,5,,female,,Moderate,2
2,,5,,male,,Moderate,2
2,,5,,,Crohn's Disease,Moderate,2
2,,5,,,Crohn's Disease,,2
2,,5,,,IBD-Unclassified,Mild,2
2,,5,,,,Mild,2
2,,,AMINOSALICYLATE,female,IBD-Unclassified,,2
2,,,AMINOSALICYLATE,female,Ulcerative Colitis,Moderate,2
2,,,AMINOSALICYLATE,male,,,2
2,,,AMINOSALICYLATE,,Crohn's Disease,Mild,2
2,,,AMINOSALICYLATE,,Crohn's Disease,,2
2,,,AMINOSALICYLATE,,IBD-Unclassified,Moderate,2
2,,,AMINOSALICYLATE,,Ulcerative Colitis,Moderate,2
2,,,ANTI_TNF,female,,Moderate,2
2,,,ANTI_TNF,female,,,2
2,,,ANTI_TNF,male,IBD-Unclassified,Severe,2
2,,,ANTI_TNF,male,IBD-Unclassified,,2
2,,,ANTI_TNF,male,,Severe,2
2,,,ANTI_TNF,male,,,2
2,,,ANTI_TNF,,IBD-Unclassified,Severe,2
2,,,ANTI_TNF,,,Moderate,2
2,,,ANTI_TNF,,,Severe,2
2,,,CORTICOSTEROID,female,IBD-Unclassified,Mild,2
2,,,CORTICOSTEROID,female,IBD-Unclassified,,2
2,,,CORTICOSTEROID,female,Ulcerative Colitis,,2
2,,,CORTICOSTEROID,male,Ulcerative Colitis,Moderate,2
2,,,CORTICOSTEROID,male,Ulcerative Colitis,,2
2,,,CORTICOSTEROID,male,,Moderate,2
2,,,IMMUNOMODULATOR,female,,,2
2,,,IMMUNOMODULATOR,male,Crohn's Disease,,2
2,,,IMMUNOMODULATOR,male,,Mild,2
2,,,IMMUNOMODULATOR,male,,Moderate,2
2,,,IMMUNOMODULATOR,,Crohn's Disease,Moderate,2
2,,,IMMUNOMODULATOR,,Ulcerative Colitis,,2
2,,,,female,IBD-Unclassified,Moderate,2
2,,,,male,Crohn's Disease,Mild,2
2,,,,male,IBD-Unclassified,Mild,2
2,,,,male,IBD-Unclassified,Severe,2
2,,,,male,,Severe,2
2,,,,,IBD-Unclassified,Severe,2
2,,,,,,Severe,2
3,Censored,2,,female,IBD-Unclassified,,2
3,Censored,2,,female,,,2
3,Censored,2,,,IBD-Unclassified,,2
3,Censored,2,,,,,2
3,Censored,3,IMMUNOMODULATOR,,,Moderate,2
3,Censored,3,IMMUNOMODULATOR,,,,2
3,Censored,3,,female,,,2
3,Censored,3,,,IBD-Unclassified,,2
3,Censored,3,,,,Moderate,2
3,Censored,,AMINOSALICYLATE,female,,Mild,2
3,Censored,,AMINOSALICYLATE,female,,,2
3,Censored,,AMINOSALICYLATE,,,Mild,2
3,Censored,,AMINOSALICYLATE,,,,2
3,Censored,,ANTI_TNF,,IBD-Unclassified,Moderate,2
3,Censored,,ANTI_TNF,,IBD-Unclassified,,2
3,Censored,,ANTI_TNF,,,Moderate,2
3,Censored,,ANTI_TNF,,,,2
3,Censored,,CORTICOSTEROID,male,Crohn's Disease,Moderate,2
3,Censored,,CORTICOSTEROID,male,Crohn's Disease,,2
3,Censored,,CORTICOSTEROID,male,,Moderate,2
3,Censored,,CORTICOSTEROID,male,,,2
3,Censored,,CORTICOSTEROID,,Crohn's Disease,Moderate,2
3,Censored,,CORTICOSTEROID,,Crohn's Disease,,2
3,Censored,,CORTICOSTEROID,,,Moderate,2
3,Censored,,IMMUNOMODULATOR,,,Moderate,2
3,Censored,,IMMUNOMODULATOR,,,,2
3,Censored,,,female,IBD-Unclassified,Mild,2
3,Censored,,,female,Ulcerative Colitis,,2
3,Censored,,,female,,Moderate,2
3,Censored,,,male,Crohn's Disease,Moderate,2
3,Censored,,,male,Crohn's Disease,,2
3,Censored,,,male,IBD-Unclassified,Moderate,2
3,Censored,,,male,IBD-Unclassified,,2
3,Censored,,,,Crohn's Disease,Moderate,2
3,Censored,,,,Crohn's Disease,,2
3,Censored,,,,IBD-Unclassified,Mild,2
3,Censored,,,,Ulcerative Colitis,,2
3,Event,0,IMMUNOMODULATOR,,Crohn's Disease,Moderate,2
3,Event,0,IMMUNOMODULATOR,,Crohn's Disease,,2
3,Event,0,IMMUNOMODULATOR,,,Moderate,2
3,Event,0,IMMUNOMODULATOR,,,,2
3,Event,0,,,Crohn's Disease,Moderate,2
3,Event,0,,,Crohn's Disease,,2
3,Event,0,,,,Moderate,2
3,Event,0,,,,,2
3,Event,2,ANTI_TNF,male,IBD-Unclassified,,2
3,Event,2,ANTI_TNF,male,,,2
3,Event,2,ANTI_TNF,,IBD-Unclassified,,2
3,Event,2,ANTI_TNF,,,,2
3,Event,2,CORTICOSTEROID,male,,,2
3,Event,2,CORTICOSTEROID,,,,2
3,Event,2,,female,Crohn's Disease,Moderate,2
3,Event,2,,female,Crohn's Disease,,2
3,Event,2,,female,,Moderate,2
3,Event,2,,female,,,2
3,Event,2,,male,Crohn's Disease,,2
3,Event,2,,male,IBD-Unclassified,Mild,2
3,Event,2,,male,,Mild,2
3,Event,2,,male,,Moderate,2
3,Event,2,,,IBD-Unclassified,Mild,2
3,Event,2,,,,Mild,2
3,Event,4,ANTI_TNF,,,,2
3,Event,4,,,,,2
3,Event,5,,female,Crohn's Disease,,2
3,Event,5,,female,,,2
3,Event,5,,male,,Mild,2
3,Event,5,,male,,,2
3,Event,5,,,,Mild,2
3,Event,,AMINOSALICYLATE,,Crohn's Disease,Moderate,2
3,Event,,AMINOSALICYLATE,,Crohn's Disease,,2
3,Event,,AMINOSALICYLATE,,,Moderate,2
3,Event,,AMINOSALICYLATE,,,,2
3,Event,,ANTI_INTERLEUKIN,female,,Moderate,2
3,Event,,ANTI_INTERLEUKIN,female,,,2
3,Event,,ANTI_INTERLEUKIN,,,Moderate,2
3,Event,,ANTI_INTERLEUKIN,,,,2
3,Event,,ANTI_TNF,male,IBD-Unclassified,Mild,2
3,Event,,ANTI_TNF,male,,Mild,2
3,Event,,ANTI_TNF,,IBD-Unclassified,Mild,2
3,Event,,ANTI_TNF,,,Mild,2
3,Event,,ANTI_TNF,,,Moderate,2
3,Event,,CORTICOSTEROID,male,,Mild,2
3,Event,,CORTICOSTEROID,,,Mild,2
3,Event,,IMMUNOMODULATOR,female,Crohn's Disease,Moderate,2
3,Event,,IMMUNOMODULATOR,female,Crohn's Disease,,2
3,Event,,IMMUNOMODULATOR,female,,Moderate,2
3,Event,,IMMUNOMODULATOR,female,,,2
3,Event,,IMMUNOMODULATOR,male,Crohn's Disease,,2
3,Event,,IMMUNOMODULATOR,male,,,2
3,Event,,,male,Crohn's Disease,Moderate,2
3,Event,,,,Crohn's Disease,Severe,2
3,Event,,,,IBD-Unclassified,Moderate,2
3,Event,,,,Ulcerative Colitis,,2
3,Event,,,,,Severe,2
3,,0,IMMUNOMODULATOR,,Crohn's Disease,Moderate,2
3,,0,IMMUNOMODULATOR,,Crohn's Disease,,2
3,,0,IMMUNOMODULATOR,,,Moderate,2
3,,0,IMMUNOMODULATOR,,,,2
3,,0,,female,,,2
3,,0,,,Crohn's Disease,Moderate,2
3,,0,,,Crohn's Disease,,2
3,,0,,,,Moderate,2
3,,1,,,,Moderate,2
3,,1,,,,,2
3,,2,ANTI_TNF,male,IBD-Unclassified,,2
3,,2,ANTI_TNF,male,,,2
3,,2,ANTI_TNF,,IBD-Unclassified,Moderate,2
3,,2,ANTI_TNF,,,Moderate,2
3,,2,CORTICOSTEROID,male,,,2
3,,2,CORTICOSTEROID,,IBD-Unclassified,Mild,2
3,,2,CORTICOSTEROID,,IBD-Unclassified,,2
3,,2,CORTICOSTEROID,,,Mild,2
3,,2,,female,Crohn's Disease,Moderate,2
3,,2,,female,Crohn's Disease,,2
3,,2,,female,IBD-Unclassified,,2
3,,2,,male,Crohn's Disease,,2
3,,2,,male,IBD-Unclassified,Mild,2
3,,2,,male,,Mild,2
3,,2,,male,,Moderate,2
3,,2,,,IBD-Unclassified,Moderate,2
3,,3,IMMUNOMODULATOR,,,Moderate,2
3,,3,IMMUNOMODULATOR,,,,2
3,,3,,female,IBD-Unclassified,,2
3,,3,,female,,Moderate,2
3,,3,,,IBD-Unclassified,Moderate,2
3,,4,ANTI_TNF,,,,2
3,,4,,male,,,2
3,,4,,,,Moderate,2
3,,5,CORTICOSTEROID,male,,,2
3,,5,CORTICOSTEROID,,,,2
3,,5,,female,Crohn's Disease,,2
3,,5,,female,,,2
3,,5,,male,Crohn's Disease,,2
3,,5,,male,,Mild,2
3,,5,,,Crohn's Disease,Moderate,2
3,,5,,,,Mild,2
3,,5,,,,Moderate,2
3,,,AMINOSALICYLATE,female,,Mild,2
3,,,AMINOSALICYLATE,,Crohn's Disease,Moderate,2
3,,,AMINOSALICYLATE,,Crohn's Disease,,2
3,,,AMINOSALICYLATE,,,Mild,2
3,,,AMINOSALICYLATE,,,Moderate,2
3,,,ANTI_INTERLEUKIN,female,,Moderate,2
3,,,ANTI_INTERLEUKIN,female,,,2
3,,,ANTI_INTERLEUKIN,,,Moderate,2
3,,,ANTI_INTERLEUKIN,,,,2
3,,,ANTI_TNF,female,,Moderate,2
3,,,ANTI_TNF,female,,,2
3,,,ANTI_TNF,male,IBD-Unclassified,Mild,2
3,,,ANTI_TNF,male,IBD-Unclassified,Moderate,2
3,,,ANTI_TNF,male,,Mild,2
3,,,ANTI_TNF,male,,Moderate,2
3,,,ANTI_TNF,,IBD-Unclassified,Mild,2
3,,,ANTI_TNF,,,Mild,2
3,,,CORTICOSTEROID,male,Crohn's Disease,Moderate,2
3,,,CORTICOSTEROID,male,,Mild,2
3,,,CORTICOSTEROID,male,,Moderate,2
3,,,CORTICOSTEROID,,Crohn's Disease,Moderate,2
3,,,CORTICOSTEROID,,IBD-Unclassified,Mild,2
3,,,CORTICOSTEROID,,IBD-Unclassified,,2
3,,,CORTICOSTEROID,,,Moderate,2
3,,,IMMUNOMODULATOR,female,Crohn's Disease,Moderate,2
3,,,IMMUNOMODULATOR,female,Crohn's Disease,,2
3,,,IMMUNOMODULATOR,male,Crohn's Disease,,2
3,,,IMMUNOMODULATOR,male,,Moderate,2
3,,,,female,IBD-Unclassified,Mild,2
3,,,,female,IBD-Unclassified,Moderate,2
3,,,,female,Ulcerative Colitis,Moderate,2
3,,,,,Crohn's Disease,Severe,2
3,,,,,Ulcerative Colitis,Mild,2
3,,,,,Ulcerative Colitis,Moderate,2
3,,,,,,Severe,2
4,Censored,3,IMMUNOMODULATOR,,,,2
4,Censored,3,,male,Crohn's Disease,Mild,2
4,Censored,3,,male,IBD-Unclassified,,2
4,Censored,3,,male,,Moderate,2
4,Censored,3,,,Crohn's Disease,Mild,2
4,Censored,3,,,Crohn's Disease,Moderate,2
4,Censored,3,,,IBD-Unclassified,,2
4,Censored,,AMINOSALICYLATE,male,,Mild,2
4,Censored,,AMINOSALICYLATE,male,,,2
4,Censored,,AMINOSALICYLATE,,,Mild,2
4,Censored,,AMINOSALICYLATE,,,,2
4,Censored,,CORTICOSTEROID,,,Moderate,2
4,Censored,,CORTICOSTEROID,,,,2
4,Censored,,IMMUNOMODULATOR,,,,2
4,Censored,,,female,,Moderate,2
4,Censored,,,female,,,2
4,Censored,,,male,Crohn's Disease,Mild,2
4,Censored,,,male,IBD-Unclassified,Mild,2
4,Censored,,,male,,Moderate,2
4,Censored,,,,Crohn's Disease,Mild,2
4,Censored,,,,Crohn's Disease,Moderate,2
4,Censored,,,,IBD-Unclassified,Mild,2
4,Censored,,,,IBD-Unclassified,Moderate,2
4,Event,3,CORTICOSTEROID,,,Mild,2
4,Event,3,CORTICOSTEROID,,,,2
4,Event,3,,,,Mild,2
4,Event,3,,,,,2
4,Event,,AMINOSALICYLATE,,,,2
4,Event,,CORTICOSTEROID,,,Mild,2
4,Event,,CORTICOSTEROID,,,,2
4,Event,,,female,,Mild,2
4,Event,,,female,,,2
4,Event,,,male,IBD-Unclassified,,2
4,Event,,,male,,Moderate,2
4,Event,,,,Crohn's Disease,,2
4,Event,,,,IBD-Unclassified,Mild,2
4,Event,,,,,Moderate,2
4,,3,CORTICOSTEROID,male,,,2
4,,3,CORTICOSTEROID,,Crohn's Disease,,2
4,,3,CORTICOSTEROID,,,Mild,2
4,,3,IMMUNOMODULATOR,,,,2
4,,3,,female,Crohn's Disease,,2
4,,3,,female,,,2
4,,3,,male,Crohn's Disease,Mild,2
4,,3,,male,IBD-Unclassified,Mild,2
4,,3,,male,,Moderate,2
4,,3,,,Crohn's Disease,Moderate,2
4,,3,,,IBD-Unclassified,Mild,2
4,,4,AMINOSALICYLATE,,IBD-Unclassified,Mild,2
4,,4,AMINOSALICYLATE,,IBD-Unclassified,,2
4,,4,AMINOSALICYLATE,,,Mild,2
4,,4,AMINOSALICYLATE,,,,2
4,,4,,,IBD-Unclassified,Mild,2
4,,4,,,IBD-Unclassified,,2
4,,4,,,,Mild,2
4,,4,,,,,2
4,,,AMINOSALICYLATE,male,Crohn's Disease,,2
4,,,AMINOSALICYLATE,male,,Mild,2
4,,,AMINOSALICYLATE,,Crohn's Disease,,2
4,,,AMINOSALICYLATE,,IBD-Unclassified,Mild,2
4,,,AMINOSALICYLATE,,IBD-Unclassified,,2
4,,,CORTICOSTEROID,female,,,2
4,,,CORTICOSTEROID,male,,,2
4,,,CORTICOSTEROID,,Crohn's Disease,,2
4,,,CORTICOSTEROID,,IBD-Unclassified,,2
4,,,CORTICOSTEROID,,,Mild,2
4,,,CORTICOSTEROID,,,Moderate,2
4,,,IMMUNOMODULATOR,male,IBD-Unclassified,,2
4,,,IMMUNOMODULATOR,male,,,2
4,,,IMMUNOMODULATOR,,IBD-Unclassified,,2
4,,,IMMUNOMODULATOR,,,Moderate,2
4,,,,female,Crohn's Disease,,2
4,,,,female,IBD-Unclassified,,2
4,,,,female,,Mild,2
4,,,,female,,Moderate,2
4,,,,male,Crohn's Disease,Mild,2
4,,,,male,Crohn's Disease,Moderate,2
4,,,,male,IBD-Unclassified,Moderate,2
>=5,Censored,1,,,,,2
>=5,Censored,3,,,Ulcerative Colitis,,2
>=5,Censored,3,,,,Severe,2
>=5,Censored,4,,,,Mild,2
>=5,Censored,4,,,,,2
>=5,Censored,5,AMINOSALICYLATE,,,,2
>=5,Censored,5,,male,,,2
>=5,Censored,5,,,,Moderate,2
>=5,Censored,,AMINOSALICYLATE,female,Crohn's Disease,Moderate,2
>=5,Censored,,AMINOSALICYLATE,female,,Moderate,2
>=5,Censored,,AMINOSALICYLATE,male,,,2
>=5,Censored,,AMINOSALICYLATE,,Crohn's Disease,Moderate,2
>=5,Censored,,AMINOSALICYLATE,,,Mild,2
>=5,Censored,,ANTI_TNF,male,Crohn's Disease,,2
>=5,Censored,,ANTI_TNF,male,,,2
>=5,Censored,,ANTI_TNF,,Crohn's Disease,,2
>=5,Censored,,ANTI_TNF,,,,2
>=5,Censored,,CORTICOSTEROID,,Ulcerative Colitis,Mild,2
>=5,Censored,,CORTICOSTEROID,,Ulcerative Colitis,,2
>=5,Censored,,CORTICOSTEROID,,,Mild,2
>=5,Censored,,CORTICOSTEROID,,,,2
>=5,Censored,,IMMUNOMODULATOR,male,,,2
>=5,Censored,,IMMUNOMODULATOR,,,,2
>=5,Censored,,,female,Crohn's Disease,Moderate,2
>=5,Censored,,,female,Ulcerative Colitis,,2
>=5,Censored,,,female,,Mild,2
>=5,Censored,,,female,,Moderate,2
>=5,Censored,,,male,Crohn's Disease,,2
>=5,Censored,,,male,IBD-Unclassified,Moderate,2
>=5,Censored,,,male,IBD-Unclassified,,2
>=5,Censored,,,,IBD-Unclassified,Moderate,2
>=5,Censored,,,,IBD-Unclassified,,2
>=5,Censored,,,,,Severe,2
>=5,Event,3,,male,Ulcerative Colitis,Moderate,2
>=5,Event,3,,male,Ulcerative Colitis,,2
>=5,Event,3,,male,,Moderate,2
>=5,Event,3,,male,,,2
>=5,Event,3,,,Ulcerative Colitis,Moderate,2
>=5,Event,3,,,Ulcerative Colitis,,2
>=5,Event,3,,,,Moderate,2
>=5,Event,3,,,,,2
>=5,Event,5,,female,,Mild,2
>=5,Event,5,,female,,,2
>=5,Event,5,,,Ulcerative Colitis,Mild,2
>=5,Event,5,,,Ulcerative Colitis,,2
>=5,Event,,AMINOSALICYLATE,,Ulcerative Colitis,,2
>=5,Event,,AMINOSALICYLATE,,,,2
>=5,Event,,CORTICOSTEROID,,Ulcerative Colitis,Moderate,2
>=5,Event,,CORTICOSTEROID,,Ulcerative Colitis,,2
>=5,Event,,CORTICOSTEROID,,,Moderate,2
>=5,Event,,CORTICOSTEROID,,,,2
>=5,Event,,IMMUNOMODULATOR,male,Ulcerative Colitis,Mild,2
>=5,Event,,IMMUNOMODULATOR,male,Ulcerative Colitis,,2
>=5,Event,,IMMUNOMODULATOR,male,,Mild,2
>=5,Event,,IMMUNOMODULATOR,male,,,2
>=5,Event,,IMMUNOMODULATOR,,Ulcerative Colitis,Mild,2
>=5,Event,,IMMUNOMODULATOR,,Ulcerative Colitis,,2
>=5,Event,,IMMUNOMODULATOR,,,Mild,2
>=5,Event,,IMMUNOMODULATOR,,,,2
>=5,Event,,,female,Ulcerative Colitis,,2
>=5,Event,,,female,,Mild,2
>=5,Event,,,male,Ulcerative Colitis,Mild,2
>=5,Event,,,male,Ulcerative Colitis,Moderate,2
>=5,Event,,,male,,Mild,2
>=5,Event,,,male,,Moderate,2
>=5,,1,,male,,,2
>=5,,1,,,Ulcerative Colitis,Mild,2
>=5,,1,,,Ulcerative Colitis,,2
>=5,,1,,,,Mild,2
>=5,,2,,female,,Moderate,2
>=5,,2,,female,,,2
>=5,,2,,,,Moderate,2
>=5,,2,,,,,2
>=5,,3,AMINOSALICYLATE,male,,Moderate,2
>=5,,3,AMINOSALICYLATE,male,,,2
>=5,,3,AMINOSALICYLATE,,,Moderate,2
>=5,,3,AMINOSALICYLATE,,,,2
>=5,,3,CORTICOSTEROID,male,Ulcerative Colitis,,2
>=5,,3,CORTICOSTEROID,male,,,2
>=5,,3,CORTICOSTEROID,,Ulcerative Colitis,,2
>=5,,3,CORTICOSTEROID,,,,2
>=5,,3,,male,Ulcerative Colitis,Moderate,2
>=5,,3,,,Ulcerative Colitis,Moderate,2
>=5,,3,,,,Severe,2
>=5,,4,,,,Mild,2
>=5,,4,,,,,2
>=5,,5,AMINOSALICYLATE,female,,,2
>=5,,5,AMINOSALICYLATE,,Ulcerative Colitis,Mild,2
>=5,,5,AMINOSALICYLATE,,Ulcerative Colitis,,2
>=5,,5,AMINOSALICYLATE,,,Mild,2
>=5,,5,IMMUNOMODULATOR,male,,,2
>=5,,5,IMMUNOMODULATOR,,,,2
>=5,,5,,female,Crohn's Disease,,2
>=5,,5,,female,,Mild,2
>=5,,5,,male,Ulcerative Colitis,Mild,2
>=5,,5,,male,Ulcerative Colitis,,2
>=5,,5,,male,,Mild,2
>=5,,5,,,Crohn's Disease,,2
>=5,,5,,,,Moderate,2
>=5,,,AMINOSALICYLATE,female,Crohn's Disease,Moderate,2
>=5,,,AMINOSALICYLATE,female,,Mild,2
>=5,,,AMINOSALICYLATE,female,,Moderate,2
>=5,,,AMINOSALICYLATE,male,Ulcerative Colitis,,2
>=5,,,AMINOSALICYLATE,male,,Moderate,2
>=5,,,AMINOSALICYLATE,,Crohn's Disease,Moderate,2
>=5,,,AMINOSALICYLATE,,Ulcerative Colitis,Mild,2
>=5,,,ANTI_TNF,male,Crohn's Disease,,2
>=5,,,ANTI_TNF,male,,,2
>=5,,,CORTICOSTEROID,female,Ulcerative Colitis,,2
>=5,,,CORTICOSTEROID,female,,,2
>=5,,,CORTICOSTEROID,male,Ulcerative Colitis,,2
>=5,,,CORTICOSTEROID,male,,,2
>=5,,,CORTICOSTEROID,,Ulcerative Colitis,Mild,2
>=5,,,CORTICOSTEROID,,Ulcerative Colitis,Moderate,2
>=5,,,CORTICOSTEROID,,,Mild,2
>=5,,,CORTICOSTEROID,,,Moderate,2
>=5,,,,female,Crohn's Disease,Mild,2
>=5,,,,female,Crohn's Disease,Moderate,2
>=5,,,,female,Ulcerative Colitis,Mild,2
>=5,,,,male,Crohn's Disease,,2
>=5,,,,male,IBD-Unclassified,Moderate,2
>=5,,,,male,IBD-Unclassified,,2
>=5,,,,male,Ulcerative Colitis,Moderate,2
>=5,,,,,Crohn's Disease,Mild,2
>=5,,,,,IBD-Unclassified,Moderate,2
>=5,,,,,IBD-Unclassified,,2
>=5,,,,,,Severe,2
,Censored,0,CORTICOSTEROID,female,,,2
,Censored,0,CORTICOSTEROID,,,,2
,Censored,1,ANTI_TNF,male,,Moderate,2
,Censored,1,ANTI_TNF,male,,,2
,Censored,1,ANTI_TNF,,,Moderate,2
,Censored,1,ANTI_TNF,,,,2
,Censored,1,,male,Crohn's Disease,,2
,Censored,1,,male,,Moderate,2
,Censored,1,,,Crohn's Disease,,2
,Censored,1,,,,Moderate,2
,Censored,2,CORTICOSTEROID,female,IBD-Unclassified,Mild,2
,Censored,2,CORTICOSTEROID,female,IBD-Unclassified,,2
,Censored,2,CORTICOSTEROID,,IBD-Unclassified,Mild,2
,Censored,2,CORTICOSTEROID,,IBD-Unclassified,,2
,Censored,2,,female,Crohn's Disease,Moderate,2
,Censored,2,,female,IBD-Unclassified,Mild,2
,Censored,2,,,Crohn's Disease,Moderate,2
,Censored,2,,,IBD-Unclassified,Mild,2
,Censored,3,AMINOSALICYLATE,female,Crohn's Disease,Mild,2
,Censored,3,AMINOSALICYLATE,female,Crohn's Disease,,2
,Censored,3,AMINOSALICYLATE,female,IBD-Unclassified,Mild,2
,Censored,3,AMINOSALICYLATE,female,IBD-Unclassified,,2
,Censored,3,AMINOSALICYLATE,male,,,2
,Censored,3,AMINOSALICYLATE,,IBD-Unclassified,Mild,2
,Censored,3,ANTI_TNF,male,IBD-Unclassified,,2
,Censored,3,ANTI_TNF,male,,Severe,2
,Censored,3,ANTI_TNF,,IBD-Unclassified,,2
,Censored,3,ANTI_TNF,,,Severe,2
,Censored,3,CORTICOSTEROID,male,,,2
,Censored,3,CORTICOSTEROID,,,,2
,Censored,3,IMMUNOMODULATOR,female,Crohn's Disease,,2
,Censored,3,IMMUNOMODULATOR,female,,Moderate,2
,Censored,3,IMMUNOMODULATOR,male,IBD-Unclassified,,2
,Censored,3,IMMUNOMODULATOR,male,,,2
,Censored,3,IMMUNOMODULATOR,,Crohn's Disease,,2
,Censored,3,IMMUNOMODULATOR,,IBD-Unclassified,,2
,Censored,3,,female,Crohn's Disease,Mild,2
,Censored,3,,female,IBD-Unclassified,Mild,2
,Censored,3,,female,IBD-Unclassified,,2
,Censored,3,,female,Ulcerative Colitis,,2
,Censored,3,,female,,Moderate,2
,Censored,3,,female,,Severe,2
,Censored,3,,male,Crohn's Disease,Mild,2
,Censored,3,,male,,Severe,2
,Censored,3,,,Crohn's Disease,Moderate,2
,Censored,3,,,Crohn's Disease,Severe,2
,Censored,4,AMINOSALICYLATE,male,IBD-Unclassified,,2
,Censored,4,AMINOSALICYLATE,male,,,2
,Censored,4,AMINOSALICYLATE,,IBD-Unclassified,,2
,Censored,4,AMINOSALICYLATE,,,Mild,2
,Censored,4,ANTI_TNF,male,,Severe,2
,Censored,4,ANTI_TNF,male,,,2
,Censored,4,ANTI_TNF,,Crohn's Disease,,2
,Censored,4,ANTI_TNF,,,Severe,2
,Censored,4,CORTICOSTEROID,,,,2
,Censored,4,IMMUNOMODULATOR,,,Mild,2
,Censored,4,IMMUNOMODULATOR,,,,2
,Censored,4,,female,Crohn's Disease,,2
,Censored,4,,female,IBD-Unclassified,Mild,2
,Censored,4,,male,Crohn's Disease,,2
,Censored,4,,male,,Mild,2
,Censored,4,,male,,Moderate,2
,Censored,4,,male,,Severe,2
,Censored,4,,,Crohn's Disease,Moderate,2
,Censored,4,,,IBD-Unclassified,Severe,2
,Censored,5,AMINOSALICYLATE,female,Crohn's Disease,,2
,Censored,5,AMINOSALICYLATE,female,,,2
,Censored,5,AMINOSALICYLATE,male,Ulcerative Colitis,Mild,2
,Censored,5,AMINOSALICYLATE,male,Ulcerative Colitis,,2
,Censored,5,AMINOSALICYLATE,male,,Mild,2
,Censored,5,AMINOSALICYLATE,male,,,2
,Censored,5,AMINOSALICYLATE,,Crohn's Disease,,2
,Censored,5,AMINOSALICYLATE,,Ulcerative Colitis,Mild,2
,Censored,5,AMINOSALICYLATE,,Ulcerative Colitis,,2
,Censored,5,CORTICOSTEROID,male,,Moderate,2
,Censored,5,CORTICOSTEROID,male,,,2
,Censored,5,CORTICOSTEROID,,Crohn's Disease,Moderate,2
,Censored,5,CORTICOSTEROID,,Crohn's Disease,,2
,Censored,5,IMMUNOMODULATOR,male,IBD-Unclassified,,2
,Censored,5,IMMUNOMODULATOR,male,,Moderate,2
,Censored,5,IMMUNOMODULATOR,,IBD-Unclassified,,2
,Censored,5,IMMUNOMODULATOR,,,Moderate,2
,Censored,5,,female,Crohn's Disease,Moderate,2
,Censored,5,,female,,Moderate,2
,Censored,5,,male,Crohn's Disease,,2
,Censored,5,,male,Ulcerative Colitis,Mild,2
,Censored,5,,,Ulcerative Colitis,Mild,2
,Censored,,AMINOSALICYLATE,female,Crohn's Disease,Moderate,2
,Censored,,AMINOSALICYLATE,female,IBD-Unclassified,Mild,2
,Censored,,AMINOSALICYLATE,female,IBD-Unclassified,,2
,Censored,,AMINOSALICYLATE,female,,Moderate,2
,Censored,,AMINOSALICYLATE,male,IBD-Unclassified,Moderate,2
,Censored,,AMINOSALICYLATE,male,Ulcerative Colitis,Mild,2
,Censored,,AMINOSALICYLATE,male,Ulcerative Colitis,,2
,Censored,,AMINOSALICYLATE,male,,Moderate,2
,Censored,,AMINOSALICYLATE,,Crohn's Disease,Moderate,2
,Censored,,AMINOSALICYLATE,,IBD-Unclassified,Moderate,2
,Censored,,ANTI_INTEGRIN,,,,2
,Censored,,ANTI_INTERLEUKIN,male,Crohn's Disease,,2
,Censored,,ANTI_INTERLEUKIN,male,,,2
,Censored,,ANTI_INTERLEUKIN,,Crohn's Disease,,2
,Censored,,ANTI_INTERLEUKIN,,,Severe,2
,Censored,,ANTI_TNF,female,,Moderate,2
,Censored,,ANTI_TNF,female,,,2
,Censored,,ANTI_TNF,male,Crohn's Disease,Severe,2
,Censored,,ANTI_TNF,male,IBD-Unclassified,Moderate,2
,Censored,,ANTI_TNF,male,IBD-Unclassified,Severe,2
,Censored,,ANTI_TNF,,Crohn's Disease,Moderate,2
,Censored,,ANTI_TNF,,Crohn's Disease,Severe,2
,Censored,,ANTI_TNF,,IBD-Unclassified,Severe,2
,Censored,,CORTICOSTEROID,female,Crohn's Disease,,2
,Censored,,CORTICOSTEROID,female,,Moderate,2
,Censored,,CORTICOSTEROID,,IBD-Unclassified,Moderate,2
,Censored,,IMMUNOMODULATOR,female,Crohn's Disease,Moderate,2
,Censored,,IMMUNOMODULATOR,female,Ulcerative Colitis,,2
,Censored,,IMMUNOMODULATOR,female,,Mild,2
,Censored,,IMMUNOMODULATOR,male,IBD-Unclassified,Mild,2
,Censored,,IMMUNOMODULATOR,male,IBD-Unclassified,Moderate,2
,Censored,,IMMUNOMODULATOR,male,Ulcerative Colitis,,2
,Censored,,IMMUNOMODULATOR,,Crohn's Disease,Moderate,2
,Censored,,IMMUNOMODULATOR,,IBD-Unclassified,Moderate,2
,Censored,,IMMUNOMODULATOR,,Ulcerative Colitis,Mild,2
,Censored,,IMMUNOMODULATOR,,Ulcerative Colitis,Moderate,2
,Censored,,,female,IBD-Unclassified,Moderate,2
,Censored,,,male,Crohn's Disease,Mild,2
,Censored,,,male,IBD-Unclassified,Severe,2
,Censored,,,,Ulcerative Colitis,Moderate,2
,Event,0,IMMUNOMODULATOR,female,,,2
,Event,0,IMMUNOMODULATOR,male,,,2
,Event,0,IMMUNOMODULATOR,,Crohn's Disease,Moderate,2
,Event,0,IMMUNOMODULATOR,,Crohn's Disease,,2
,Event,0,IMMUNOMODULATOR,,,Mild,2
,Event,0,IMMUNOMODULATOR,,,Moderate,2
,Event,0,,female,Ulcerative Colitis,Mild,2
,Event,0,,female,Ulcerative Colitis,,2
,Event,0,,female,,Mild,2
,Event,0,,male,Ulcerative Colitis,,2
,Event,0,,male,,Moderate,2
,Event,0,,,Crohn's Disease,Moderate,2
,Event,0,,,Crohn's Disease,,2
,Event,0,,,IBD-Unclassified,,2
,Event,0,,,Ulcerative Colitis,Mild,2
,Event,0,,,,Severe,2
,Event,1,AMINOSALICYLATE,female,Ulcerative Colitis,,2
,Event,1,AMINOSALICYLATE,female,,,2
,Event,1,AMINOSALICYLATE,male,Crohn's Disease,,2
,Event,1,AMINOSALICYLATE,male,,,2
,Event,1,AMINOSALICYLATE,,Crohn's Disease,,2
,Event,1,AMINOSALICYLATE,,Ulcerative Colitis,,2
,Event,1,AMINOSALICYLATE,,,Mild,2
,Event,1,AMINOSALICYLATE,,,Moderate,2
,Event,1,ANTI_INTEGRIN,,,,2
,Event,1,ANTI_TNF,female,Crohn's Disease,Moderate,2
,Event,1,ANTI_TNF,female,Crohn's Disease,,2
,Event,1,ANTI_TNF,female,,Moderate,2
,Event,1,ANTI_TNF,female,,,2
,Event,1,ANTI_TNF,,Crohn's Disease,Moderate,2
,Event,1,ANTI_TNF,,Crohn's Disease,,2
,Event,1,ANTI_TNF,,,Moderate,2
,Event,1,ANTI_TNF,,,,2
,Event,1,IMMUNOMODULATOR,,Ulcerative Colitis,,2
,Event,1,,female,Ulcerative Colitis,Moderate,2
,Event,1,,male,Crohn's Disease,,2
,Event,1,,male,Ulcerative Colitis,,2
,Event,1,,male,,Mild,2
,Event,1,,,IBD-Unclassified,Moderate,2
,Event,1,,,IBD-Unclassified,,2
,Event,1,,,Ulcerative Colitis,Mild,2
,Event,2,AMINOSALICYLATE,male,Crohn's Disease,,2
,Event,2,AMINOSALICYLATE,male,,Moderate,2
,Event,2,AMINOSALICYLATE,,Crohn's Disease,,2
,Event,2,AMINOSALICYLATE,,Ulcerative Colitis,Moderate,2
,Event,2,AMINOSALICYLATE,,Ulcerative Colitis,,2
,Event,2,ANTI_INTEGRIN,female,Crohn's Disease,,2
,Event,2,ANTI_INTEGRIN,female,,,2
,Event,2,ANTI_INTEGRIN,,Crohn's Disease,,2
,Event,2,ANTI_INTEGRIN,,,Severe,2
,Event,2,ANTI_TNF,male,IBD-Unclassified,,2
,Event,2,ANTI_TNF,male,Ulcerative Colitis,,2
,Event,2,ANTI_TNF,male,,Mild,2
,Event,2,ANTI_TNF,,IBD-Unclassified,,2
,Event,2,ANTI_TNF,,Ulcerative Colitis,,2
,Event,2,CORTICOSTEROID,female,Ulcerative Colitis,Moderate,2
,Event,2,CORTICOSTEROID,female,Ulcerative Colitis,,2
,Event,2,CORTICOSTEROID,female,,Moderate,2
,Event,2,CORTICOSTEROID,female,,,2
,Event,2,CORTICOSTEROID,male,,,2
,Event,2,CORTICOSTEROID,,Ulcerative Colitis,Moderate,2
,Event,2,CORTICOSTEROID,,Ulcerative Colitis,,2
,Event,2,CORTICOSTEROID,,,Moderate,2
,Event,2,IMMUNOMODULATOR,female,,,2
,Event,2,IMMUNOMODULATOR,,,Moderate,2
,Event,2,,female,,Mild,2
,Event,2,,male,Crohn's Disease,Severe,2
,Event,2,,male,IBD-Unclassified,Mild,2
,Event,2,,male,IBD-Unclassified,Moderate,2
,Event,2,,male,Ulcerative Colitis,Severe,2
,Event,2,,,IBD-Unclassified,Mild,2
,Event,2,,,IBD-Unclassified,Moderate,2
,Event,2,,,Ulcerative Colitis,Mild,2
,Event,2,,,Ulcerative Colitis,Severe,2
,Event,3,AMINOSALICYLATE,female,IBD-Unclassified,Moderate,2
,Event,3,AMINOSALICYLATE,female,IBD-Unclassified,,2
,Event,3,AMINOSALICYLATE,female,,Moderate,2
,Event,3,AMINOSALICYLATE,female,,,2
,Event,3,AMINOSALICYLATE,male,,,2
,Event,3,AMINOSALICYLATE,,IBD-Unclassified,Moderate,2
,Event,3,AMINOSALICYLATE,,IBD-Unclassified,,2
,Event,3,ANTI_INTERLEUKIN,,,,2
,Event,3,ANTI_TNF,female,IBD-Unclassified,Moderate,2
,Event,3,ANTI_TNF,female,IBD-Unclassified,,2
,Event,3,ANTI_TNF,,IBD-Unclassified,Moderate,2
,Event,3,ANTI_TNF,,IBD-Unclassified,,2
,Event,3,ANTI_TNF,,Ulcerative Colitis,Moderate,2
,Event,3,ANTI_TNF,,Ulcerative Colitis,,2
,Event,3,CORTICOSTEROID,male,IBD-Unclassified,,2
,Event,3,CORTICOSTEROID,male,Ulcerative Colitis,Moderate,2
,Event,3,CORTICOSTEROID,male,Ulcerative Colitis,,2
,Event,3,CORTICOSTEROID,,IBD-Unclassified,,2
,Event,3,CORTICOSTEROID,,Ulcerative Colitis,Moderate,2
,Event,3,CORTICOSTEROID,,Ulcerative Colitis,,2
,Event,3,CORTICOSTEROID,,,Mild,2
,Event,3,IMMUNOMODULATOR,male,,,2
,Event,3,IMMUNOMODULATOR,,,,2
,Event,3,,male,IBD-Unclassified,Moderate,2
,Event,3,,,Crohn's Disease,Mild,2
,Event,3,,,Crohn's Disease,,2
,Event,4,AMINOSALICYLATE,female,,Mild,2
,Event,4,AMINOSALICYLATE,female,,,2
,Event,4,AMINOSALICYLATE,,,Mild,2
,Event,4,AMINOSALICYLATE,,,,2
,Event,4,ANTI_TNF,female,,Moderate,2
,Event,4,ANTI_TNF,female,,,2
,Event,4,ANTI_TNF,male,,,2
,Event,4,ANTI_TNF,,Ulcerative Colitis,,2
,Event,4,ANTI_TNF,,,Moderate,2
,Event,4,CORTICOSTEROID,female,,,2
,Event,4,CORTICOSTEROID,male,,Moderate,2
,Event,4,CORTICOSTEROID,,IBD-Unclassified,Mild,2
,Event,4,CORTICOSTEROID,,IBD-Unclassified,,2
,Event,4,CORTICOSTEROID,,Ulcerative Colitis,Moderate,2
,Event,4,CORTICOSTEROID,,Ulcerative Colitis,,2
,Event,4,CORTICOSTEROID,,,Mild,2
,Event,4,,female,IBD-Unclassified,Mild,2
,Event,4,,female,IBD-Unclassified,,2
,Event,4,,female,Ulcerative Colitis,Mild,2
,Event,4,,female,Ulcerative Colitis,Moderate,2
,Event,4,,male,Crohn's Disease,,2
,Event,4,,male,IBD-Unclassified,Mild,2
,Event,4,,male,IBD-Unclassified,,2
,Event,4,,male,Ulcerative Colitis,,2
,Event,4,,male,,Moderate,2
,Event,4,,,Crohn's Disease,Moderate,2
,Event,4,,,Ulcerative Colitis,Mild,2
,Event,5,AMINOSALICYLATE,female,IBD-Unclassified,,2
,Event,5,AMINOSALICYLATE,female,,Mild,2
,Event,5,AMINOSALICYLATE,female,,Moderate,2
,Event,5,AMINOSALICYLATE,,IBD-Unclassified,,2
,Event,5,AMINOSALICYLATE,,,Mild,2
,Event,5,AMINOSALICYLATE,,,Moderate,2
,Event,5,ANTI_TNF,,,,2
,Event,5,CORTICOSTEROID,male,Ulcerative Colitis,Mild,2
,Event,5,CORTICOSTEROID,male,Ulcerative Colitis,,2
,Event,5,CORTICOSTEROID,male,,Mild,2
,Event,5,CORTICOSTEROID,,Crohn's Disease,Moderate,2
,Event,5,CORTICOSTEROID,,Crohn's Disease,,2
,Event,5,CORTICOSTEROID,,Ulcerative Colitis,Mild,2
,Event,5,CORTICOSTEROID,,Ulcerative Colitis,,2
,Event,5,CORTICOSTEROID,,,Mild,2
,Event,5,CORTICOSTEROID,,,Moderate,2
,Event,5,IMMUNOMODULATOR,male,Crohn's Disease,,2
,Event,5,IMMUNOMODULATOR,male,IBD-Unclassified,Mild,2
,Event,5,IMMUNOMODULATOR,male,IBD-Unclassified,,2
,Event,5,IMMUNOMODULATOR,,Crohn's Disease,Moderate,2
,Event,5,IMMUNOMODULATOR,,IBD-Unclassified,Mild,2
,Event,5,IMMUNOMODULATOR,,Ulcerative Colitis,,2
,Event,5,JAK_INHIBITOR,female,Crohn's Disease,Moderate,2
,Event,5,JAK_INHIBITOR,female,,Moderate,2
,Event,5,JAK_INHIBITOR,,Crohn's Disease,Moderate,2
,Event,5,JAK_INHIBITOR,,,Moderate,2
,Event,5,,female,IBD-Unclassified,Moderate,2
,Event,5,,female,Ulcerative Colitis,,2
,Event,5,,male,Crohn's Disease,Moderate,2
,Event,5,,male,IBD-Unclassified,Mild,2
,Event,5,,male,,Moderate,2
,Event,5,,,Crohn's Disease,Mild,2
,Event,5,,,IBD-Unclassified,Moderate,2
,Event,5,,,,Severe,2
,Event,,AMINOSALICYLATE,female,IBD-Unclassified,Mild,2
,Event,,AMINOSALICYLATE,female,Ulcerative Colitis,Moderate,2
,Event,,AMINOSALICYLATE,male,Crohn's Disease,Mild,2
,Event,,AMINOSALICYLATE,male,Crohn's Disease,Moderate,2
,Event,,AMINOSALICYLATE,male,Ulcerative Colitis,Moderate,2
,Event,,AMINOSALICYLATE,male,Ulcerative Colitis,,2
,Event,,AMINOSALICYLATE,male,,Mild,2
,Event,,AMINOSALICYLATE,,Crohn's Disease,Mild,2
,Event,,AMINOSALICYLATE,,IBD-Unclassified,Mild,2
,Event,,ANTI_INTEGRIN,female,Crohn's Disease,Severe,2
,Event,,ANTI_INTEGRIN,female,,Severe,2
,Event,,ANTI_INTEGRIN,male,,,2
,Event,,ANTI_INTEGRIN,,Crohn's Disease,Severe,2
,Event,,ANTI_INTEGRIN,,,Moderate,2
,Event,,ANTI_INTERLEUKIN,female,IBD-Unclassified,,2
,Event,,ANTI_INTERLEUKIN,female,,Moderate,2
,Event,,ANTI_INTERLEUKIN,,IBD-Unclassified,,2
,Event,,ANTI_INTERLEUKIN,,Ulcerative Colitis,,2
,Event,,ANTI_INTERLEUKIN,,,Moderate,2
,Event,,ANTI_INTERLEUKIN,,,Severe,2
,Event,,ANTI_TNF,female,Crohn's Disease,Mild,2
,Event,,ANTI_TNF,female,IBD-Unclassified,Moderate,2
,Event,,ANTI_TNF,female,IBD-Unclassified,,2
,Event,,ANTI_TNF,female,Ulcerative Colitis,Moderate,2
,Event,,ANTI_TNF,female,Ulcerative Colitis,,2
,Event,,ANTI_TNF,female,,Mild,2
,Event,,ANTI_TNF,male,IBD-Unclassified,Mild,2
,Event,,ANTI_TNF,male,,Moderate,2
,Event,,ANTI_TNF,,Crohn's Disease,Mild,2
,Event,,ANTI_TNF,,IBD-Unclassified,Mild,2
,Event,,CORTICOSTEROID,female,Crohn's Disease,,2
,Event,,CORTICOSTEROID,female,,Mild,2
,Event,,CORTICOSTEROID,male,Crohn's Disease,Moderate,2
,Event,,CORTICOSTEROID,male,Ulcerative Colitis,Mild,2
,Event,,CORTICOSTEROID,,Ulcerative Colitis,Mild,2
,Event,,IMMUNOMODULATOR,female,IBD-Unclassified,Moderate,2
,Event,,IMMUNOMODULATOR,female,IBD-Unclassified,,2
,Event,,IMMUNOMODULATOR,female,Ulcerative Colitis,Mild,2
,Event,,IMMUNOMODULATOR,female,Ulcerative Colitis,Moderate,2
,Event,,IMMUNOMODULATOR,female,,Mild,2
,Event,,IMMUNOMODULATOR,male,Crohn's Disease,Mild,2
,Event,,IMMUNOMODULATOR,male,Crohn's Disease,Moderate,2
,Event,,IMMUNOMODULATOR,male,IBD-Unclassified,Moderate,2
,Event,,IMMUNOMODULATOR,,Crohn's Disease,Mild,2
,Event,,IMMUNOMODULATOR,,Ulcerative Colitis,Moderate,2
,Event,,,male,Crohn's Disease,Severe,2
,Event,,,,IBD-Unclassified,Severe,2
,,0,AMINOSALICYLATE,female,Ulcerative Colitis,Mild,2
,,0,AMINOSALICYLATE,female,Ulcerative Colitis,,2
,,0,AMINOSALICYLATE,female,,Mild,2
,,0,AMINOSALICYLATE,female,,,2
,,0,AMINOSALICYLATE,,Ulcerative Colitis,Mild,2
,,0,AMINOSALICYLATE,,Ulcerative Colitis,,2
,,0,AMINOSALICYLATE,,,Mild,2
,,0,AMINOSALICYLATE,,,,2
,,0,CORTICOSTEROID,female,,,2
,,0,CORTICOSTEROID,,Ulcerative Colitis,,2
,,0,CORTICOSTEROID,,,Moderate,2
,,0,IMMUNOMODULATOR,female,Ulcerative Colitis,Mild,2
,,0,IMMUNOMODULATOR,female,Ulcerative Colitis,,2
,,0,IMMUNOMODULATOR,female,,Mild,2
,,0,IMMUNOMODULATOR,male,,,2
,,0,IMMUNOMODULATOR,,Crohn's Disease,Moderate,2
,,0,IMMUNOMODULATOR,,Crohn's Disease,,2
,,0,IMMUNOMODULATOR,,Ulcerative Colitis,Mild,2
,,0,IMMUNOMODULATOR,,Ulcerative Colitis,,2
,,0,IMMUNOMODULATOR,,,Moderate,2
,,0,,female,IBD-Unclassified,,2
,,0,,female,,Moderate,2
,,0,,male,Ulcerative Colitis,,2
,,0,,male,,Moderate,2
,,0,,,Crohn's Disease,Moderate,2
,,0,,,Crohn's Disease,,2
,,0,,,,Severe,2
,,1,AMINOSALICYLATE,female,Ulcerative Colitis,,2
,,1,AMINOSALICYLATE,female,,,2
,,1,AMINOSALICYLATE,male,Crohn's Disease,,2
,,1,AMINOSALICYLATE,male,,,2
,,1,AMINOSALICYLATE,,Crohn's Disease,,2
,,1,AMINOSALICYLATE,,Ulcerative Colitis,,2
,,1,AMINOSALICYLATE,,,Mild,2
,,1,AMINOSALICYLATE,,,Moderate,2
,,1,ANTI_INTEGRIN,,,,2
,,1,ANTI_TNF,female,Crohn's Disease,Moderate,2
,,1,ANTI_TNF,female,Crohn's Disease,,2
,,1,ANTI_TNF,female,,Moderate,2
,,1,ANTI_TNF,female,,,2
,,1,ANTI_TNF,male,,Moderate,2
,,1,ANTI_TNF,male,,,2
,,1,CORTICOSTEROID,,Ulcerative Colitis,,2
,,1,CORTICOSTEROID,,,,2
,,1,IMMUNOMODULATOR,,Ulcerative Colitis,,2
,,1,,female,Ulcerative Colitis,Mild,2
,,1,,female,Ulcerative Colitis,Moderate,2
,,1,,female,,Mild,2
,,1,,male,Crohn's Disease,Moderate,2
,,1,,male,IBD-Unclassified,Moderate,2
,,1,,male,IBD-Unclassified,,2
,,1,,male,Ulcerative Colitis,,2
,,1,,male,,Mild,2
,,1,,,Crohn's Disease,Severe,2
,,1,,,,Severe,2
,,2,AMINOSALICYLATE,female,,Moderate,2
,,2,AMINOSALICYLATE,female,,,2
,,2,AMINOSALICYLATE,male,Crohn's Disease,,2
,,2,AMINOSALICYLATE,male,,Moderate,2
,,2,AMINOSALICYLATE,,Crohn's Disease,Moderate,2
,,2,AMINOSALICYLATE,,Ulcerative Colitis,Moderate,2
,,2,AMINOSALICYLATE,,Ulcerative Colitis,,2
,,2,ANTI_INTEGRIN,female,Crohn's Disease,,2
,,2,ANTI_INTEGRIN,female,,,2
,,2,ANTI_INTEGRIN,,Crohn's Disease,,2
,,2,ANTI_INTEGRIN,,,Severe,2
,,2,ANTI_TNF,female,,,2
,,2,ANTI_TNF,male,IBD-Unclassified,,2
,,2,ANTI_TNF,male,Ulcerative Colitis,,2
,,2,ANTI_TNF,male,,Mild,2
,,2,ANTI_TNF,,IBD-Unclassified,Moderate,2
,,2,ANTI_TNF,,Ulcerative Colitis,,2
,,2,ANTI_TNF,,,Moderate,2
,,2,CORTICOSTEROID,female,IBD-Unclassified,Mild,2
,,2,CORTICOSTEROID,female,IBD-Unclassified,,2
,,2,CORTICOSTEROID,female,Ulcerative Colitis,Moderate,2
,,2,CORTICOSTEROID,female,,Moderate,2
,,2,CORTICOSTEROID,male,,,2
,,2,CORTICOSTEROID,,Crohn's Disease,,2
,,2,CORTICOSTEROID,,Ulcerative Colitis,Moderate,2
,,2,CORTICOSTEROID,,,Moderate,2
,,2,IMMUNOMODULATOR,female,Crohn's Disease,Moderate,2
,,2,IMMUNOMODULATOR,female,Crohn's Disease,,2
,,2,IMMUNOMODULATOR,female,,Moderate,2
,,2,IMMUNOMODULATOR,,Crohn's Disease,Moderate,2
,,2,IMMUNOMODULATOR,,Crohn's Disease,,2
,,2,,female,Crohn's Disease,Mild,2
,,2,,female,IBD-Unclassified,Mild,2
,,2,,female,Ulcerative Colitis,Mild,2
,,2,,male,Crohn's Disease,Severe,2
,,2,,male,IBD-Unclassified,Mild,2
,,2,,male,IBD-Unclassified,Moderate,2
,,2,,male,Ulcerative Colitis,Severe,2
,,2,,,Crohn's Disease,Mild,2
,,2,,,Ulcerative Colitis,Severe,2
,,3,AMINOSALICYLATE,female,Crohn's Disease,Mild,2
,,3,AMINOSALICYLATE,female,Crohn's Disease,,2
,,3,AMINOSALICYLATE,female,IBD-Unclassified,Mild,2
,,3,AMINOSALICYLATE,female,IBD-Unclassified,Moderate,2
,,3,AMINOSALICYLATE,female,,Moderate,2
,,3,AMINOSALICYLATE,male,Crohn's Disease,Mild,2
,,3,AMINOSALICYLATE,male,Crohn's Disease,,2
,,3,AMINOSALICYLATE,male,,Mild,2
,,3,AMINOSALICYLATE,male,,Moderate,2
,,3,AMINOSALICYLATE,,IBD-Unclassified,Mild,2
,,3,ANTI_INTERLEUKIN,male,,,2
,,3,ANTI_TNF,female,IBD-Unclassified,Moderate,2
,,3,ANTI_TNF,female,IBD-Unclassified,,2
,,3,ANTI_TNF,male,IBD-Unclassified,,2
,,3,ANTI_TNF,male,,Moderate,2
,,3,ANTI_TNF,male,,Severe,2
,,3,ANTI_TNF,,Ulcerative Colitis,Moderate,2
,,3,ANTI_TNF,,Ulcerative Colitis,,2
,,3,ANTI_TNF,,,Severe,2
,,3,CORTICOSTEROID,male,IBD-Unclassified,,2
,,3,CORTICOSTEROID,male,Ulcerative Colitis,Moderate,2
,,3,CORTICOSTEROID,male,,Mild,2
,,3,CORTICOSTEROID,,Crohn's Disease,,2
,,3,CORTICOSTEROID,,IBD-Unclassified,,2
,,3,CORTICOSTEROID,,Ulcerative Colitis,Moderate,2
,,3,IMMUNOMODULATOR,female,Crohn's Disease,,2
,,3,IMMUNOMODULATOR,female,,Moderate,2
,,3,IMMUNOMODULATOR,male,IBD-Unclassified,Moderate,2
,,3,IMMUNOMODULATOR,male,,Mild,2
,,3,IMMUNOMODULATOR,male,,Moderate,2
,,3,IMMUNOMODULATOR,,Crohn's Disease,,2
,,3,IMMUNOMODULATOR,,IBD-Unclassified,Moderate,2
,,3,IMMUNOMODULATOR,,Ulcerative Colitis,,2
,,3,IMMUNOMODULATOR,,,Mild,2
,,3,,female,IBD-Unclassified,Mild,2
,,3,,female,Ulcerative Colitis,Moderate,2
,,3,,female,,Severe,2
,,3,,male,IBD-Unclassified,Mild,2
,,3,,male,Ulcerative Colitis,Mild,2
,,3,,,Crohn's Disease,Moderate,2
,,3,,,Crohn's Disease,Severe,2
,,3,,,Ulcerative Colitis,Mild,2
,,3,,,Ulcerative Colitis,Severe,2
,,4,AMINOSALICYLATE,male,IBD-Unclassified,,2
,,4,AMINOSALICYLATE,male,,,2
,,4,AMINOSALICYLATE,,IBD-Unclassified,Mild,2
,,4,ANTI_INTERLEUKIN,female,,,2
,,4,ANTI_INTERLEUKIN,,,,2
,,4,ANTI_TNF,female,Crohn's Disease,Moderate,2
,,4,ANTI_TNF,female,Crohn's Disease,,2
,,4,ANTI_TNF,male,IBD-Unclassified,,2
,,4,ANTI_TNF,,Crohn's Disease,Moderate,2
,,4,ANTI_TNF,,IBD-Unclassified,,2
,,4,ANTI_TNF,,Ulcerative Colitis,,2
,,4,CORTICOSTEROID,female,IBD-Unclassified,Mild,2
,,4,CORTICOSTEROID,female,IBD-Unclassified,,2
,,4,CORTICOSTEROID,female,,Mild,2
,,4,CORTICOSTEROID,male,Crohn's Disease,Moderate,2
,,4,CORTICOSTEROID,male,Crohn's Disease,,2
,,4,CORTICOSTEROID,,Crohn's Disease,Moderate,2
,,4,CORTICOSTEROID,,Crohn's Disease,,2
,,4,CORTICOSTEROID,,Ulcerative Colitis,Moderate,2
,,4,CORTICOSTEROID,,Ulcerative Colitis,,2
,,4,IMMUNOMODULATOR,male,,Mild,2
,,4,IMMUNOMODULATOR,male,,,2
,,4,,female,Crohn's Disease,Moderate,2
,,4,,female,Ulcerative Colitis,Mild,2
,,4,,female,Ulcerative Colitis,Moderate,2
,,4,,male,Crohn's Disease,Moderate,2
,,4,,,Crohn's Disease,Mild,2
,,4,,,IBD-Unclassified,Severe,2
,,5,AMINOSALICYLATE,female,Crohn's Disease,Moderate,2
,,5,AMINOSALICYLATE,female,IBD-Unclassified,,2
,,5,AMINOSALICYLATE,male,Ulcerative Colitis,Mild,2
,,5,AMINOSALICYLATE,male,Ulcerative Colitis,,2
,,5,AMINOSALICYLATE,male,,Mild,2
,,5,AMINOSALICYLATE,male,,,2
,,5,AMINOSALICYLATE,,Crohn's Disease,Moderate,2
,,5,AMINOSALICYLATE,,IBD-Unclassified,,2
,,5,ANTI_TNF,,,,2
,,5,CORTICOSTEROID,female,Crohn's Disease,Moderate,2
,,5,CORTICOSTEROID,female,Crohn's Disease,,2
,,5,CORTICOSTEROID,female,,Moderate,2
,,5,CORTICOSTEROID,female,,,2
,,5,CORTICOSTEROID,male,Crohn's Disease,Moderate,2
,,5,CORTICOSTEROID,male,Crohn's Disease,,2
,,5,CORTICOSTEROID,male,Ulcerative Colitis,Mild,2
,,5,CORTICOSTEROID,male,Ulcerative Colitis,,2
,,5,CORTICOSTEROID,male,,Mild,2
,,5,CORTICOSTEROID,,Ulcerative Colitis,Mild,2
,,5,CORTICOSTEROID,,Ulcerative Colitis,,2
,,5,CORTICOSTEROID,,,Mild,2
,,5,IMMUNOMODULATOR,male,Crohn's Disease,,2
,,5,IMMUNOMODULATOR,male,Ulcerative Colitis,,2
,,5,IMMUNOMODULATOR,,Crohn's Disease,Moderate,2
,,5,IMMUNOMODULATOR,,IBD-Unclassified,Moderate,2
,,5,IMMUNOMODULATOR,,Ulcerative Colitis,Moderate,2
,,5,JAK_INHIBITOR,female,Crohn's Disease,Moderate,2
,,5,JAK_INHIBITOR,female,,Moderate,2
,,5,JAK_INHIBITOR,,Crohn's Disease,Moderate,2
,,5,JAK_INHIBITOR,,,Moderate,2
,,5,,female,Crohn's Disease,Mild,2
,,5,,female,IBD-Unclassified,Moderate,2
,,5,,female,Ulcerative Colitis,,2
,,5,,male,,Severe,2
,,5,,,Crohn's Disease,Severe,2
,,5,,,Ulcerative Colitis,Moderate,2
,,,AMINOSALICYLATE,female,Ulcerative Colitis,Moderate,2
,,,AMINOSALICYLATE,male,Crohn's Disease,Moderate,2
,,,AMINOSALICYLATE,male,IBD-Unclassified,Moderate,2
,,,AMINOSALICYLATE,male,Ulcerative Colitis,Mild,2
,,,AMINOSALICYLATE,male,Ulcerative Colitis,Moderate,2
,,,ANTI_INTEGRIN,female,Crohn's Disease,Severe,2
,,,ANTI_INTEGRIN,male,IBD-Unclassified,Moderate,2
,,,ANTI_INTEGRIN,male,IBD-Unclassified,,2
,,,ANTI_INTEGRIN,male,,Moderate,2
,,,ANTI_INTEGRIN,,Crohn's Disease,Severe,2
,,,ANTI_INTEGRIN,,IBD-Unclassified,Moderate,2
,,,ANTI_INTEGRIN,,IBD-Unclassified,,2
,,,ANTI_INTEGRIN,,Ulcerative Colitis,Severe,2
,,,ANTI_INTEGRIN,,Ulcerative Colitis,,2
,,,ANTI_INTERLEUKIN,female,IBD-Unclassified,Severe,2
,,,ANTI_INTERLEUKIN,female,,Moderate,2
,,,ANTI_INTERLEUKIN,female,,Severe,2
,,,ANTI_INTERLEUKIN,male,Crohn's Disease,,2
,,,ANTI_INTERLEUKIN,male,,Severe,2
,,,ANTI_INTERLEUKIN,,IBD-Unclassified,Severe,2
,,,ANTI_INTERLEUKIN,,Ulcerative Colitis,,2
,,,ANTI_INTERLEUKIN,,,Mild,2
,,,ANTI_INTERLEUKIN,,,Moderate,2
,,,ANTI_TNF,female,Crohn's Disease,Mild,2
,,,ANTI_TNF,female,Ulcerative Colitis,Moderate,2
,,,ANTI_TNF,female,Ulcerative Colitis,,2
,,,ANTI_TNF,female,,Mild,2
,,,ANTI_TNF,male,Crohn's Disease,Severe,2
,,,ANTI_TNF,male,IBD-Unclassified,Mild,2
,,,ANTI_TNF,,Crohn's Disease,Mild,2
,,,ANTI_TNF,,Crohn's Disease,Severe,2
,,,ANTI_TNF,,IBD-Unclassified,Mild,2
,,,CORTICOSTEROID,female,Crohn's Disease,Mild,2
,,,CORTICOSTEROID,female,Crohn's Disease,Moderate,2
,,,CORTICOSTEROID,male,IBD-Unclassified,Moderate,2
,,,CORTICOSTEROID,,Crohn's Disease,Mild,2
,,,IMMUNOMODULATOR,female,IBD-Unclassified,Moderate,2
,,,IMMUNOMODULATOR,male,Crohn's Disease,Mild,2
,,,IMMUNOMODULATOR,male,Crohn's Disease,Moderate,2
,,,IMMUNOMODULATOR,,Crohn's Disease,Mild,2
,,,JAK_INHIBITOR,male,,,2
,,,JAK_INHIBITOR,,Crohn's Disease,Severe,2
,,,JAK_INHIBITOR,,,Severe,2
,,,,female,IBD-Unclassified,Severe,2
0,Censored,1,JAK_INHIBITOR,male,Crohn's Disease,Severe,0
0,Censored,1,JAK_INHIBITOR,male,Crohn's Disease,,0
0,Censored,1,JAK_INHIBITOR,male,,Severe,0
0,Censored,1,JAK_INHIBITOR,male,,,0
0,Censored,1,JAK_INHIBITOR,,Crohn's Disease,Severe,0
0,Censored,1,JAK_INHIBITOR,,Crohn's Disease,,0
0,Censored,1,JAK_INHIBITOR,,,Severe,0
0,Censored,1,JAK_INHIBITOR,,,,0
0,Censored,1,,male,Crohn's Disease,Severe,0
0,Censored,1,,male,Crohn's Disease,,0
0,Censored,1,,male,,Severe,0
0,Censored,1,,male,,,0
0,Censored,1,,,Crohn's Disease,Severe,0
0,Censored,1,,,Crohn's Disease,,0
0,Censored,1,,,,Severe,0
0,Censored,1,,,,,0
0,Censored,2,IMMUNOMODULATOR,female,Crohn's Disease,Moderate,0
0,Censored,2,IMMUNOMODULATOR,female,Crohn's Disease,,0
0,Censored,2,IMMUNOMODULATOR,female,,Moderate,0
0,Censored,2,IMMUNOMODULATOR,female,,,0
0,Censored,2,IMMUNOMODULATOR,,Crohn's Disease,Moderate,0
0,Censored,2,IMMUNOMODULATOR,,Crohn's Disease,,0
0,Censored,2,IMMUNOMODULATOR,,,Moderate,0
0,Censored,2,IMMUNOMODULATOR,,,,0
0,Censored,2,,female,Crohn's Disease,Moderate,0
0,Censored,2,,female,Crohn's Disease,,0
0,Censored,2,,female,,Moderate,0
0,Censored,2,,female,,,0
0,Censored,2,,,Crohn's Disease,Moderate,0
0,Censored,2,,,Crohn's Disease,,0
0,Censored,2,,,,Moderate,0
0,Censored,2,,,,,0
0,Censored,3,AMINOSALICYLATE,female,Crohn's Disease,Mild,0
0,Censored,3,AMINOSALICYLATE,female,Crohn's Disease,,0
0,Censored,3,AMINOSALICYLATE,female,,Mild,0
0,Censored,3,AMINOSALICYLATE,female,,,0
0,Censored,3,AMINOSALICYLATE,,Crohn's Disease,Mild,0
0,Censored,3,AMINOSALICYLATE,,Crohn's Disease,,0
0,Censored,3,AMINOSALICYLATE,,,Mild,0
0,Censored,3,AMINOSALICYLATE,,,,0
0,Censored,3,,female,Crohn's Disease,Mild,0
0,Censored,3,,female,Crohn's Disease,,0
0,Censored,3,,female,,Mild,0
0,Censored,3,,female,,,0
0,Censored,3,,,Crohn's Disease,Mild,0
0,Censored,3,,,Crohn's Disease,,0
0,Censored,3,,,,Mild,0
0,Censored,3,,,,,0
0,Censored,4,ANTI_TNF,female,Crohn's Disease,Moderate,0
0,Censored,4,ANTI_TNF,female,Crohn's Disease,,0
0,Censored,4,ANTI_TNF,female,,Moderate,0
0,Censored,4,ANTI_TNF,female,,,0
0,Censored,4,ANTI_TNF,,Crohn's Disease,Moderate,0
0,Censored,4,ANTI_TNF,,Crohn's Disease,,0
0,Censored,4,ANTI_TNF,,,Moderate,0
0,Censored,4,ANTI_TNF,,,,0
0,Censored,4,,female,Crohn's Disease,Moderate,0
0,Censored,4,,female,Crohn's Disease,,0
0,Censored,4,,female,,Moderate,0
0,Censored,4,,female,,,0
0,Censored,4,,,Crohn's Disease,Moderate,0
0,Censored,4,,,Crohn's Disease,,0
0,Censored,4,,,,Moderate,0
0,Censored,4,,,,,0
0,Censored,5,ANTI_INTEGRIN,male,IBD-Unclassified,Moderate,0
0,Censored,5,ANTI_INTEGRIN,male,IBD-Unclassified,,0
0,Censored,5,ANTI_INTEGRIN,male,,Moderate,0
0,Censored,5,ANTI_INTEGRIN,male,,,0
0,Censored,5,ANTI_INTEGRIN,,IBD-Unclassified,Moderate,0
0,Censored,5,ANTI_INTEGRIN,,IBD-Unclassified,,0
0,Censored,5,ANTI_INTEGRIN,,,Moderate,0
0,Censored,5,ANTI_INTEGRIN,,,,0
0,Censored,5,ANTI_INTERLEUKIN,male,Crohn's Disease,Severe,0
0,Censored,5,ANTI_INTERLEUKIN,male,Crohn's Disease,,0
0,Censored,5,ANTI_INTERLEUKIN,male,,Severe,0
0,Censored,5,ANTI_INTERLEUKIN,male,,,0
0,Censored,5,ANTI_INTERLEUKIN,,Crohn's Disease,Severe,0
0,Censored,5,ANTI_INTERLEUKIN,,Crohn's Disease,,0
0,Censored,5,ANTI_INTERLEUKIN,,,Severe,0
0,Censored,5,ANTI_INTERLEUKIN,,,,0
0,Censored,5,CORTICOSTEROID,male,IBD-Unclassified,Moderate,0
0,Censored,5,CORTICOSTEROID,male,IBD-Unclassified,,0
0,Censored,5,CORTICOSTEROID,male,,Moderate,0
0,Censored,5,CORTICOSTEROID,male,,,0
0,Censored,5,CORTICOSTEROID,,IBD-Unclassified,Moderate,0
0,Censored,5,CORTICOSTEROID,,IBD-Unclassified,,0
0,Censored,5,CORTICOSTEROID,,,Moderate,0
0,Censored,5,CORTICOSTEROID,,,,0
0,Censored,5,,male,Crohn's Disease,Severe,0
0,Censored,5,,male,Crohn's Disease,,0
0,Censored,5,,male,,Severe,0
0,Censored,5,,,Crohn's Disease,Severe,0
0,Censored,5,,,Crohn's Disease,,0
0,Censored,5,,,,Severe,0
0,Censored,,AMINOSALICYLATE,female,Crohn's Disease,Mild,0
0,Censored,,AMINOSALICYLATE,female,Crohn's Disease,,0
0,Censored,,AMINOSALICYLATE,female,,Mild,0
0,Censored,,AMINOSALICYLATE,female,,,0
0,Censored,,AMINOSALICYLATE,,Crohn's Disease,Mild,0
0,Censored,,AMINOSALICYLATE,,Crohn's Disease,,0
0,Censored,,AMINOSALICYLATE,,,Mild,0
0,Censored,,AMINOSALICYLATE,,,,0
0,Censored,,ANTI_INTEGRIN,male,IBD-Unclassified,Moderate,0
0,Censored,,ANTI_INTEGRIN,male,IBD-Unclassified,,0
0,Censored,,ANTI_INTEGRIN,male,,Moderate,0
0,Censored,,ANTI_INTEGRIN,male,,,0
0,Censored,,ANTI_INTEGRIN,,IBD-Unclassified,Moderate,0
0,Censored,,ANTI_INTEGRIN,,IBD-Unclassified,,0
0,Censored,,ANTI_INTEGRIN,,,Moderate,0
0,Censored,,ANTI_INTEGRIN,,,,0
0,Censored,,ANTI_INTERLEUKIN,male,Crohn's Disease,Severe,0
0,Censored,,ANTI_INTERLEUKIN,male,Crohn's Disease,,0
0,Censored,,ANTI_INTERLEUKIN,male,,Severe,0
0,Censored,,ANTI_INTERLEUKIN,male,,,0
0,Censored,,ANTI_INTERLEUKIN,,Crohn's Disease,Severe,0
0,Censored,,ANTI_INTERLEUKIN,,Crohn's Disease,,0
0,Censored,,ANTI_INTERLEUKIN,,,Severe,0
0,Censored,,ANTI_INTERLEUKIN,,,,0
0,Censored,,ANTI_TNF,female,Crohn's Disease,Moderate,0
0,Censored,,ANTI_TNF,female,Crohn's Disease,,0
0,Censored,,ANTI_TNF,female,,Moderate,0
0,Censored,,ANTI_TNF,female,,,0
0,Censored,,ANTI_TNF,,Crohn's Disease,Moderate,0
0,Censored,,ANTI_TNF,,Crohn's Disease,,0
0,Censored,,ANTI_TNF,,,Moderate,0
0,Censored,,ANTI_TNF,,,,0
0,Censored,,CORTICOSTEROID,male,IBD-Unclassified,Moderate,0
0,Censored,,CORTICOSTEROID,male,IBD-Unclassified,,0
0,Censored,,CORTICOSTEROID,male,,Moderate,0
0,Censored,,CORTICOSTEROID,male,,,0
0,Censored,,CORTICOSTEROID,,IBD-Unclassified,Moderate,0
0,Censored,,CORTICOSTEROID,,IBD-Unclassified,,0
0,Censored,,CORTICOSTEROID,,,Moderate,0
0,Censored,,CORTICOSTEROID,,,,0
0,Censored,,IMMUNOMODULATOR,female,Crohn's Disease,Moderate,0
0,Censored,,IMMUNOMODULATOR,female,Crohn's Disease,,0
0,Censored,,IMMUNOMODULATOR,female,,Moderate,0
0,Censored,,IMMUNOMODULATOR,female,,,0
0,Censored,,IMMUNOMODULATOR,,Crohn's Disease,Moderate,0
0,Censored,,IMMUNOMODULATOR,,Crohn's Disease,,0
0,Censored,,IMMUNOMODULATOR,,,Moderate,0
0,Censored,,IMMUNOMODULATOR,,,,0
0,Censored,,JAK_INHIBITOR,male,Crohn's Disease,Severe,0
0,Censored,,JAK_INHIBITOR,male,Crohn's Disease,,0
0,Censored,,JAK_INHIBITOR,male,,Severe,0
0,Censored,,JAK_INHIBITOR,male,,,0
0,Censored,,JAK_INHIBITOR,,Crohn's Disease,Severe,0
0,Censored,,JAK_INHIBITOR,,Crohn's Disease,,0
0,Censored,,JAK_INHIBITOR,,,Severe,0
0,Censored,,JAK_INHIBITOR,,,,0
0,Censored,,,female,Crohn's Disease,Mild,0
0,Censored,,,female,,Mild,0
0,Censored,,,,Crohn's Disease,Mild,0
0,Censored,,,,,Mild,0
0,Event,0,ANTI_INTERLEUKIN,female,IBD-Unclassified,Severe,0
0,Event,0,ANTI_INTERLEUKIN,female,IBD-Unclassified,,0
0,Event,0,ANTI_INTERLEUKIN,female,,Severe,0
0,Event,0,ANTI_INTERLEUKIN,female,,,0
0,Event,0,ANTI_INTERLEUKIN,,IBD-Unclassified,Severe,0
0,Event,0,ANTI_INTERLEUKIN,,IBD-Unclassified,,0
0,Event,0,ANTI_INTERLEUKIN,,,Severe,0
0,Event,0,ANTI_INTERLEUKIN,,,,0
0,Event,0,ANTI_TNF,male,Ulcerative Colitis,Severe,0
0,Event,0,ANTI_TNF,male,Ulcerative Colitis,,0
0,Event,0,ANTI_TNF,male,,Severe,0
0,Event,0,ANTI_TNF,male,,,0
0,Event,0,ANTI_TNF,,Ulcerative Colitis,Severe,0
0,Event,0,ANTI_TNF,,Ulcerative Colitis,,0
0,Event,0,ANTI_TNF,,,Severe,0
0,Event,0,ANTI_TNF,,,,0
0,Event,0,IMMUNOMODULATOR,male,IBD-Unclassified,Mild,0
0,Event,0,IMMUNOMODULATOR,male,IBD-Unclassified,,0
0,Event,0,IMMUNOMODULATOR,male,,Mild,0
0,Event,0,IMMUNOMODULATOR,male,,,0
0,Event,0,IMMUNOMODULATOR,,IBD-Unclassified,Mild,0
0,Event,0,IMMUNOMODULATOR,,IBD-Unclassified,,0
0,Event,0,IMMUNOMODULATOR,,,Mild,0
0,Event,0,IMMUNOMODULATOR,,,,0
0,Event,0,,female,IBD-Unclassified,Severe,0
0,Event,0,,female,IBD-Unclassified,,0
0,Event,0,,female,,Severe,0
0,Event,0,,female,,,0
0,Event,0,,male,IBD-Unclassified,Mild,0
0,Event,0,,male,IBD-Unclassified,,0
0,Event,0,,male,Ulcerative Colitis,Severe,0
0,Event,0,,male,Ulcerative Colitis,,0
0,Event,0,,male,,Mild,0
0,Event,0,,male,,Severe,0
0,Event,0,,,IBD-Unclassified,Mild,0
0,Event,0,,,IBD-Unclassified,Severe,0
0,Event,0,,,Ulcerative Colitis,Severe,0
0,Event,0,,,Ulcerative Colitis,,0
0,Event,0,,,,Mild,0
0,Event,1,ANTI_INTEGRIN,male,IBD-Unclassified,Moderate,0
0,Event,1,ANTI_INTEGRIN,male,IBD-Unclassified,,0
0,Event,1,ANTI_INTEGRIN,male,,Moderate,0
0,Event,1,ANTI_INTEGRIN,male,,,0
0,Event,1,ANTI_INTEGRIN,,IBD-Unclassified,Moderate,0
0,Event,1,ANTI_INTEGRIN,,IBD-Unclassified,,0
0,Event,1,ANTI_INTEGRIN,,,Moderate,0
0,Event,1,ANTI_INTEGRIN,,,,0
0,Event,1,CORTICOSTEROID,male,Ulcerative Colitis,Moderate,0
0,Event,1,CORTICOSTEROID,male,Ulcerative Colitis,,0
0,Event,1,CORTICOSTEROID,male,,Moderate,0
0,Event,1,CORTICOSTEROID,male,,,0
0,Event,1,CORTICOSTEROID,,Ulcerative Colitis,Moderate,0
0,Event,1,CORTICOSTEROID,,Ulcerative Colitis,,0
0,Event,1,CORTICOSTEROID,,,Moderate,0
0,Event,1,CORTICOSTEROID,,,,0
0,Event,1,IMMUNOMODULATOR,female,Ulcerative Colitis,Moderate,0
0,Event,1,IMMUNOMODULATOR,female,Ulcerative Colitis,,0
0,Event,1,IMMUNOMODULATOR,female,,Moderate,0
0,Event,1,IMMUNOMODULATOR,female,,,0
0,Event,1,IMMUNOMODULATOR,,Ulcerative Colitis,Moderate,0
0,Event,1,IMMUNOMODULATOR,,Ulcerative Colitis,,0
0,Event,1,IMMUNOMODULATOR,,,Moderate,0
0,Event,1,IMMUNOMODULATOR,,,,0
0,Event,1,,female,Ulcerative Colitis,Moderate,0
0,Event,1,,female,Ulcerative Colitis,,0
0,Event,1,,female,,Moderate,0
0,Event,1,,female,,,0
0,Event,1,,male,IBD-Unclassified,Moderate,0
0,Event,1,,male,IBD-Unclassified,,0
0,Event,1,,male,Ulcerative Colitis,Moderate,0
0,Event,1,,male,Ulcerative Colitis,,0
0,Event,1,,,IBD-Unclassified,Moderate,0
0,Event,1,,,IBD-Unclassified,,0
0,Event,2,AMINOSALICYLATE,male,Ulcerative Colitis,Moderate,0
0,Event,2,AMINOSALICYLATE,male,Ulcerative Colitis,,0
0,Event,2,AMINOSALICYLATE,male,,Moderate,0
0,Event,2,AMINOSALICYLATE,male,,,0
0,Event,2,AMINOSALICYLATE,,Ulcerative Colitis,Moderate,0
0,Event,2,AMINOSALICYLATE,,Ulcerative Colitis,,0
0,Event,2,AMINOSALICYLATE,,,Moderate,0
0,Event,2,AMINOSALICYLATE,,,,0
0,Event,2,ANTI_INTEGRIN,female,Crohn's Disease,Severe,0
0,Event,2,ANTI_INTEGRIN,female,Crohn's Disease,,0
0,Event,2,ANTI_INTEGRIN,female,,Severe,0
0,Event,2,ANTI_INTEGRIN,female,,,0
0,Event,2,ANTI_INTEGRIN,male,Ulcerative Colitis,Severe,0
0,Event,2,ANTI_INTEGRIN,male,Ulcerative Colitis,,0
0,Event,2,ANTI_INTEGRIN,male,,Severe,0
0,Event,2,ANTI_INTEGRIN,male,,,0
0,Event,2,ANTI_INTEGRIN,,Crohn's Disease,Severe,0
0,Event,2,ANTI_INTEGRIN,,Crohn's Disease,,0
0,Event,2,ANTI_INTEGRIN,,Ulcerative Colitis,Severe,0
0,Event,2,ANTI_INTEGRIN,,Ulcerative Colitis,,0
0,Event,2,ANTI_TNF,male,Ulcerative Colitis,Mild,0
0,Event,2,ANTI_TNF,male,Ulcerative Colitis,,0
0,Event,2,ANTI_TNF,male,,Mild,0
0,Event,2,ANTI_TNF,male,,,0
0,Event,2,ANTI_TNF,,Ulcerative Colitis,Mild,0
0,Event,2,ANTI_TNF,,Ulcerative Colitis,,0
0,Event,2,ANTI_TNF,,,Mild,0
0,Event,2,ANTI_TNF,,,,0
0,Event,2,CORTICOSTEROID,female,Ulcerative Colitis,Moderate,0
0,Event,2,CORTICOSTEROID,female,Ulcerative Colitis,,0
0,Event,2,CORTICOSTEROID,female,,Moderate,0
0,Event,2,CORTICOSTEROID,female,,,0
0,Event,2,CORTICOSTEROID,,Ulcerative Colitis,Moderate,0
0,Event,2,CORTICOSTEROID,,Ulcerative Colitis,,0
0,Event,2,CORTICOSTEROID,,,Moderate,0
0,Event,2,CORTICOSTEROID,,,,0
0,Event,2,,female,Crohn's Disease,Severe,0
0,Event,2,,female,Crohn's Disease,,0
0,Event,2,,female,Ulcerative Colitis,Moderate,0
0,Event,2,,female,Ulcerative Colitis,,0
0,Event,2,,female,,Moderate,0
0,Event,2,,female,,Severe,0
0,Event,2,,male,Ulcerative Colitis,Mild,0
0,Event,2,,male,Ulcerative Colitis,Moderate,0
0,Event,2,,male,Ulcerative Colitis,Severe,0
0,Event,2,,male,,Mild,0
0,Event,2,,male,,Moderate,0
0,Event,2,,male,,Severe,0
0,Event,2,,,Crohn's Disease,Severe,0
0,Event,2,,,Crohn's Disease,,0
0,Event,2,,,Ulcerative Colitis,Mild,0
0,Event,2,,,Ulcerative Colitis,Severe,0
0,Event,2,,,,Mild,0
0,Event,3,ANTI_INTERLEUKIN,male,Ulcerative Colitis,Severe,0
0,Event,3,ANTI_INTERLEUKIN,male,Ulcerative Colitis,,0
0,Event,3,ANTI_INTERLEUKIN,male,,Severe,0
0,Event,3,ANTI_INTERLEUKIN,male,,,0
0,Event,3,ANTI_INTERLEUKIN,,Ulcerative Colitis,Severe,0
0,Event,3,ANTI_INTERLEUKIN,,Ulcerative Colitis,,0
0,Event,3,ANTI_INTERLEUKIN,,,Severe,0
0,Event,3,ANTI_INTERLEUKIN,,,,0
0,Event,3,ANTI_TNF,female,IBD-Unclassified,Moderate,0
0,Event,3,ANTI_TNF,female,IBD-Unclassified,,0
0,Event,3,ANTI_TNF,female,,Moderate,0
0,Event,3,ANTI_TNF,female,,,0
0,Event,3,ANTI_TNF,,IBD-Unclassified,Moderate,0
0,Event,3,ANTI_TNF,,IBD-Unclassified,,0
0,Event,3,ANTI_TNF,,,Moderate,0
0,Event,3,ANTI_TNF,,,,0
0,Event,3,CORTICOSTEROID,male,IBD-Unclassified,Moderate,0
0,Event,3,CORTICOSTEROID,male,IBD-Unclassified,,0
0,Event,3,CORTICOSTEROID,male,,Moderate,0
0,Event,3,CORTICOSTEROID,male,,,0
0,Event,3,CORTICOSTEROID,,IBD-Unclassified,Moderate,0
0,Event,3,CORTICOSTEROID,,IBD-Unclassified,,0
0,Event,3,CORTICOSTEROID,,,Moderate,0
0,Event,3,CORTICOSTEROID,,,,0
0,Event,3,,female,IBD-Unclassified,Moderate,0
0,Event,3,,female,IBD-Unclassified,,0
0,Event,3,,female,,Moderate,0
0,Event,3,,female,,,0
0,Event,3,,male,IBD-Unclassified,Moderate,0
0,Event,3,,male,IBD-Unclassified,,0
0,Event,3,,male,Ulcerative Colitis,Severe,0
0,Event,3,,male,Ulcerative Colitis,,0
0,Event,3,,male,,Moderate,0
0,Event,3,,male,,Severe,0
0,Event,3,,,Ulcerative Colitis,Severe,0
0,Event,3,,,Ulcerative Colitis,,0
0,Event,3,,,,Severe,0
0,Event,4,AMINOSALICYLATE,female,Ulcerative Colitis,Mild,0
0,Event,4,AMINOSALICYLATE,female,Ulcerative Colitis,,0
0,Event,4,AMINOSALICYLATE,female,,Mild,0
0,Event,4,AMINOSALICYLATE,female,,,0
0,Event,4,AMINOSALICYLATE,,Ulcerative Colitis,Mild,0
0,Event,4,AMINOSALICYLATE,,Ulcerative Colitis,,0
0,Event,4,AMINOSALICYLATE,,,Mild,0
0,Event,4,AMINOSALICYLATE,,,,0
0,Event,4,ANTI_TNF,female,Crohn's Disease,Moderate,0
0,Event,4,ANTI_TNF,female,Crohn's Disease,,0
0,Event,4,ANTI_TNF,female,,Moderate,0
0,Event,4,ANTI_TNF,female,,,0
0,Event,4,ANTI_TNF,,Crohn's Disease,Moderate,0
0,Event,4,ANTI_TNF,,Crohn's Disease,,0
0,Event,4,ANTI_TNF,,,Moderate,0
0,Event,4,ANTI_TNF,,,,0
0,Event,4,CORTICOSTEROID,female,IBD-Unclassified,Mild,0
0,Event,4,CORTICOSTEROID,female,IBD-Unclassified,,0
0,Event,4,CORTICOSTEROID,female,,Mild,0
0,Event,4,CORTICOSTEROID,female,,,0
0,Event,4,CORTICOSTEROID,,IBD-Unclassified,Mild,0
0,Event,4,CORTICOSTEROID,,IBD-Unclassified,,0
0,Event,4,CORTICOSTEROID,,,Mild,0
0,Event,4,CORTICOSTEROID,,,,0
0,Event,4,,female,Crohn's Disease,Moderate,0
0,Event,4,,female,Crohn's Disease,,0
0,Event,4,,female,IBD-Unclassified,Mild,0
0,Event,4,,female,IBD-Unclassified,,0
0,Event,4,,female,Ulcerative Colitis,Mild,0
0,Event,4,,female,Ulcerative Colitis,,0
0,Event,4,,female,,Moderate,0
0,Event,4,,,Crohn's Disease,Moderate,0
0,Event,4,,,Crohn's Disease,,0
0,Event,4,,,IBD-Unclassified,Mild,0
0,Event,4,,,IBD-Unclassified,,0
0,Event,4,,,Ulcerative Colitis,Mild,0
0,Event,4,,,Ulcerative Colitis,,0
0,Event,4,,,,Moderate,0
0,Event,5,CORTICOSTEROID,male,Ulcerative Colitis,Mild,0
0,Event,5,CORTICOSTEROID,male,Ulcerative Colitis,,0
0,Event,5,CORTICOSTEROID,male,,Mild,0
0,Event,5,CORTICOSTEROID,male,,,0
0,Event,5,CORTICOSTEROID,,Ulcerative Colitis,Mild,0
0,Event,5,CORTICOSTEROID,,Ulcerative Colitis,,0
0,Event,5,CORTICOSTEROID,,,Mild,0
0,Event,5,CORTICOSTEROID,,,,0
0,Event,5,IMMUNOMODULATOR,female,Crohn's Disease,Moderate,0
0,Event,5,IMMUNOMODULATOR,female,Crohn's Disease,,0
0,Event,5,IMMUNOMODULATOR,female,IBD-Unclassified,Moderate,0
0,Event,5,IMMUNOMODULATOR,female,IBD-Unclassified,,0
0,Event,5,IMMUNOMODULATOR,,Crohn's Disease,Moderate,0
0,Event,5,IMMUNOMODULATOR,,Crohn's Disease,,0
0,Event,5,IMMUNOMODULATOR,,IBD-Unclassified,Moderate,0
0,Event,5,IMMUNOMODULATOR,,IBD-Unclassified,,0
0,Event,5,JAK_INHIBITOR,male,Ulcerative Colitis,Mild,0
0,Event,5,JAK_INHIBITOR,male,Ulcerative Colitis,,0
0,Event,5,JAK_INHIBITOR,male,,Mild,0
0,Event,5,JAK_INHIBITOR,male,,,0
0,Event,5,JAK_INHIBITOR,,Ulcerative Colitis,Mild,0
0,Event,5,JAK_INHIBITOR,,Ulcerative Colitis,,0
0,Event,5,JAK_INHIBITOR,,,Mild,0
0,Event,5,JAK_INHIBITOR,,,,0
0,Event,5,,female,Crohn's Disease,Moderate,0
0,Event,5,,female,Crohn's Disease,,0
0,Event,5,,female,IBD-Unclassified,Moderate,0
0,Event,5,,female,IBD-Unclassified,,0
0,Event,5,,,Crohn's Disease,Moderate,0
0,Event,5,,,Crohn's Disease,,0
0,Event,5,,,IBD-Unclassified,Moderate,0
0,Event,5,,,IBD-Unclassified,,0
0,Event,,AMINOSALICYLATE,female,Ulcerative Colitis,Mild,0
0,Event,,AMINOSALICYLATE,female,Ulcerative Colitis,,0
0,Event,,AMINOSALICYLATE,female,,Mild,0
0,Event,,AMINOSALICYLATE,female,,,0
0,Event,,AMINOSALICYLATE,male,Ulcerative Colitis,Moderate,0
0,Event,,AMINOSALICYLATE,male,Ulcerative Colitis,,0
0,Event,,AMINOSALICYLATE,male,,Moderate,0
0,Event,,AMINOSALICYLATE,male,,,0
0,Event,,AMINOSALICYLATE,,Ulcerative Colitis,Mild,0
0,Event,,AMINOSALICYLATE,,Ulcerative Colitis,Moderate,0
0,Event,,AMINOSALICYLATE,,,Mild,0
0,Event,,AMINOSALICYLATE,,,Moderate,0
0,Event,,ANTI_INTEGRIN,female,Crohn's Disease,Severe,0
0,Event,,ANTI_INTEGRIN,female,Crohn's Disease,,0
0,Event,,ANTI_INTEGRIN,female,,Severe,0
0,Event,,ANTI_INTEGRIN,female,,,0
0,Event,,ANTI_INTEGRIN,male,IBD-Unclassified,Moderate,0
0,Event,,ANTI_INTEGRIN,male,IBD-Unclassified,,0
0,Event,,ANTI_INTEGRIN,male,Ulcerative Colitis,Severe,0
0,Event,,ANTI_INTEGRIN,male,Ulcerative Colitis,,0
0,Event,,ANTI_INTEGRIN,male,,Moderate,0
0,Event,,ANTI_INTEGRIN,male,,Severe,0
0,Event,,ANTI_INTEGRIN,,Crohn's Disease,Severe,0
0,Event,,ANTI_INTEGRIN,,Crohn's Disease,,0
0,Event,,ANTI_INTEGRIN,,IBD-Unclassified,Moderate,0
0,Event,,ANTI_INTEGRIN,,IBD-Unclassified,,0
0,Event,,ANTI_INTEGRIN,,Ulcerative Colitis,Severe,0
0,Event,,ANTI_INTEGRIN,,Ulcerative Colitis,,0
0,Event,,ANTI_INTEGRIN,,,Moderate,0
0,Event,,ANTI_INTERLEUKIN,female,IBD-Unclassified,Severe,0
0,Event,,ANTI_INTERLEUKIN,female,IBD-Unclassified,,0
0,Event,,ANTI_INTERLEUKIN,female,,Severe,0
0,Event,,ANTI_INTERLEUKIN,female,,,0
0,Event,,ANTI_INTERLEUKIN,male,Ulcerative Colitis,Severe,0
0,Event,,ANTI_INTERLEUKIN,male,Ulcerative Colitis,,0
0,Event,,ANTI_INTERLEUKIN,male,,Severe,0
0,Event,,ANTI_INTERLEUKIN,male,,,0
0,Event,,ANTI_INTERLEUKIN,,IBD-Unclassified,Severe,0
0,Event,,ANTI_INTERLEUKIN,,IBD-Unclassified,,0
0,Event,,ANTI_INTERLEUKIN,,Ulcerative Colitis,Severe,0
0,Event,,ANTI_INTERLEUKIN,,Ulcerative Colitis,,0
0,Event,,ANTI_TNF,female,Crohn's Disease,Moderate,0
0,Event,,ANTI_TNF,female,Crohn's Disease,,0
0,Event,,ANTI_TNF,female,IBD-Unclassified,Moderate,0
0,Event,,ANTI_TNF,female,IBD-Unclassified,,0
0,Event,,ANTI_TNF,male,Ulcerative Colitis,Mild,0
0,Event,,ANTI_TNF,male,Ulcerative Colitis,Severe,0
0,Event,,ANTI_TNF,male,,Mild,0
0,Event,,ANTI_TNF,male,,Severe,0
0,Event,,ANTI_TNF,,Crohn's Disease,Moderate,0
0,Event,,ANTI_TNF,,Crohn's Disease,,0
0,Event,,ANTI_TNF,,IBD-Unclassified,Moderate,0
0,Event,,ANTI_TNF,,IBD-Unclassified,,0
0,Event,,ANTI_TNF,,Ulcerative Colitis,Mild,0
0,Event,,ANTI_TNF,,Ulcerative Colitis,Severe,0
0,Event,,ANTI_TNF,,,Mild,0
0,Event,,ANTI_TNF,,,Severe,0
0,Event,,CORTICOSTEROID,female,IBD-Unclassified,Mild,0
0,Event,,CORTICOSTEROID,female,IBD-Unclassified,,0
0,Event,,CORTICOSTEROID,female,Ulcerative Colitis,Moderate,0
0,Event,,CORTICOSTEROID,female,Ulcerative Colitis,,0
0,Event,,CORTICOSTEROID,female,,Mild,0
0,Event,,CORTICOSTEROID,female,,Moderate,0
0,Event,,CORTICOSTEROID,male,IBD-Unclassified,Moderate,0
0,Event,,CORTICOSTEROID,male,IBD-Unclassified,,0
0,Event,,CORTICOSTEROID,male,Ulcerative Colitis,Mild,0
0,Event,,CORTICOSTEROID,male,Ulcerative Colitis,Moderate,0
0,Event,,CORTICOSTEROID,male,,Mild,0
0,Event,,CORTICOSTEROID,,IBD-Unclassified,Mild,0
0,Event,,CORTICOSTEROID,,IBD-Unclassified,Moderate,0
0,Event,,CORTICOSTEROID,,Ulcerative Colitis,Mild,0
0,Event,,IMMUNOMODULATOR,female,Crohn's Disease,Moderate,0
0,Event,,IMMUNOMODULATOR,female,Crohn's Disease,,0
0,Event,,IMMUNOMODULATOR,female,IBD-Unclassified,Moderate,0
0,Event,,IMMUNOMODULATOR,female,IBD-Unclassified,,0
0,Event,,IMMUNOMODULATOR,female,Ulcerative Colitis,Moderate,0
0,Event,,IMMUNOMODULATOR,female,Ulcerative Colitis,,0
0,Event,,IMMUNOMODULATOR,male,IBD-Unclassified,Mild,0
0,Event,,IMMUNOMODULATOR,male,IBD-Unclassified,,0
0,Event,,IMMUNOMODULATOR,male,,Mild,0
0,Event,,IMMUNOMODULATOR,male,,,0
0,Event,,IMMUNOMODULATOR,,Crohn's Disease,Moderate,0
0,Event,,IMMUNOMODULATOR,,Crohn's Disease,,0
0,Event,,IMMUNOMODULATOR,,IBD-Unclassified,Mild,0
0,Event,,IMMUNOMODULATOR,,IBD-Unclassified,Moderate,0
0,Event,,IMMUNOMODULATOR,,Ulcerative Colitis,Moderate,0
0,Event,,IMMUNOMODULATOR,,Ulcerative Colitis,,0
0,Event,,IMMUNOMODULATOR,,,Mild,0
0,Event,,JAK_INHIBITOR,male,Ulcerative Colitis,Mild,0
0,Event,,JAK_INHIBITOR,male,Ulcerative Colitis,,0
0,Event,,JAK_INHIBITOR,male,,Mild,0
0,Event,,JAK_INHIBITOR,male,,,0
0,Event,,JAK_INHIBITOR,,Ulcerative Colitis,Mild,0
0,Event,,JAK_INHIBITOR,,Ulcerative Colitis,,0
0,Event,,JAK_INHIBITOR,,,Mild,0
0,Event,,JAK_INHIBITOR,,,,0
0,Event,,,female,Crohn's Disease,Severe,0
0,Event,,,female,IBD-Unclassified,Mild,0
0,Event,,,female,IBD-Unclassified,Severe,0
0,Event,,,female,Ulcerative Colitis,Mild,0
0,Event,,,male,IBD-Unclassified,Mild,0
0,Event,,,,Crohn's Disease,Severe,0
0,Event,,,,IBD-Unclassified,Severe,0
0,,0,ANTI_INTERLEUKIN,female,IBD-Unclassified,Severe,0
0,,0,ANTI_INTERLEUKIN,female,IBD-Unclassified,,0
0,,0,ANTI_INTERLEUKIN,female,,Severe,0
0,,0,ANTI_INTERLEUKIN,female,,,0
0,,0,ANTI_INTERLEUKIN,,IBD-Unclassified,Severe,0
0,,0,ANTI_INTERLEUKIN,,IBD-Unclassified,,0
0,,0,ANTI_INTERLEUKIN,,,Severe,0
0,,0,ANTI_INTERLEUKIN,,,,0
0,,0,ANTI_TNF,male,Ulcerative Colitis,Severe,0
0,,0,ANTI_TNF,male,Ulcerative Colitis,,0
0,,0,ANTI_TNF,male,,Severe,0
0,,0,ANTI_TNF,male,,,0
0,,0,ANTI_TNF,,Ulcerative Colitis,Severe,0
0,,0,ANTI_TNF,,Ulcerative Colitis,,0
0,,0,ANTI_TNF,,,Severe,0
0,,0,ANTI_TNF,,,,0
0,,0,IMMUNOMODULATOR,male,IBD-Unclassified,Mild,0
0,,0,IMMUNOMODULATOR,male,IBD-Unclassified,,0
0,,0,IMMUNOMODULATOR,male,,Mild,0
0,,0,IMMUNOMODULATOR,male,,,0
0,,0,IMMUNOMODULATOR,,IBD-Unclassified,Mild,0
0,,0,IMMUNOMODULATOR,,IBD-Unclassified,,0
0,,0,IMMUNOMODULATOR,,,Mild,0
0,,0,IMMUNOMODULATOR,,,,0
0,,0,,female,IBD-Unclassified,Severe,0
0,,0,,female,IBD-Unclassified,,0
0,,0,,female,,Severe,0
0,,0,,female,,,0
0,,0,,male,IBD-Unclassified,Mild,0
0,,0,,male,IBD-Unclassified,,0
0,,0,,male,Ulcerative Colitis,Severe,0
0,,0,,male,Ulcerative Colitis,,0
0,,0,,male,,Mild,0
0,,0,,male,,Severe,0
0,,0,,,IBD-Unclassified,Mild,0
0,,0,,,IBD-Unclassified,Severe,0
0,,0,,,Ulcerative Colitis,Severe,0
0,,0,,,Ulcerative Colitis,,0
0,,0,,,,Mild,0
0,,1,ANTI_INTEGRIN,male,IBD-Unclassified,Moderate,0
0,,1,ANTI_INTEGRIN,male,IBD-Unclassified,,0
0,,1,ANTI_INTEGRIN,male,,Moderate,0
0,,1,ANTI_INTEGRIN,male,,,0
0,,1,ANTI_INTEGRIN,,IBD-Unclassified,Moderate,0
0,,1,ANTI_INTEGRIN,,IBD-Unclassified,,0
0,,1,ANTI_INTEGRIN,,,Moderate,0
0,,1,ANTI_INTEGRIN,,,,0
0,,1,CORTICOSTEROID,male,Ulcerative Colitis,Moderate,0
0,,1,CORTICOSTEROID,male,Ulcerative Colitis,,0
0,,1,CORTICOSTEROID,male,,Moderate,0
0,,1,CORTICOSTEROID,male,,,0
0,,1,CORTICOSTEROID,,Ulcerative Colitis,Moderate,0
0,,1,CORTICOSTEROID,,Ulcerative Colitis,,0
0,,1,CORTICOSTEROID,,,Moderate,0
0,,1,CORTICOSTEROID,,,,0
0,,1,IMMUNOMODULATOR,female,Ulcerative Colitis,Moderate,0
0,,1,IMMUNOMODULATOR,female,Ulcerative Colitis,,0
0,,1,IMMUNOMODULATOR,female,,Moderate,0
0,,1,IMMUNOMODULATOR,female,,,0
0,,1,IMMUNOMODULATOR,,Ulcerative Colitis,Moderate,0
0,,1,IMMUNOMODULATOR,,Ulcerative Colitis,,0
0,,1,IMMUNOMODULATOR,,,Moderate,0
0,,1,IMMUNOMODULATOR,,,,0
0,,1,JAK_INHIBITOR,male,Crohn's Disease,Severe,0
0,,1,JAK_INHIBITOR,male,Crohn's Disease,,0
0,,1,JAK_INHIBITOR,male,,Severe,0
0,,1,JAK_INHIBITOR,male,,,0
0,,1,JAK_INHIBITOR,,Crohn's Disease,Severe,0
0,,1,JAK_INHIBITOR,,Crohn's Disease,,0
0,,1,JAK_INHIBITOR,,,Severe,0
0,,1,JAK_INHIBITOR,,,,0
0,,1,,female,Ulcerative Colitis,Moderate,0
0,,1,,female,Ulcerative Colitis,,0
0,,1,,female,,Moderate,0
0,,1,,female,,,0
0,,1,,male,Crohn's Disease,Severe,0
0,,1,,male,Crohn's Disease,,0
0,,1,,male,IBD-Unclassified,Moderate,0
0,,1,,male,IBD-Unclassified,,0
0,,1,,male,Ulcerative Colitis,Moderate,0
0,,1,,male,Ulcerative Colitis,,0
0,,1,,male,,Severe,0
0,,1,,,Crohn's Disease,Severe,0
0,,1,,,Crohn's Disease,,0
0,,1,,,IBD-Unclassified,Moderate,0
0,,1,,,IBD-Unclassified,,0
0,,1,,,,Severe,0
0,,2,AMINOSALICYLATE,male,Ulcerative Colitis,Moderate,0
0,,2,AMINOSALICYLATE,male,Ulcerative Colitis,,0
0,,2,AMINOSALICYLATE,male,,Moderate,0
0,,2,AMINOSALICYLATE,male,,,0
0,,2,AMINOSALICYLATE,,Ulcerative Colitis,Moderate,0
0,,2,AMINOSALICYLATE,,Ulcerative Colitis,,0
0,,2,AMINOSALICYLATE,,,Moderate,0
0,,2,AMINOSALICYLATE,,,,0
0,,2,ANTI_INTEGRIN,female,Crohn's Disease,Severe,0
0,,2,ANTI_INTEGRIN,female,Crohn's Disease,,0
0,,2,ANTI_INTEGRIN,female,,Severe,0
0,,2,ANTI_INTEGRIN,female,,,0
0,,2,ANTI_INTEGRIN,male,Ulcerative Colitis,Severe,0
0,,2,ANTI_INTEGRIN,male,Ulcerative Colitis,,0
0,,2,ANTI_INTEGRIN,male,,Severe,0
0,,2,ANTI_INTEGRIN,male,,,0
0,,2,ANTI_INTEGRIN,,Crohn's Disease,Severe,0
0,,2,ANTI_INTEGRIN,,Crohn's Disease,,0
0,,2,ANTI_INTEGRIN,,Ulcerative Colitis,Severe,0
0,,2,ANTI_INTEGRIN,,Ulcerative Colitis,,0
0,,2,ANTI_TNF,male,Ulcerative Colitis,Mild,0
0,,2,ANTI_TNF,male,Ulcerative Colitis,,0
0,,2,ANTI_TNF,male,,Mild,0
0,,2,ANTI_TNF,male,,,0
0,,2,ANTI_TNF,,Ulcerative Colitis,Mild,0
0,,2,ANTI_TNF,,Ulcerative Colitis,,0
0,,2,ANTI_TNF,,,Mild,0
0,,2,ANTI_TNF,,,,0
0,,2,CORTICOSTEROID,female,Ulcerative Colitis,Moderate,0
0,,2,CORTICOSTEROID,female,Ulcerative Colitis,,0
0,,2,CORTICOSTEROID,female,,Moderate,0
0,,2,CORTICOSTEROID,female,,,0
0,,2,CORTICOSTEROID,,Ulcerative Colitis,Moderate,0
0,,2,CORTICOSTEROID,,Ulcerative Colitis,,0
0,,2,CORTICOSTEROID,,,Moderate,0
0,,2,CORTICOSTEROID,,,,0
0,,2,IMMUNOMODULATOR,female,Crohn's Disease,Moderate,0
0,,2,IMMUNOMODULATOR,female,Crohn's Disease,,0
0,,2,IMMUNOMODULATOR,female,,Moderate,0
0,,2,IMMUNOMODULATOR,female,,,0
0,,2,IMMUNOMODULATOR,,Crohn's Disease,Moderate,0
0,,2,IMMUNOMODULATOR,,Crohn's Disease,,0
0,,2,IMMUNOMODULATOR,,,Moderate,0
0,,2,IMMUNOMODULATOR,,,,0
0,,2,,female,Crohn's Disease,Moderate,0
0,,2,,female,Crohn's Disease,Severe,0
0,,2,,female,Ulcerative Colitis,Moderate,0
0,,2,,female,Ulcerative Colitis,,0
0,,2,,female,,Severe,0
0,,2,,male,Ulcerative Colitis,Mild,0
0,,2,,male,Ulcerative Colitis,Moderate,0
0,,2,,male,Ulcerative Colitis,Severe,0
0,,2,,male,,Mild,0
0,,2,,male,,Moderate,0
0,,2,,male,,Severe,0
0,,2,,,Crohn's Disease,Moderate,0
0,,2,,,Crohn's Disease,Severe,0
0,,2,,,Ulcerative Colitis,Mild,0
0,,2,,,Ulcerative Colitis,Severe,0
0,,2,,,,Mild,0
0,,3,AMINOSALICYLATE,female,Crohn's Disease,Mild,0
0,,3,AMINOSALICYLATE,female,Crohn's Disease,,0
0,,3,AMINOSALICYLATE,female,,Mild,0
0,,3,AMINOSALICYLATE,female,,,0
0,,3,AMINOSALICYLATE,,Crohn's Disease,Mild,0
0,,3,AMINOSALICYLATE,,Crohn's Disease,,0
0,,3,AMINOSALICYLATE,,,Mild,0
0,,3,AMINOSALICYLATE,,,,0
0,,3,ANTI_INTERLEUKIN,male,Ulcerative Colitis,Severe,0
0,,3,ANTI_INTERLEUKIN,male,Ulcerative Colitis,,0
0,,3,ANTI_INTERLEUKIN,male,,Severe,0
0,,3,ANTI_INTERLEUKIN,male,,,0
0,,3,ANTI_INTERLEUKIN,,Ulcerative Colitis,Severe,0
0,,3,ANTI_INTERLEUKIN,,Ulcerative Colitis,,0
0,,3,ANTI_INTERLEUKIN,,,Severe,0
0,,3,ANTI_INTERLEUKIN,,,,0
0,,3,ANTI_TNF,female,IBD-Unclassified,Moderate,0
0,,3,ANTI_TNF,female,IBD-Unclassified,,0
0,,3,ANTI_TNF,female,,Moderate,0
0,,3,ANTI_TNF,female,,,0
0,,3,ANTI_TNF,,IBD-Unclassified,Moderate,0
0,,3,ANTI_TNF,,IBD-Unclassified,,0
0,,3,ANTI_TNF,,,Moderate,0
0,,3,ANTI_TNF,,,,0
0,,3,CORTICOSTEROID,male,IBD-Unclassified,Moderate,0
0,,3,CORTICOSTEROID,male,IBD-Unclassified,,0
0,,3,CORTICOSTEROID,male,,Moderate,0
0,,3,CORTICOSTEROID,male,,,0
0,,3,CORTICOSTEROID,,IBD-Unclassified,Moderate,0
0,,3,CORTICOSTEROID,,IBD-Unclassified,,0
0,,3,CORTICOSTEROID,,,Moderate,0
0,,3,CORTICOSTEROID,,,,0
0,,3,,female,Crohn's Disease,Mild,0
0,,3,,female,Crohn's Disease,,0
0,,3,,female,IBD-Unclassified,Moderate,0
0,,3,,female,IBD-Unclassified,,0
0,,3,,female,,Mild,0
0,,3,,female,,Moderate,0
0,,3,,male,IBD-Unclassified,Moderate,0
0,,3,,male,IBD-Unclassified,,0
0,,3,,male,Ulcerative Colitis,Severe,0
0,,3,,male,Ulcerative Colitis,,0
0,,3,,male,,Moderate,0
0,,3,,male,,Severe,0
0,,3,,,Crohn's Disease,Mild,0
0,,3,,,Crohn's Disease,,0
0,,3,,,Ulcerative Colitis,Severe,0
0,,3,,,Ulcerative Colitis,,0
0,,3,,,,Mild,0
0,,3,,,,Severe,0
0,,4,AMINOSALICYLATE,female,Ulcerative Colitis,Mild,0
0,,4,AMINOSALICYLATE,female,Ulcerative Colitis,,0
0,,4,AMINOSALICYLATE,female,,Mild,0
0,,4,AMINOSALICYLATE,female,,,0
0,,4,AMINOSALICYLATE,,Ulcerative Colitis,Mild,0
0,,4,AMINOSALICYLATE,,Ulcerative Colitis,,0
0,,4,AMINOSALICYLATE,,,Mild,0
0,,4,AMINOSALICYLATE,,,,0
0,,4,CORTICOSTEROID,female,IBD-Unclassified,Mild,0
0,,4,CORTICOSTEROID,female,IBD-Unclassified,,0
0,,4,CORTICOSTEROID,female,,Mild,0
0,,4,CORTICOSTEROID,female,,,0
0,,4,CORTICOSTEROID,,IBD-Unclassified,Mild,0
0,,4,CORTICOSTEROID,,IBD-Unclassified,,0
0,,4,CORTICOSTEROID,,,Mild,0
0,,4,CORTICOSTEROID,,,,0
0,,4,,female,IBD-Unclassified,Mild,0
0,,4,,female,IBD-Unclassified,,0
0,,4,,female,Ulcerative Colitis,Mild,0
0,,4,,female,Ulcerative Colitis,,0
0,,4,,,IBD-Unclassified,Mild,0
0,,4,,,IBD-Unclassified,,0
0,,4,,,Ulcerative Colitis,Mild,0
0,,4,,,Ulcerative Colitis,,0
0,,5,ANTI_INTEGRIN,male,IBD-Unclassified,Moderate,0
0,,5,ANTI_INTEGRIN,male,IBD-Unclassified,,0
0,,5,ANTI_INTEGRIN,male,,Moderate,0
0,,5,ANTI_INTEGRIN,male,,,0
0,,5,ANTI_INTEGRIN,,IBD-Unclassified,Moderate,0
0,,5,ANTI_INTEGRIN,,IBD-Unclassified,,0
0,,5,ANTI_INTEGRIN,,,Moderate,0
0,,5,ANTI_INTEGRIN,,,,0
0,,5,ANTI_INTERLEUKIN,male,Crohn's Disease,Severe,0
0,,5,ANTI_INTERLEUKIN,male,Crohn's Disease,,0
0,,5,ANTI_INTERLEUKIN,male,,Severe,0
0,,5,ANTI_INTERLEUKIN,male,,,0
0,,5,ANTI_INTERLEUKIN,,Crohn's Disease,Severe,0
0,,5,ANTI_INTERLEUKIN,,Crohn's Disease,,0
0,,5,ANTI_INTERLEUKIN,,,Severe,0
0,,5,ANTI_INTERLEUKIN,,,,0
0,,5,CORTICOSTEROID,male,IBD-Unclassified,Moderate,0
0,,5,CORTICOSTEROID,male,IBD-Unclassified,,0
0,,5,CORTICOSTEROID,male,Ulcerative Colitis,Mild,0
0,,5,CORTICOSTEROID,male,Ulcerative Colitis,,0
0,,5,CORTICOSTEROID,male,,Mild,0
0,,5,CORTICOSTEROID,male,,Moderate,0
0,,5,CORTICOSTEROID,,IBD-Unclassified,Moderate,0
0,,5,CORTICOSTEROID,,IBD-Unclassified,,0
0,,5,CORTICOSTEROID,,Ulcerative Colitis,Mild,0
0,,5,CORTICOSTEROID,,Ulcerative Colitis,,0
0,,5,CORTICOSTEROID,,,Mild,0
0,,5,CORTICOSTEROID,,,Moderate,0
0,,5,IMMUNOMODULATOR,female,Crohn's Disease,Moderate,0
0,,5,IMMUNOMODULATOR,female,Crohn's Disease,,0
0,,5,IMMUNOMODULATOR,female,IBD-Unclassified,Moderate,0
0,,5,IMMUNOMODULATOR,female,IBD-Unclassified,,0
0,,5,IMMUNOMODULATOR,,Crohn's Disease,Moderate,0
0,,5,IMMUNOMODULATOR,,Crohn's Disease,,0
0,,5,IMMUNOMODULATOR,,IBD-Unclassified,Moderate,0
0,,5,IMMUNOMODULATOR,,IBD-Unclassified,,0
0,,5,JAK_INHIBITOR,male,Ulcerative Colitis,Mild,0
0,,5,JAK_INHIBITOR,male,Ulcerative Colitis,,0
0,,5,JAK_INHIBITOR,male,,Mild,0
0,,5,JAK_INHIBITOR,male,,,0
0,,5,JAK_INHIBITOR,,Ulcerative Colitis,Mild,0
0,,5,JAK_INHIBITOR,,Ulcerative Colitis,,0
0,,5,JAK_INHIBITOR,,,Mild,0
0,,5,JAK_INHIBITOR,,,,0
0,,5,,female,Crohn's Disease,Moderate,0
0,,5,,female,Crohn's Disease,,0
0,,5,,female,IBD-Unclassified,Moderate,0
0,,5,,female,IBD-Unclassified,,0
0,,5,,male,Crohn's Disease,Severe,0
0,,5,,male,Crohn's Disease,,0
0,,5,,male,,Severe,0
0,,5,,,Crohn's Disease,Moderate,0
0,,5,,,Crohn's Disease,Severe,0
0,,5,,,,Severe,0
0,,,AMINOSALICYLATE,female,Crohn's Disease,Mild,0
0,,,AMINOSALICYLATE,female,Crohn's Disease,,0
0,,,AMINOSALICYLATE,female,Ulcerative Colitis,Mild,0
0,,,AMINOSALICYLATE,female,Ulcerative Colitis,,0
0,,,AMINOSALICYLATE,male,Ulcerative Colitis,Moderate,0
0,,,AMINOSALICYLATE,male,Ulcerative Colitis,,0
0,,,AMINOSALICYLATE,male,,Moderate,0
0,,,AMINOSALICYLATE,male,,,0
0,,,AMINOSALICYLATE,,Crohn's Disease,Mild,0
0,,,AMINOSALICYLATE,,Crohn's Disease,,0
0,,,AMINOSALICYLATE,,Ulcerative Colitis,Mild,0
0,,,AMINOSALICYLATE,,Ulcerative Colitis,Moderate,0
0,,,AMINOSALICYLATE,,,Moderate,0
0,,,ANTI_INTEGRIN,female,Crohn's Disease,Severe,0
0,,,ANTI_INTEGRIN,female,Crohn's Disease,,0
0,,,ANTI_INTEGRIN,female,,Severe,0
0,,,ANTI_INTEGRIN,female,,,0
0,,,ANTI_INTEGRIN,male,Ulcerative Colitis,Severe,0
0,,,ANTI_INTEGRIN,male,Ulcerative Colitis,,0
0,,,ANTI_INTEGRIN,male,,Severe,0
0,,,ANTI_INTEGRIN,,Crohn's Disease,Severe,0
0,,,ANTI_INTEGRIN,,Crohn's Disease,,0
0,,,ANTI_INTEGRIN,,Ulcerative Colitis,Severe,0
0,,,ANTI_INTEGRIN,,Ulcerative Colitis,,0
0,,,ANTI_INTERLEUKIN,female,IBD-Unclassified,Severe,0
0,,,ANTI_INTERLEUKIN,female,IBD-Unclassified,,0
0,,,ANTI_INTERLEUKIN,female,,Severe,0
0,,,ANTI_INTERLEUKIN,female,,,0
0,,,ANTI_INTERLEUKIN,male,Crohn's Disease,Severe,0
0,,,ANTI_INTERLEUKIN,male,Crohn's Disease,,0
0,,,ANTI_INTERLEUKIN,male,Ulcerative Colitis,Severe,0
0,,,ANTI_INTERLEUKIN,male,Ulcerative Colitis,,0
0,,,ANTI_INTERLEUKIN,,Crohn's Disease,Severe,0
0,,,ANTI_INTERLEUKIN,,Crohn's Disease,,0
0,,,ANTI_INTERLEUKIN,,IBD-Unclassified,Severe,0
0,,,ANTI_INTERLEUKIN,,IBD-Unclassified,,0
0,,,ANTI_INTERLEUKIN,,Ulcerative Colitis,Severe,0
0,,,ANTI_INTERLEUKIN,,Ulcerative Colitis,,0
0,,,ANTI_TNF,female,IBD-Unclassified,Moderate,0
0,,,ANTI_TNF,female,IBD-Unclassified,,0
0,,,ANTI_TNF,male,Ulcerative Colitis,Mild,0
0,,,ANTI_TNF,male,Ulcerative Colitis,Severe,0
0,,,ANTI_TNF,male,,Mild,0
0,,,ANTI_TNF,male,,Severe,0
0,,,ANTI_TNF,,IBD-Unclassified,Moderate,0
0,,,ANTI_TNF,,IBD-Unclassified,,0
0,,,ANTI_TNF,,Ulcerative Colitis,Mild,0
0,,,ANTI_TNF,,Ulcerative Colitis,Severe,0
0,,,ANTI_TNF,,,Mild,0
0,,,ANTI_TNF,,,Severe,0
0,,,CORTICOSTEROID,female,IBD-Unclassified,Mild,0
0,,,CORTICOSTEROID,female,IBD-Unclassified,,0
0,,,CORTICOSTEROID,female,Ulcerative Colitis,Moderate,0
0,,,CORTICOSTEROID,female,Ulcerative Colitis,,0
0,,,CORTICOSTEROID,female,,Mild,0
0,,,CORTICOSTEROID,female,,Moderate,0
0,,,CORTICOSTEROID,male,Ulcerative Colitis,Mild,0
0,,,CORTICOSTEROID,male,Ulcerative Colitis,Moderate,0
0,,,CORTICOSTEROID,male,,Mild,0
0,,,CORTICOSTEROID,,IBD-Unclassified,Mild,0
0,,,CORTICOSTEROID,,Ulcerative Colitis,Mild,0
0,,,IMMUNOMODULATOR,female,IBD-Unclassified,Moderate,0
0,,,IMMUNOMODULATOR,female,IBD-Unclassified,,0
0,,,IMMUNOMODULATOR,female,Ulcerative Colitis,Moderate,0
0,,,IMMUNOMODULATOR,female,Ulcerative Colitis,,0
0,,,IMMUNOMODULATOR,male,IBD-Unclassified,Mild,0
0,,,IMMUNOMODULATOR,male,IBD-Unclassified,,0
0,,,IMMUNOMODULATOR,male,,Mild,0
0,,,IMMUNOMODULATOR,male,,,0
0,,,IMMUNOMODULATOR,,IBD-Unclassified,Mild,0
0,,,IMMUNOMODULATOR,,IBD-Unclassified,Moderate,0
0,,,IMMUNOMODULATOR,,Ulcerative Colitis,Moderate,0
0,,,IMMUNOMODULATOR,,Ulcerative Colitis,,0
0,,,IMMUNOMODULATOR,,,Mild,0
0,,,JAK_INHIBITOR,male,Crohn's Disease,Severe,0
0,,,JAK_INHIBITOR,male,Crohn's Disease,,0
0,,,JAK_INHIBITOR,male,Ulcerative Colitis,Mild,0
0,,,JAK_INHIBITOR,male,Ulcerative Colitis,,0
0,,,JAK_INHIBITOR,male,,Mild,0
0,,,JAK_INHIBITOR,male,,Severe,0
0,,,JAK_INHIBITOR,,Crohn's Disease,Severe,0
0,,,JAK_INHIBITOR,,Crohn's Disease,,0
0,,,JAK_INHIBITOR,,Ulcerative Colitis,Mild,0
0,,,JAK_INHIBITOR,,Ulcerative Colitis,,0
0,,,JAK_INHIBITOR,,,Mild,0
0,,,JAK_INHIBITOR,,,Severe,0
0,,,,female,Crohn's Disease,Mild,0
0,,,,female,Crohn's Disease,Severe,0
0,,,,female,IBD-Unclassified,Mild,0
0,,,,female,IBD-Unclassified,Severe,0
0,,,,female,Ulcerative Colitis,Mild,0
0,,,,male,IBD-Unclassified,Mild,0
0,,,,,Crohn's Disease,Mild,0
0,,,,,IBD-Unclassified,Severe,0
1,Censored,0,CORTICOSTEROID,female,Ulcerative Colitis,Mild,0
1,Censored,0,CORTICOSTEROID,female,Ulcerative Colitis,,0
1,Censored,0,CORTICOSTEROID,female,,Mild,0
1,Censored,0,CORTICOSTEROID,female,,,0
1,Censored,0,CORTICOSTEROID,,Ulcerative Colitis,Mild,0
1,Censored,0,CORTICOSTEROID,,Ulcerative Colitis,,0
1,Censored,0,CORTICOSTEROID,,,Mild,0
1,Censored,0,CORTICOSTEROID,,,,0
1,Censored,0,IMMUNOMODULATOR,female,Ulcerative Colitis,Mild,0
1,Censored,0,IMMUNOMODULATOR,female,Ulcerative Colitis,,0
1,Censored,0,IMMUNOMODULATOR,female,,Mild,0
1,Censored,0,IMMUNOMODULATOR,female,,,0
1,Censored,0,IMMUNOMODULATOR,,Ulcerative Colitis,Mild,0
1,Censored,0,IMMUNOMODULATOR,,Ulcerative Colitis,,0
1,Censored,0,IMMUNOMODULATOR,,,Mild,0
1,Censored,0,IMMUNOMODULATOR,,,,0
1,Censored,2,CORTICOSTEROID,female,Crohn's Disease,Mild,0
1,Censored,2,CORTICOSTEROID,female,Crohn's Disease,,0
1,Censored,2,CORTICOSTEROID,female,,Mild,0
1,Censored,2,CORTICOSTEROID,female,,,0
1,Censored,2,CORTICOSTEROID,,Crohn's Disease,Mild,0
1,Censored,2,CORTICOSTEROID,,Crohn's Disease,,0
1,Censored,2,CORTICOSTEROID,,,Mild,0
1,Censored,2,CORTICOSTEROID,,,,0
1,Censored,2,,female,Crohn's Disease,Mild,0
1,Censored,2,,female,Crohn's Disease,,0
1,Censored,2,,female,,Mild,0
1,Censored,2,,female,,,0
1,Censored,2,,,Crohn's Disease,Mild,0
1,Censored,2,,,Crohn's Disease,,0
1,Censored,2,,,,Mild,0
1,Censored,2,,,,,0
1,Censored,3,AMINOSALICYLATE,female,IBD-Unclassified,Mild,0
1,Censored,3,AMINOSALICYLATE,female,IBD-Unclassified,,0
1,Censored,3,AMINOSALICYLATE,female,,Mild,0
1,Censored,3,AMINOSALICYLATE,female,,,0
1,Censored,3,AMINOSALICYLATE,,IBD-Unclassified,Mild,0
1,Censored,3,AMINOSALICYLATE,,IBD-Unclassified,,0
1,Censored,3,AMINOSALICYLATE,,,Mild,0
1,Censored,3,AMINOSALICYLATE,,,,0
1,Censored,3,IMMUNOMODULATOR,female,Crohn's Disease,Severe,0
1,Censored,3,IMMUNOMODULATOR,female,Crohn's Disease,,0
1,Censored,3,IMMUNOMODULATOR,female,,Severe,0
1,Censored,3,IMMUNOMODULATOR,female,,,0
1,Censored,3,IMMUNOMODULATOR,,Crohn's Disease,Severe,0
1,Censored,3,IMMUNOMODULATOR,,Crohn's Disease,,0
1,Censored,3,IMMUNOMODULATOR,,,Severe,0
1,Censored,3,IMMUNOMODULATOR,,,,0
1,Censored,3,,female,Crohn's Disease,Severe,0
1,Censored,3,,female,Crohn's Disease,,0
1,Censored,3,,female,IBD-Unclassified,Mild,0
1,Censored,3,,female,IBD-Unclassified,,0
1,Censored,3,,female,,Mild,0
1,Censored,3,,female,,Severe,0
1,Censored,3,,,Crohn's Disease,Severe,0
1,Censored,3,,,Crohn's Disease,,0
1,Censored,3,,,IBD-Unclassified,Mild,0
1,Censored,3,,,IBD-Unclassified,,0
1,Censored,3,,,,Mild,0
1,Censored,3,,,,Severe,0
1,Censored,4,ANTI_INTERLEUKIN,female,IBD-Unclassified,Severe,0
1,Censored,4,ANTI_INTERLEUKIN,female,IBD-Unclassified,,0
1,Censored,4,ANTI_INTERLEUKIN,female,,Severe,0
1,Censored,4,ANTI_INTERLEUKIN,female,,,0
1,Censored,4,ANTI_INTERLEUKIN,,IBD-Unclassified,Severe,0
1,Censored,4,ANTI_INTERLEUKIN,,IBD-Unclassified,,0
1,Censored,4,ANTI_INTERLEUKIN,,,Severe,0
1,Censored,4,ANTI_INTERLEUKIN,,,,0
1,Censored,4,ANTI_TNF,male,Crohn's Disease,Severe,0
1,Censored,4,ANTI_TNF,male,Crohn's Disease,,0
1,Censored,4,ANTI_TNF,male,,Severe,0
1,Censored,4,ANTI_TNF,male,,,0
1,Censored,4,ANTI_TNF,,Crohn's Disease,Severe,0
1,Censored,4,ANTI_TNF,,Crohn's Disease,,0
1,Censored,4,ANTI_TNF,,,Severe,0
1,Censored,4,ANTI_TNF,,,,0
1,Censored,4,IMMUNOMODULATOR,female,IBD-Unclassified,Mild,0
1,Censored,4,IMMUNOMODULATOR,female,IBD-Unclassified,,0
1,Censored,4,IMMUNOMODULATOR,female,,Mild,0
1,Censored,4,IMMUNOMODULATOR,female,,,0
1,Censored,4,IMMUNOMODULATOR,,IBD-Unclassified,Mild,0
1,Censored,4,IMMUNOMODULATOR,,IBD-Unclassified,,0
1,Censored,4,IMMUNOMODULATOR,,,Mild,0
1,Censored,4,IMMUNOMODULATOR,,,,0
1,Censored,4,,female,IBD-Unclassified,Mild,0
1,Censored,4,,female,IBD-Unclassified,Severe,0
1,Censored,4,,female,,Mild,0
1,Censored,4,,female,,Severe,0
1,Censored,4,,male,Crohn's Disease,Severe,0
1,Censored,4,,male,Crohn's Disease,,0
1,Censored,4,,male,,Severe,0
1,Censored,4,,male,,,0
1,Censored,4,,,Crohn's Disease,Severe,0
1,Censored,4,,,Crohn's Disease,,0
1,Censored,4,,,IBD-Unclassified,Mild,0
1,Censored,4,,,IBD-Unclassified,Severe,0
1,Censored,4,,,,Mild,0
1,Censored,5,AMINOSALICYLATE,female,Crohn's Disease,Mild,0
1,Censored,5,AMINOSALICYLATE,female,Crohn's Disease,,0
1,Censored,5,AMINOSALICYLATE,female,,Mild,0
1,Censored,5,AMINOSALICYLATE,female,,,0
1,Censored,5,AMINOSALICYLATE,male,Ulcerative Colitis,Mild,0
1,Censored,5,AMINOSALICYLATE,male,Ulcerative Colitis,,0
1,Censored,5,AMINOSALICYLATE,male,,Mild,0
1,Censored,5,AMINOSALICYLATE,male,,,0
1,Censored,5,AMINOSALICYLATE,,Crohn's Disease,Mild,0
1,Censored,5,AMINOSALICYLATE,,Crohn's Disease,,0
1,Censored,5,AMINOSALICYLATE,,Ulcerative Colitis,Mild,0
1,Censored,5,AMINOSALICYLATE,,Ulcerative Colitis,,0
1,Censored,5,CORTICOSTEROID,female,Crohn's Disease,Moderate,0
1,Censored,5,CORTICOSTEROID,female,Crohn's Disease,,0
1,Censored,5,CORTICOSTEROID,female,,Moderate,0
1,Censored,5,CORTICOSTEROID,female,,,0
1,Censored,5,CORTICOSTEROID,,Crohn's Disease,Moderate,0
1,Censored,5,CORTICOSTEROID,,Crohn's Disease,,0
1,Censored,5,CORTICOSTEROID,,,Moderate,0
1,Censored,5,CORTICOSTEROID,,,,0
1,Censored,5,IMMUNOMODULATOR,male,IBD-Unclassified,Mild,0
1,Censored,5,IMMUNOMODULATOR,male,IBD-Unclassified,,0
1,Censored,5,IMMUNOMODULATOR,male,,Mild,0
1,Censored,5,IMMUNOMODULATOR,male,,,0
1,Censored,5,IMMUNOMODULATOR,,IBD-Unclassified,Mild,0
1,Censored,5,IMMUNOMODULATOR,,IBD-Unclassified,,0
1,Censored,5,IMMUNOMODULATOR,,,Mild,0
1,Censored,5,IMMUNOMODULATOR,,,,0
1,Censored,5,,female,Crohn's Disease,Mild,0
1,Censored,5,,female,Crohn's Disease,Moderate,0
1,Censored,5,,female,,Mild,0
1,Censored,5,,female,,Moderate,0
1,Censored,5,,male,IBD-Unclassified,Mild,0
1,Censored,5,,male,IBD-Unclassified,,0
1,Censored,5,,male,Ulcerative Colitis,Mild,0
1,Censored,5,,male,Ulcerative Colitis,,0
1,Censored,5,,,Crohn's Disease,Mild,0
1,Censored,5,,,Crohn's Disease,Moderate,0
1,Censored,5,,,IBD-Unclassified,Mild,0
1,Censored,5,,,IBD-Unclassified,,0
1,Censored,5,,,Ulcerative Colitis,Mild,0
1,Censored,5,,,Ulcerative Colitis,,0
1,Censored,5,,,,Moderate,0
1,Censored,,AMINOSALICYLATE,female,Crohn's Disease,Mild,0
1,Censored,,AMINOSALICYLATE,female,Crohn's Disease,,0
1,Censored,,AMINOSALICYLATE,female,IBD-Unclassified,Mild,0
1,Censored,,AMINOSALICYLATE,female,IBD-Unclassified,,0
1,Censored,,AMINOSALICYLATE,male,Ulcerative Colitis,Mild,0
1,Censored,,AMINOSALICYLATE,male,Ulcerative Colitis,,0
1,Censored,,AMINOSALICYLATE,male,,Mild,0
1,Censored,,AMINOSALICYLATE,male,,,0
1,Censored,,AMINOSALICYLATE,,Crohn's Disease,Mild,0
1,Censored,,AMINOSALICYLATE,,Crohn's Disease,,0
1,Censored,,AMINOSALICYLATE,,IBD-Unclassified,Mild,0
1,Censored,,AMINOSALICYLATE,,IBD-Unclassified,,0
1,Censored,,AMINOSALICYLATE,,Ulcerative Colitis,Mild,0
1,Censored,,AMINOSALICYLATE,,Ulcerative Colitis,,0
1,Censored,,ANTI_INTERLEUKIN,female,IBD-Unclassified,Severe,0
1,Censored,,ANTI_INTERLEUKIN,female,IBD-Unclassified,,0
1,Censored,,ANTI_INTERLEUKIN,female,,Severe,0
1,Censored,,ANTI_INTERLEUKIN,female,,,0
1,Censored,,ANTI_INTERLEUKIN,,IBD-Unclassified,Severe,0
1,Censored,,ANTI_INTERLEUKIN,,IBD-Unclassified,,0
1,Censored,,ANTI_INTERLEUKIN,,,Severe,0
1,Censored,,ANTI_INTERLEUKIN,,,,0
1,Censored,,ANTI_TNF,male,Crohn's Disease,Severe,0
1,Censored,,ANTI_TNF,male,Crohn's Disease,,0
1,Censored,,ANTI_TNF,male,,Severe,0
1,Censored,,ANTI_TNF,male,,,0
1,Censored,,ANTI_TNF,,Crohn's Disease,Severe,0
1,Censored,,ANTI_TNF,,Crohn's Disease,,0
1,Censored,,ANTI_TNF,,,Severe,0
1,Censored,,ANTI_TNF,,,,0
1,Censored,,CORTICOSTEROID,female,Crohn's Disease,Mild,0
1,Censored,,CORTICOSTEROID,female,Crohn's Disease,Moderate,0
1,Censored,,CORTICOSTEROID,female,Ulcerative Colitis,Mild,0
1,Censored,,CORTICOSTEROID,female,Ulcerative Colitis,,0
1,Censored,,CORTICOSTEROID,female,,Moderate,0
1,Censored,,CORTICOSTEROID,,Crohn's Disease,Mild,0
1,Censored,,CORTICOSTEROID,,Crohn's Disease,Moderate,0
1,Censored,,CORTICOSTEROID,,Ulcerative Colitis,Mild,0
1,Censored,,CORTICOSTEROID,,Ulcerative Colitis,,0
1,Censored,,CORTICOSTEROID,,,Moderate,0
1,Censored,,IMMUNOMODULATOR,female,Crohn's Disease,Severe,0
1,Censored,,IMMUNOMODULATOR,female,Crohn's Disease,,0
1,Censored,,IMMUNOMODULATOR,female,IBD-Unclassified,Mild,0
1,Censored,,IMMUNOMODULATOR,female,IBD-Unclassified,,0
1,Censored,,IMMUNOMODULATOR,female,Ulcerative Colitis,Mild,0
1,Censored,,IMMUNOMODULATOR,female,Ulcerative Colitis,,0
1,Censored,,IMMUNOMODULATOR,female,,Severe,0
1,Censored,,IMMUNOMODULATOR,male,IBD-Unclassified,Mild,0
1,Censored,,IMMUNOMODULATOR,male,IBD-Unclassified,,0
1,Censored,,IMMUNOMODULATOR,male,,Mild,0
1,Censored,,IMMUNOMODULATOR,male,,,0
1,Censored,,IMMUNOMODULATOR,,Crohn's Disease,Severe,0
1,Censored,,IMMUNOMODULATOR,,Crohn's Disease,,0
1,Censored,,IMMUNOMODULATOR,,Ulcerative Colitis,Mild,0
1,Censored,,IMMUNOMODULATOR,,Ulcerative Colitis,,0
1,Censored,,IMMUNOMODULATOR,,,Severe,0
1,Censored,,,female,Crohn's Disease,Moderate,0
1,Censored,,,female,Crohn's Disease,Severe,0
1,Censored,,,female,IBD-Unclassified,Severe,0
1,Censored,,,female,,Moderate,0
1,Censored,,,male,Crohn's Disease,Severe,0
1,Censored,,,male,Crohn's Disease,,0
1,Censored,,,male,IBD-Unclassified,Mild,0
1,Censored,,,male,IBD-Unclassified,,0
1,Censored,,,male,Ulcerative Colitis,Mild,0
1,Censored,,,male,Ulcerative Colitis,,0
1,Censored,,,male,,Severe,0
1,Censored,,,,Crohn's Disease,Moderate,0
1,Censored,,,,IBD-Unclassified,Severe,0
1,Censored,,,,,Moderate,0
1,Event,0,AMINOSALICYLATE,female,Ulcerative Colitis,Mild,0
1,Event,0,AMINOSALICYLATE,female,Ulcerative Colitis,,0
1,Event,0,AMINOSALICYLATE,female,,Mild,0
1,Event,0,AMINOSALICYLATE,female,,,0
1,Event,0,AMINOSALICYLATE,,Ulcerative Colitis,Mild,0
1,Event,0,AMINOSALICYLATE,,Ulcerative Colitis,,0
1,Event,0,AMINOSALICYLATE,,,Mild,0
1,Event,0,AMINOSALICYLATE,,,,0
1,Event,0,IMMUNOMODULATOR,female,Ulcerative Colitis,Mild,0
1,Event,0,IMMUNOMODULATOR,female,Ulcerative Colitis,,0
1,Event,0,IMMUNOMODULATOR,female,,Mild,0
1,Event,0,IMMUNOMODULATOR,female,,,0
1,Event,0,IMMUNOMODULATOR,,Ulcerative Colitis,Mild,0
1,Event,0,IMMUNOMODULATOR,,Ulcerative Colitis,,0
1,Event,0,IMMUNOMODULATOR,,,Mild,0
1,Event,0,IMMUNOMODULATOR,,,,0
1,Event,1,AMINOSALICYLATE,male,Crohn's Disease,Mild,0
1,Event,1,AMINOSALICYLATE,male,Crohn's Disease,,0
1,Event,1,AMINOSALICYLATE,male,,Mild,0
1,Event,1,AMINOSALICYLATE,male,,,0
1,Event,1,AMINOSALICYLATE,,Crohn's Disease,Mild,0
1,Event,1,AMINOSALICYLATE,,Crohn's Disease,,0
1,Event,1,AMINOSALICYLATE,,,Mild,0
1,Event,1,AMINOSALICYLATE,,,,0
1,Event,1,ANTI_INTEGRIN,female,Crohn's Disease,Severe,0
1,Event,1,ANTI_INTEGRIN,female,Crohn's Disease,,0
1,Event,1,ANTI_INTEGRIN,female,,Severe,0
1,Event,1,ANTI_INTEGRIN,female,,,0
1,Event,1,ANTI_INTEGRIN,,Crohn's Disease,Severe,0
1,Event,1,ANTI_INTEGRIN,,Crohn's Disease,,0
1,Event,1,ANTI_INTEGRIN,,,Severe,0
1,Event,1,ANTI_INTEGRIN,,,,0
1,Event,1,ANTI_TNF,female,Crohn's Disease,Moderate,0
1,Event,1,ANTI_TNF,female,Crohn's Disease,,0
1,Event,1,ANTI_TNF,female,,Moderate,0
1,Event,1,ANTI_TNF,female,,,0
1,Event,1,ANTI_TNF,,Crohn's Disease,Moderate,0
1,Event,1,ANTI_TNF,,Crohn's Disease,,0
1,Event,1,ANTI_TNF,,,Moderate,0
1,Event,1,ANTI_TNF,,,,0
1,Event,1,IMMUNOMODULATOR,female,IBD-Unclassified,Moderate,0
1,Event,1,IMMUNOMODULATOR,female,IBD-Unclassified,,0
1,Event,1,IMMUNOMODULATOR,female,,Moderate,0
1,Event,1,IMMUNOMODULATOR,female,,,0
1,Event,1,IMMUNOMODULATOR,,IBD-Unclassified,Moderate,0
1,Event,1,IMMUNOMODULATOR,,IBD-Unclassified,,0
1,Event,1,IMMUNOMODULATOR,,,Moderate,0
1,Event,1,IMMUNOMODULATOR,,,,0
1,Event,1,,female,Crohn's Disease,Moderate,0
1,Event,1,,female,Crohn's Disease,Severe,0
1,Event,1,,female,IBD-Unclassified,Moderate,0
1,Event,1,,female,IBD-Unclassified,,0
1,Event,1,,female,,Severe,0
1,Event,1,,male,Crohn's Disease,Mild,0
1,Event,1,,male,Crohn's Disease,,0
1,Event,1,,male,,Mild,0
1,Event,1,,male,,,0
1,Event,1,,,Crohn's Disease,Mild,0
1,Event,1,,,Crohn's Disease,Moderate,0
1,Event,1,,,Crohn's Disease,Severe,0
1,Event,1,,,IBD-Unclassified,Moderate,0
1,Event,1,,,IBD-Unclassified,,0
1,Event,1,,,,Mild,0
1,Event,1,,,,Severe,0
1,Event,2,AMINOSALICYLATE,male,Crohn's Disease,Severe,0
1,Event,2,AMINOSALICYLATE,male,Crohn's Disease,,0
1,Event,2,AMINOSALICYLATE,male,,Severe,0
1,Event,2,AMINOSALICYLATE,male,,,0
1,Event,2,AMINOSALICYLATE,,Crohn's Disease,Severe,0
1,Event,2,AMINOSALICYLATE,,Crohn's Disease,,0
1,Event,2,AMINOSALICYLATE,,,Severe,0
1,Event,2,AMINOSALICYLATE,,,,0
1,Event,2,ANTI_TNF,female,Crohn's Disease,Mild,0
1,Event,2,ANTI_TNF,female,Crohn's Disease,,0
1,Event,2,ANTI_TNF,female,,Mild,0
1,Event,2,ANTI_TNF,female,,,0
1,Event,2,ANTI_TNF,male,Ulcerative Colitis,Severe,0
1,Event,2,ANTI_TNF,male,Ulcerative Colitis,,0
1,Event,2,ANTI_TNF,male,,Severe,0
1,Event,2,ANTI_TNF,male,,,0
1,Event,2,ANTI_TNF,,Crohn's Disease,Mild,0
1,Event,2,ANTI_TNF,,Crohn's Disease,,0
1,Event,2,ANTI_TNF,,Ulcerative Colitis,Severe,0
1,Event,2,ANTI_TNF,,Ulcerative Colitis,,0
1,Event,2,ANTI_TNF,,,Mild,0
1,Event,2,ANTI_TNF,,,Severe,0
1,Event,2,JAK_INHIBITOR,female,Crohn's Disease,Moderate,0
1,Event,2,JAK_INHIBITOR,female,Crohn's Disease,,0
1,Event,2,JAK_INHIBITOR,female,,Moderate,0
1,Event,2,JAK_INHIBITOR,female,,,0
1,Event,2,JAK_INHIBITOR,,Crohn's Disease,Moderate,0
1,Event,2,JAK_INHIBITOR,,Crohn's Disease,,0
1,Event,2,JAK_INHIBITOR,,,Moderate,0
1,Event,2,JAK_INHIBITOR,,,,0
1,Event,2,,female,Crohn's Disease,Mild,0
1,Event,2,,female,Crohn's Disease,Moderate,0
1,Event,2,,female,,Mild,0
1,Event,2,,female,,Moderate,0
1,Event,2,,male,Crohn's Disease,Severe,0
1,Event,2,,male,Crohn's Disease,,0
1,Event,2,,male,Ulcerative Colitis,Severe,0
1,Event,2,,male,Ulcerative Colitis,,0
1,Event,2,,,Crohn's Disease,Mild,0
1,Event,2,,,Crohn's Disease,Moderate,0
1,Event,2,,,Crohn's Disease,Severe,0
1,Event,2,,,Ulcerative Colitis,Severe,0
1,Event,2,,,Ulcerative Colitis,,0
1,Event,2,,,,Mild,0
1,Event,2,,,,Moderate,0
1,Event,3,ANTI_TNF,female,Ulcerative Colitis,Moderate,0
1,Event,3,ANTI_TNF,female,Ulcerative Colitis,,0
1,Event,3,ANTI_TNF,female,,Moderate,0
1,Event,3,ANTI_TNF,female,,,0
1,Event,3,ANTI_TNF,male,Ulcerative Colitis,Moderate,0
1,Event,3,ANTI_TNF,male,Ulcerative Colitis,,0
1,Event,3,ANTI_TNF,male,,Moderate,0
1,Event,3,ANTI_TNF,male,,,0
1,Event,3,IMMUNOMODULATOR,male,IBD-Unclassified,Moderate,0
1,Event,3,IMMUNOMODULATOR,male,IBD-Unclassified,,0
1,Event,3,IMMUNOMODULATOR,male,Ulcerative Colitis,Mild,0
1,Event,3,IMMUNOMODULATOR,male,Ulcerative Colitis,,0
1,Event,3,IMMUNOMODULATOR,male,,Mild,0
1,Event,3,IMMUNOMODULATOR,male,,Moderate,0
1,Event,3,IMMUNOMODULATOR,,IBD-Unclassified,Moderate,0
1,Event,3,IMMUNOMODULATOR,,IBD-Unclassified,,0
1,Event,3,IMMUNOMODULATOR,,Ulcerative Colitis,Mild,0
1,Event,3,IMMUNOMODULATOR,,Ulcerative Colitis,,0
1,Event,3,IMMUNOMODULATOR,,,Mild,0
1,Event,3,IMMUNOMODULATOR,,,Moderate,0
1,Event,3,,female,Ulcerative Colitis,Moderate,0
1,Event,3,,female,Ulcerative Colitis,,0
1,Event,3,,male,IBD-Unclassified,Moderate,0
1,Event,3,,male,IBD-Unclassified,,0
1,Event,3,,male,Ulcerative Colitis,Mild,0
1,Event,3,,male,Ulcerative Colitis,Moderate,0
1,Event,3,,male,,Mild,0
1,Event,3,,,Ulcerative Colitis,Mild,0
1,Event,3,,,,Mild,0
1,Event,4,ANTI_INTERLEUKIN,female,Ulcerative Colitis,Mild,0
1,Event,4,ANTI_INTERLEUKIN,female,Ulcerative Colitis,,0
1,Event,4,ANTI_INTERLEUKIN,female,,Mild,0
1,Event,4,ANTI_INTERLEUKIN,female,,,0
1,Event,4,ANTI_INTERLEUKIN,,Ulcerative Colitis,Mild,0
1,Event,4,ANTI_INTERLEUKIN,,Ulcerative Colitis,,0
1,Event,4,ANTI_INTERLEUKIN,,,Mild,0
1,Event,4,ANTI_INTERLEUKIN,,,,0
1,Event,4,ANTI_TNF,male,Ulcerative Colitis,Severe,0
1,Event,4,ANTI_TNF,male,Ulcerative Colitis,,0
1,Event,4,ANTI_TNF,male,,Severe,0
1,Event,4,ANTI_TNF,male,,,0
1,Event,4,ANTI_TNF,,Ulcerative Colitis,Severe,0
1,Event,4,ANTI_TNF,,Ulcerative Colitis,,0
1,Event,4,ANTI_TNF,,,Severe,0
1,Event,4,ANTI_TNF,,,,0
1,Event,4,CORTICOSTEROID,male,Crohn's Disease,Moderate,0
1,Event,4,CORTICOSTEROID,male,Crohn's Disease,,0
1,Event,4,CORTICOSTEROID,male,Ulcerative Colitis,Moderate,0
1,Event,4,CORTICOSTEROID,male,Ulcerative Colitis,,0
1,Event,4,CORTICOSTEROID,,Crohn's Disease,Moderate,0
1,Event,4,CORTICOSTEROID,,Crohn's Disease,,0
1,Event,4,CORTICOSTEROID,,Ulcerative Colitis,Moderate,0
1,Event,4,CORTICOSTEROID,,Ulcerative Colitis,,0
1,Event,4,,female,Ulcerative Colitis,Mild,0
1,Event,4,,female,Ulcerative Colitis,,0
1,Event,4,,female,,Mild,0
1,Event,4,,female,,,0
1,Event,4,,male,Crohn's Disease,Moderate,0
1,Event,4,,male,Crohn's Disease,,0
1,Event,4,,male,Ulcerative Colitis,Moderate,0
1,Event,4,,male,Ulcerative Colitis,Severe,0
1,Event,4,,male,,Severe,0
1,Event,4,,,Crohn's Disease,Moderate,0
1,Event,4,,,Crohn's Disease,,0
1,Event,4,,,Ulcerative Colitis,Mild,0
1,Event,4,,,Ulcerative Colitis,Moderate,0
1,Event,4,,,Ulcerative Colitis,Severe,0
1,Event,4,,,,Mild,0
1,Event,4,,,,Severe,0
1,Event,5,ANTI_TNF,male,IBD-Unclassified,Severe,0
1,Event,5,ANTI_TNF,male,IBD-Unclassified,,0
1,Event,5,ANTI_TNF,male,,Severe,0
1,Event,5,ANTI_TNF,male,,,0
1,Event,5,ANTI_TNF,,IBD-Unclassified,Severe,0
1,Event,5,ANTI_TNF,,IBD-Unclassified,,0
1,Event,5,ANTI_TNF,,,Severe,0
1,Event,5,ANTI_TNF,,,,0
1,Event,5,CORTICOSTEROID,female,Crohn's Disease,Moderate,0
1,Event,5,CORTICOSTEROID,female,Crohn's Disease,,0
1,Event,5,CORTICOSTEROID,female,,Moderate,0
1,Event,5,CORTICOSTEROID,female,,,0
1,Event,5,CORTICOSTEROID,male,Crohn's Disease,Moderate,0
1,Event,5,CORTICOSTEROID,male,Crohn's Disease,,0
1,Event,5,CORTICOSTEROID,male,,Moderate,0
1,Event,5,CORTICOSTEROID,male,,,0
1,Event,5,IMMUNOMODULATOR,female,Ulcerative Colitis,Moderate,0
1,Event,5,IMMUNOMODULATOR,female,Ulcerative Colitis,,0
1,Event,5,IMMUNOMODULATOR,female,,Moderate,0
1,Event,5,IMMUNOMODULATOR,female,,,0
1,Event,5,IMMUNOMODULATOR,male,IBD-Unclassified,Mild,0
1,Event,5,IMMUNOMODULATOR,male,IBD-Unclassified,,0
1,Event,5,IMMUNOMODULATOR,male,,Mild,0
1,Event,5,IMMUNOMODULATOR,male,,,0
1,Event,5,IMMUNOMODULATOR,,IBD-Unclassified,Mild,0
1,Event,5,IMMUNOMODULATOR,,IBD-Unclassified,,0
1,Event,5,IMMUNOMODULATOR,,Ulcerative Colitis,Moderate,0
1,Event,5,IMMUNOMODULATOR,,Ulcerative Colitis,,0
1,Event,5,IMMUNOMODULATOR,,,Mild,0
1,Event,5,IMMUNOMODULATOR,,,Moderate,0
1,Event,5,JAK_INHIBITOR,female,Crohn's Disease,Moderate,0
1,Event,5,JAK_INHIBITOR,female,Crohn's Disease,,0
1,Event,5,JAK_INHIBITOR,female,,Moderate,0
1,Event,5,JAK_INHIBITOR,female,,,0
1,Event,5,JAK_INHIBITOR,,Crohn's Disease,Moderate,0
1,Event,5,JAK_INHIBITOR,,Crohn's Disease,,0
1,Event,5,JAK_INHIBITOR,,,Moderate,0
1,Event,5,JAK_INHIBITOR,,,,0
1,Event,5,,female,Ulcerative Colitis,Moderate,0
1,Event,5,,female,Ulcerative Colitis,,0
1,Event,5,,male,Crohn's Disease,Moderate,0
1,Event,5,,male,Crohn's Disease,,0
1,Event,5,,male,IBD-Unclassified,Mild,0
1,Event,5,,male,IBD-Unclassified,Severe,0
1,Event,5,,male,,Mild,0
1,Event,5,,male,,Moderate,0
1,Event,5,,male,,Severe,0
1,Event,5,,,IBD-Unclassified,Mild,0
1,Event,5,,,IBD-Unclassified,Severe,0
1,Event,5,,,Ulcerative Colitis,Moderate,0
1,Event,5,,,Ulcerative Colitis,,0
1,Event,5,,,,Mild,0
1,Event,5,,,,Severe,0
1,Event,,AMINOSALICYLATE,female,Ulcerative Colitis,Mild,0
1,Event,,AMINOSALICYLATE,female,Ulcerative Colitis,,0
1,Event,,AMINOSALICYLATE,female,,Mild,0
1,Event,,AMINOSALICYLATE,male,Crohn's Disease,Mild,0
1,Event,,AMINOSALICYLATE,male,Crohn's Disease,Severe,0
1,Event,,AMINOSALICYLATE,male,,Mild,0
1,Event,,AMINOSALICYLATE,male,,Severe,0
1,Event,,AMINOSALICYLATE,,Crohn's Disease,Mild,0
1,Event,,AMINOSALICYLATE,,Crohn's Disease,Severe,0
1,Event,,AMINOSALICYLATE,,Ulcerative Colitis,Mild,0
1,Event,,AMINOSALICYLATE,,Ulcerative Colitis,,0
1,Event,,AMINOSALICYLATE,,,Severe,0
1,Event,,ANTI_INTEGRIN,female,Crohn's Disease,Severe,0
1,Event,,ANTI_INTEGRIN,female,Crohn's Disease,,0
1,Event,,ANTI_INTEGRIN,female,,Severe,0
1,Event,,ANTI_INTEGRIN,female,,,0
1,Event,,ANTI_INTEGRIN,,Crohn's Disease,Severe,0
1,Event,,ANTI_INTEGRIN,,Crohn's Disease,,0
1,Event,,ANTI_INTEGRIN,,,Severe,0
1,Event,,ANTI_INTEGRIN,,,,0
1,Event,,ANTI_INTERLEUKIN,female,Ulcerative Colitis,Mild,0
1,Event,,ANTI_INTERLEUKIN,female,Ulcerative Colitis,,0
1,Event,,ANTI_INTERLEUKIN,female,,Mild,0
1,Event,,ANTI_INTERLEUKIN,female,,,0
1,Event,,ANTI_INTERLEUKIN,,Ulcerative Colitis,Mild,0
1,Event,,ANTI_INTERLEUKIN,,Ulcerative Colitis,,0
1,Event,,ANTI_INTERLEUKIN,,,Mild,0
1,Event,,ANTI_INTERLEUKIN,,,,0
1,Event,,ANTI_TNF,female,Crohn's Disease,Mild,0
1,Event,,ANTI_TNF,female,Crohn's Disease,Moderate,0
1,Event,,ANTI_TNF,female,Ulcerative Colitis,Moderate,0
1,Event,,ANTI_TNF,female,Ulcerative Colitis,,0
1,Event,,ANTI_TNF,female,,Mild,0
1,Event,,ANTI_TNF,male,IBD-Unclassified,Severe,0
1,Event,,ANTI_TNF,male,IBD-Unclassified,,0
1,Event,,ANTI_TNF,male,Ulcerative Colitis,Moderate,0
1,Event,,ANTI_TNF,male,,Moderate,0
1,Event,,ANTI_TNF,,Crohn's Disease,Mild,0
1,Event,,ANTI_TNF,,Crohn's Disease,Moderate,0
1,Event,,ANTI_TNF,,IBD-Unclassified,Severe,0
1,Event,,ANTI_TNF,,IBD-Unclassified,,0
1,Event,,ANTI_TNF,,,Mild,0
1,Event,,CORTICOSTEROID,female,Crohn's Disease,Moderate,0
1,Event,,CORTICOSTEROID,female,Crohn's Disease,,0
1,Event,,CORTICOSTEROID,female,,Moderate,0
1,Event,,CORTICOSTEROID,female,,,0
1,Event,,CORTICOSTEROID,male,Ulcerative Colitis,Moderate,0
1,Event,,CORTICOSTEROID,male,Ulcerative Colitis,,0
1,Event,,CORTICOSTEROID,,Ulcerative Colitis,Moderate,0
1,Event,,CORTICOSTEROID,,Ulcerative Colitis,,0
1,Event,,IMMUNOMODULATOR,female,IBD-Unclassified,Moderate,0
1,Event,,IMMUNOMODULATOR,female,IBD-Unclassified,,0
1,Event,,IMMUNOMODULATOR,female,Ulcerative Colitis,Mild,0
1,Event,,IMMUNOMODULATOR,female,Ulcerative Colitis,Moderate,0
1,Event,,IMMUNOMODULATOR,female,,Mild,0
1,Event,,IMMUNOMODULATOR,male,IBD-Unclassified,Mild,0
1,Event,,IMMUNOMODULATOR,male,IBD-Unclassified,Moderate,0
1,Event,,IMMUNOMODULATOR,male,Ulcerative Colitis,Mild,0
1,Event,,IMMUNOMODULATOR,male,Ulcerative Colitis,,0
1,Event,,IMMUNOMODULATOR,male,,Moderate,0
1,Event,,IMMUNOMODULATOR,,IBD-Unclassified,Mild,0
1,Event,,IMMUNOMODULATOR,,Ulcerative Colitis,Moderate,0
1,Event,,,female,Crohn's Disease,Mild,0
1,Event,,,female,Crohn's Disease,Severe,0
1,Event,,,female,,Severe,0
1,Event,,,male,Crohn's Disease,Mild,0
1,Event,,,male,Crohn's Disease,Severe,0
1,Event,,,male,IBD-Unclassified,Mild,0
1,Event,,,male,IBD-Unclassified,Moderate,0
1,Event,,,male,IBD-Unclassified,Severe,0
1,Event,,,male,Ulcerative Colitis,Mild,0
1,Event,,,,IBD-Unclassified,Mild,0
1,Event,,,,IBD-Unclassified,Severe,0
1,,0,AMINOSALICYLATE,female,Ulcerative Colitis,Mild,0
1,,0,AMINOSALICYLATE,female,Ulcerative Colitis,,0
1,,0,AMINOSALICYLATE,female,,Mild,0
1,,0,AMINOSALICYLATE,female,,,0
1,,0,AMINOSALICYLATE,,Ulcerative Colitis,Mild,0
1,,0,AMINOSALICYLATE,,Ulcerative Colitis,,0
1,,0,AMINOSALICYLATE,,,Mild,0
1,,0,AMINOSALICYLATE,,,,0
1,,0,CORTICOSTEROID,female,Ulcerative Colitis,Mild,0
1,,0,CORTICOSTEROID,female,Ulcerative Colitis,,0
1,,0,CORTICOSTEROID,female,,Mild,0
1,,0,CORTICOSTEROID,female,,,0
1,,0,CORTICOSTEROID,,Ulcerative Colitis,Mild,0
1,,0,CORTICOSTEROID,,Ulcerative Colitis,,0
1,,0,CORTICOSTEROID,,,Mild,0
1,,0,CORTICOSTEROID,,,,0
1,,1,AMINOSALICYLATE,male,Crohn's Disease,Mild,0
1,,1,AMINOSALICYLATE,male,Crohn's Disease,,0
1,,1,AMINOSALICYLATE,male,,Mild,0
1,,1,AMINOSALICYLATE,male,,,0
1,,1,AMINOSALICYLATE,,Crohn's Disease,Mild,0
1,,1,AMINOSALICYLATE,,Crohn's Disease,,0
1,,1,AMINOSALICYLATE,,,Mild,0
1,,1,AMINOSALICYLATE,,,,0
1,,1,ANTI_INTEGRIN,female,Crohn's Disease,Severe,0
1,,1,ANTI_INTEGRIN,female,Crohn's Disease,,0
1,,1,ANTI_INTEGRIN,female,,Severe,0
1,,1,ANTI_INTEGRIN,female,,,0
1,,1,ANTI_INTEGRIN,,Crohn's Disease,Severe,0
1,,1,ANTI_INTEGRIN,,Crohn's Disease,,0
1,,1,ANTI_INTEGRIN,,,Severe,0
1,,1,ANTI_INTEGRIN,,,,0
1,,1,ANTI_TNF,female,Crohn's Disease,Moderate,0
1,,1,ANTI_TNF,female,Crohn's Disease,,0
1,,1,ANTI_TNF,female,,Moderate,0
1,,1,ANTI_TNF,female,,,0
1,,1,ANTI_TNF,,Crohn's Disease,Moderate,0
1,,1,ANTI_TNF,,Crohn's Disease,,0
1,,1,ANTI_TNF,,,Moderate,0
1,,1,ANTI_TNF,,,,0
1,,1,IMMUNOMODULATOR,female,IBD-Unclassified,Moderate,0
1,,1,IMMUNOMODULATOR,female,IBD-Unclassified,,0
1,,1,IMMUNOMODULATOR,female,,Moderate,0
1,,1,IMMUNOMODULATOR,female,,,0
1,,1,IMMUNOMODULATOR,,IBD-Unclassified,Moderate,0
1,,1,IMMUNOMODULATOR,,IBD-Unclassified,,0
1,,1,IMMUNOMODULATOR,,,Moderate,0
1,,1,IMMUNOMODULATOR,,,,0
1,,1,,female,Crohn's Disease,Moderate,0
1,,1,,female,Crohn's Disease,Severe,0
1,,1,,female,IBD-Unclassified,Moderate,0
1,,1,,female,IBD-Unclassified,,0
1,,1,,female,,Severe,0
1,,1,,male,Crohn's Disease,Mild,0
1,,1,,male,Crohn's Disease,,0
1,,1,,male,,Mild,0
1,,1,,male,,,0
1,,1,,,Crohn's Disease,Mild,0
1,,1,,,Crohn's Disease,Moderate,0
1,,1,,,Crohn's Disease,Severe,0
1,,1,,,IBD-Unclassified,Moderate,0
1,,1,,,IBD-Unclassified,,0
1,,1,,,,Mild,0
1,,1,,,,Severe,0
1,,2,AMINOSALICYLATE,male,Crohn's Disease,Severe,0
1,,2,AMINOSALICYLATE,male,Crohn's Disease,,0
1,,2,AMINOSALICYLATE,male,,Severe,0
1,,2,AMINOSALICYLATE,male,,,0
1,,2,AMINOSALICYLATE,,Crohn's Disease,Severe,0
1,,2,AMINOSALICYLATE,,Crohn's Disease,,0
1,,2,AMINOSALICYLATE,,,Severe,0
1,,2,AMINOSALICYLATE,,,,0
1,,2,ANTI_TNF,female,Crohn's Disease,Mild,0
1,,2,ANTI_TNF,female,Crohn's Disease,,0
1,,2,ANTI_TNF,female,,Mild,0
1,,2,ANTI_TNF,female,,,0
1,,2,ANTI_TNF,male,Ulcerative Colitis,Severe,0
1,,2,ANTI_TNF,male,Ulcerative Colitis,,0
1,,2,ANTI_TNF,male,,Severe,0
1,,2,ANTI_TNF,male,,,0
1,,2,ANTI_TNF,,Crohn's Disease,Mild,0
1,,2,ANTI_TNF,,Crohn's Disease,,0
1,,2,ANTI_TNF,,Ulcerative Colitis,Severe,0
1,,2,ANTI_TNF,,Ulcerative Colitis,,0
1,,2,ANTI_TNF,,,Mild,0
1,,2,ANTI_TNF,,,Severe,0
1,,2,CORTICOSTEROID,female,Crohn's Disease,Mild,0
1,,2,CORTICOSTEROID,female,Crohn's Disease,,0
1,,2,CORTICOSTEROID,female,,Mild,0
1,,2,CORTICOSTEROID,female,,,0
1,,2,CORTICOSTEROID,,Crohn's Disease,Mild,0
1,,2,CORTICOSTEROID,,Crohn's Disease,,0
1,,2,CORTICOSTEROID,,,Mild,0
1,,2,CORTICOSTEROID,,,,0
1,,2,JAK_INHIBITOR,female,Crohn's Disease,Moderate,0
1,,2,JAK_INHIBITOR,female,Crohn's Disease,,0
1,,2,JAK_INHIBITOR,female,,Moderate,0
1,,2,JAK_INHIBITOR,female,,,0
1,,2,JAK_INHIBITOR,,Crohn's Disease,Moderate,0
1,,2,JAK_INHIBITOR,,Crohn's Disease,,0
1,,2,JAK_INHIBITOR,,,Moderate,0
1,,2,JAK_INHIBITOR,,,,0
1,,2,,female,Crohn's Disease,Moderate,0
1,,2,,female,,Moderate,0
1,,2,,male,Crohn's Disease,Severe,0
1,,2,,male,Crohn's Disease,,0
1,,2,,male,Ulcerative Colitis,Severe,0
1,,2,,male,Ulcerative Colitis,,0
1,,2,,,Crohn's Disease,Moderate,0
1,,2,,,Crohn's Disease,Severe,0
1,,2,,,Ulcerative Colitis,Severe,0
1,,2,,,Ulcerative Colitis,,0
1,,2,,,,Moderate,0
1,,3,AMINOSALICYLATE,female,IBD-Unclassified,Mild,0
1,,3,AMINOSALICYLATE,female,,Mild,0
1,,3,AMINOSALICYLATE,,IBD-Unclassified,Mild,0
1,,3,AMINOSALICYLATE,,,Mild,0
1,,3,ANTI_TNF,female,Ulcerative Colitis,Moderate,0
1,,3,ANTI_TNF,female,Ulcerative Colitis,,0
1,,3,ANTI_TNF,female,,Moderate,0
1,,3,ANTI_TNF,female,,,0
1,,3,ANTI_TNF,male,Ulcerative Colitis,Moderate,0
1,,3,ANTI_TNF,male,Ulcerative Colitis,,0
1,,3,ANTI_TNF,male,,Moderate,0
1,,3,ANTI_TNF,male,,,0
1,,3,IMMUNOMODULATOR,female,Crohn's Disease,Severe,0
1,,3,IMMUNOMODULATOR,female,Crohn's Disease,,0
1,,3,IMMUNOMODULATOR,female,,Severe,0
1,,3,IMMUNOMODULATOR,female,,,0
1,,3,IMMUNOMODULATOR,male,IBD-Unclassified,Moderate,0
1,,3,IMMUNOMODULATOR,male,IBD-Unclassified,,0
1,,3,IMMUNOMODULATOR,male,Ulcerative Colitis,Mild,0
1,,3,IMMUNOMODULATOR,male,Ulcerative Colitis,,0
1,,3,IMMUNOMODULATOR,male,,Mild,0
1,,3,IMMUNOMODULATOR,male,,Moderate,0
1,,3,IMMUNOMODULATOR,,Crohn's Disease,Severe,0
1,,3,IMMUNOMODULATOR,,Crohn's Disease,,0
1,,3,IMMUNOMODULATOR,,IBD-Unclassified,Moderate,0
1,,3,IMMUNOMODULATOR,,IBD-Unclassified,,0
1,,3,IMMUNOMODULATOR,,Ulcerative Colitis,Mild,0
1,,3,IMMUNOMODULATOR,,Ulcerative Colitis,,0
1,,3,IMMUNOMODULATOR,,,Mild,0
1,,3,IMMUNOMODULATOR,,,Moderate,0
1,,3,IMMUNOMODULATOR,,,Severe,0
1,,3,,female,Crohn's Disease,Severe,0
1,,3,,female,Crohn's Disease,,0
1,,3,,female,IBD-Unclassified,Mild,0
1,,3,,female,Ulcerative Colitis,Moderate,0
1,,3,,female,Ulcerative Colitis,,0
1,,3,,female,,Mild,0
1,,3,,female,,Severe,0
1,,3,,male,IBD-Unclassified,Moderate,0
1,,3,,male,IBD-Unclassified,,0
1,,3,,male,Ulcerative Colitis,Mild,0
1,,3,,male,Ulcerative Colitis,Moderate,0
1,,3,,male,,Mild,0
1,,3,,,Crohn's Disease,Severe,0
1,,3,,,Crohn's Disease,,0
1,,3,,,IBD-Unclassified,Mild,0
1,,3,,,Ulcerative Colitis,Mild,0
1,,3,,,,Severe,0
1,,4,ANTI_INTERLEUKIN,female,IBD-Unclassified,Severe,0
1,,4,ANTI_INTERLEUKIN,female,IBD-Unclassified,,0
1,,4,ANTI_INTERLEUKIN,female,Ulcerative Colitis,Mild,0
1,,4,ANTI_INTERLEUKIN,female,Ulcerative Colitis,,0
1,,4,ANTI_INTERLEUKIN,female,,Mild,0
1,,4,ANTI_INTERLEUKIN,female,,Severe,0
1,,4,ANTI_INTERLEUKIN,,IBD-Unclassified,Severe,0
1,,4,ANTI_INTERLEUKIN,,IBD-Unclassified,,0
1,,4,ANTI_INTERLEUKIN,,Ulcerative Colitis,Mild,0
1,,4,ANTI_INTERLEUKIN,,Ulcerative Colitis,,0
1,,4,ANTI_INTERLEUKIN,,,Mild,0
1,,4,ANTI_INTERLEUKIN,,,Severe,0
1,,4,ANTI_TNF,male,Crohn's Disease,Severe,0
1,,4,ANTI_TNF,male,Crohn's Disease,,0
1,,4,ANTI_TNF,male,Ulcerative Colitis,Severe,0
1,,4,ANTI_TNF,male,Ulcerative Colitis,,0
1,,4,ANTI_TNF,,Crohn's Disease,Severe,0
1,,4,ANTI_TNF,,Crohn's Disease,,0
1,,4,ANTI_TNF,,Ulcerative Colitis,Severe,0
1,,4,ANTI_TNF,,Ulcerative Colitis,,0
1,,4,CORTICOSTEROID,male,Crohn's Disease,Moderate,0
1,,4,CORTICOSTEROID,male,Crohn's Disease,,0
1,,4,CORTICOSTEROID,male,Ulcerative Colitis,Moderate,0
1,,4,CORTICOSTEROID,male,Ulcerative Colitis,,0
1,,4,CORTICOSTEROID,,Crohn's Disease,Moderate,0
1,,4,CORTICOSTEROID,,Crohn's Disease,,0
1,,4,CORTICOSTEROID,,Ulcerative Colitis,Moderate,0
1,,4,CORTICOSTEROID,,Ulcerative Colitis,,0
1,,4,IMMUNOMODULATOR,female,IBD-Unclassified,Mild,0
1,,4,IMMUNOMODULATOR,female,IBD-Unclassified,,0
1,,4,IMMUNOMODULATOR,female,,Mild,0
1,,4,IMMUNOMODULATOR,female,,,0
1,,4,IMMUNOMODULATOR,,IBD-Unclassified,Mild,0
1,,4,IMMUNOMODULATOR,,IBD-Unclassified,,0
1,,4,IMMUNOMODULATOR,,,Mild,0
1,,4,IMMUNOMODULATOR,,,,0
1,,4,,female,IBD-Unclassified,Mild,0
1,,4,,female,IBD-Unclassified,Severe,0
1,,4,,female,Ulcerative Colitis,Mild,0
1,,4,,female,Ulcerative Colitis,,0
1,,4,,female,,Severe,0
1,,4,,male,Crohn's Disease,Moderate,0
1,,4,,male,Crohn's Disease,Severe,0
1,,4,,male,Ulcerative Colitis,Moderate,0
1,,4,,male,Ulcerative Colitis,Severe,0
1,,4,,,Crohn's Disease,Moderate,0
1,,4,,,Crohn's Disease,Severe,0
1,,4,,,IBD-Unclassified,Mild,0
1,,4,,,IBD-Unclassified,Severe,0
1,,4,,,Ulcerative Colitis,Mild,0
1,,4,,,Ulcerative Colitis,Moderate,0
1,,4,,,Ulcerative Colitis,Severe,0
1,,5,AMINOSALICYLATE,female,Crohn's Disease,Mild,0
1,,5,AMINOSALICYLATE,female,Crohn's Disease,,0
1,,5,AMINOSALICYLATE,female,,Mild,0
1,,5,AMINOSALICYLATE,female,,,0
1,,5,AMINOSALICYLATE,male,Ulcerative Colitis,Mild,0
1,,5,AMINOSALICYLATE,male,Ulcerative Colitis,,0
1,,5,AMINOSALICYLATE,male,,Mild,0
1,,5,AMINOSALICYLATE,male,,,0
1,,5,AMINOSALICYLATE,,Crohn's Disease,Mild,0
1,,5,AMINOSALICYLATE,,Crohn's Disease,,0
1,,5,AMINOSALICYLATE,,Ulcerative Colitis,Mild,0
1,,5,AMINOSALICYLATE,,Ulcerative Colitis,,0
1,,5,ANTI_TNF,male,IBD-Unclassified,Severe,0
1,,5,ANTI_TNF,male,IBD-Unclassified,,0
1,,5,ANTI_TNF,male,,Severe,0
1,,5,ANTI_TNF,male,,,0
1,,5,ANTI_TNF,,IBD-Unclassified,Severe,0
1,,5,ANTI_TNF,,IBD-Unclassified,,0
1,,5,ANTI_TNF,,,Severe,0
1,,5,ANTI_TNF,,,,0
1,,5,CORTICOSTEROID,male,Crohn's Disease,Moderate,0
1,,5,CORTICOSTEROID,male,Crohn's Disease,,0
1,,5,CORTICOSTEROID,male,,Moderate,0
1,,5,CORTICOSTEROID,male,,,0
1,,5,IMMUNOMODULATOR,female,Ulcerative Colitis,Moderate,0
1,,5,IMMUNOMODULATOR,female,Ulcerative Colitis,,0
1,,5,IMMUNOMODULATOR,female,,Moderate,0
1,,5,IMMUNOMODULATOR,female,,,0
1,,5,IMMUNOMODULATOR,,Ulcerative Colitis,Moderate,0
1,,5,IMMUNOMODULATOR,,Ulcerative Colitis,,0
1,,5,IMMUNOMODULATOR,,,Moderate,0
1,,5,JAK_INHIBITOR,female,Crohn's Disease,Moderate,0
1,,5,JAK_INHIBITOR,female,Crohn's Disease,,0
1,,5,JAK_INHIBITOR,female,,Moderate,0
1,,5,JAK_INHIBITOR,female,,,0
1,,5,JAK_INHIBITOR,,Crohn's Disease,Moderate,0
1,,5,JAK_INHIBITOR,,Crohn's Disease,,0
1,,5,JAK_INHIBITOR,,,Moderate,0
1,,5,JAK_INHIBITOR,,,,0
1,,5,,female,Crohn's Disease,Mild,0
1,,5,,female,Ulcerative Colitis,Moderate,0
1,,5,,female,Ulcerative Colitis,,0
1,,5,,female,,Mild,0
1,,5,,male,Crohn's Disease,Moderate,0
1,,5,,male,Crohn's Disease,,0
1,,5,,male,IBD-Unclassified,Severe,0
1,,5,,male,Ulcerative Colitis,Mild,0
1,,5,,male,Ulcerative Colitis,,0
1,,5,,male,,Moderate,0
1,,5,,male,,Severe,0
1,,5,,,Crohn's Disease,Mild,0
1,,5,,,IBD-Unclassified,Severe,0
1,,5,,,Ulcerative Colitis,Mild,0
1,,5,,,Ulcerative Colitis,Moderate,0
1,,5,,,,Severe,0
1,,,AMINOSALICYLATE,female,Crohn's Disease,Mild,0
1,,,AMINOSALICYLATE,female,Crohn's Disease,,0
1,,,AMINOSALICYLATE,female,IBD-Unclassified,Mild,0
1,,,AMINOSALICYLATE,female,Ulcerative Colitis,Mild,0
1,,,AMINOSALICYLATE,female,Ulcerative Colitis,,0
1,,,AMINOSALICYLATE,male,Crohn's Disease,Mild,0
1,,,AMINOSALICYLATE,male,Crohn's Disease,Severe,0
1,,,AMINOSALICYLATE,male,Ulcerative Colitis,Mild,0
1,,,AMINOSALICYLATE,male,Ulcerative Colitis,,0
1,,,AMINOSALICYLATE,male,,Severe,0
1,,,AMINOSALICYLATE,,Crohn's Disease,Severe,0
1,,,AMINOSALICYLATE,,IBD-Unclassified,Mild,0
1,,,AMINOSALICYLATE,,,Severe,0
1,,,ANTI_INTEGRIN,female,Crohn's Disease,Severe,0
1,,,ANTI_INTEGRIN,female,Crohn's Disease,,0
1,,,ANTI_INTEGRIN,female,,Severe,0
1,,,ANTI_INTEGRIN,female,,,0
1,,,ANTI_INTEGRIN,,Crohn's Disease,Severe,0
1,,,ANTI_INTEGRIN,,Crohn's Disease,,0
1,,,ANTI_INTEGRIN,,,Severe,0
1,,,ANTI_INTEGRIN,,,,0
1,,,ANTI_INTERLEUKIN,female,IBD-Unclassified,Severe,0
1,,,ANTI_INTERLEUKIN,female,IBD-Unclassified,,0
1,,,ANTI_INTERLEUKIN,female,Ulcerative Colitis,Mild,0
1,,,ANTI_INTERLEUKIN,female,Ulcerative Colitis,,0
1,,,ANTI_INTERLEUKIN,female,,Mild,0
1,,,ANTI_INTERLEUKIN,female,,Severe,0
1,,,ANTI_INTERLEUKIN,,IBD-Unclassified,Severe,0
1,,,ANTI_INTERLEUKIN,,IBD-Unclassified,,0
1,,,ANTI_INTERLEUKIN,,Ulcerative Colitis,Mild,0
1,,,ANTI_INTERLEUKIN,,Ulcerative Colitis,,0
1,,,ANTI_INTERLEUKIN,,,Mild,0
1,,,ANTI_INTERLEUKIN,,,Severe,0
1,,,ANTI_TNF,female,Crohn's Disease,Mild,0
1,,,ANTI_TNF,female,Crohn's Disease,Moderate,0
1,,,ANTI_TNF,female,Ulcerative Colitis,Moderate,0
1,,,ANTI_TNF,female,Ulcerative Colitis,,0
1,,,ANTI_TNF,female,,Mild,0
1,,,ANTI_TNF,male,Crohn's Disease,Severe,0
1,,,ANTI_TNF,male,Crohn's Disease,,0
1,,,ANTI_TNF,male,IBD-Unclassified,Severe,0
1,,,ANTI_TNF,male,IBD-Unclassified,,0
1,,,ANTI_TNF,male,Ulcerative Colitis,Moderate,0
1,,,ANTI_TNF,male,,Moderate,0
1,,,ANTI_TNF,,Crohn's Disease,Mild,0
1,,,ANTI_TNF,,Crohn's Disease,Moderate,0
1,,,ANTI_TNF,,Crohn's Disease,Severe,0
1,,,ANTI_TNF,,IBD-Unclassified,Severe,0
1,,,ANTI_TNF,,IBD-Unclassified,,0
1,,,ANTI_TNF,,,Mild,0
1,,,CORTICOSTEROID,female,Crohn's Disease,Mild,0
1,,,CORTICOSTEROID,female,Ulcerative Colitis,Mild,0
1,,,CORTICOSTEROID,female,Ulcerative Colitis,,0
1,,,CORTICOSTEROID,male,Ulcerative Colitis,Moderate,0
1,,,CORTICOSTEROID,male,Ulcerative Colitis,,0
1,,,CORTICOSTEROID,,Crohn's Disease,Mild,0
1,,,CORTICOSTEROID,,Ulcerative Colitis,Mild,0
1,,,CORTICOSTEROID,,Ulcerative Colitis,Moderate,0
1,,,IMMUNOMODULATOR,female,Crohn's Disease,Severe,0
1,,,IMMUNOMODULATOR,female,Crohn's Disease,,0
1,,,IMMUNOMODULATOR,female,IBD-Unclassified,Mild,0
1,,,IMMUNOMODULATOR,female,IBD-Unclassified,Moderate,0
1,,,IMMUNOMODULATOR,female,Ulcerative Colitis,Moderate,0
1,,,IMMUNOMODULATOR,female,,Severe,0
1,,,IMMUNOMODULATOR,male,IBD-Unclassified,Moderate,0
1,,,IMMUNOMODULATOR,male,Ulcerative Colitis,Mild,0
1,,,IMMUNOMODULATOR,male,Ulcerative Colitis,,0
1,,,IMMUNOMODULATOR,male,,Moderate,0
1,,,IMMUNOMODULATOR,,Crohn's Disease,Severe,0
1,,,IMMUNOMODULATOR,,Crohn's Disease,,0
1,,,IMMUNOMODULATOR,,Ulcerative Colitis,Moderate,0
1,,,IMMUNOMODULATOR,,,Severe,0
1,,,,female,IBD-Unclassified,Severe,0
1,,,,male,Crohn's Disease,Mild,0
1,,,,male,IBD-Unclassified,Moderate,0
1,,,,male,IBD-Unclassified,Severe,0
2,Censored,2,CORTICOSTEROID,female,IBD-Unclassified,Mild,0
2,Censored,2,CORTICOSTEROID,female,IBD-Unclassified,,0
2,Censored,2,CORTICOSTEROID,female,Ulcerative Colitis,Mild,0
2,Censored,2,CORTICOSTEROID,female,Ulcerative Colitis,,0
2,Censored,2,CORTICOSTEROID,,IBD-Unclassified,Mild,0
2,Censored,2,CORTICOSTEROID,,IBD-Unclassified,,0
2,Censored,2,CORTICOSTEROID,,Ulcerative Colitis,Mild,0
2,Censored,2,CORTICOSTEROID,,Ulcerative Colitis,,0
2,Censored,2,,female,IBD-Unclassified,Mild,0
2,Censored,2,,female,IBD-Unclassified,,0
2,Censored,2,,female,Ulcerative Colitis,Mild,0
2,Censored,2,,female,Ulcerative Colitis,,0
2,Censored,2,,,IBD-Unclassified,Mild,0
2,Censored,2,,,IBD-Unclassified,,0
2,Censored,2,,,Ulcerative Colitis,Mild,0
2,Censored,2,,,Ulcerative Colitis,,0
2,Censored,3,AMINOSALICYLATE,female,Crohn's Disease,Mild,0
2,Censored,3,AMINOSALICYLATE,female,Crohn's Disease,,0
2,Censored,3,AMINOSALICYLATE,female,,Mild,0
2,Censored,3,AMINOSALICYLATE,female,,,0
2,Censored,3,AMINOSALICYLATE,,Crohn's Disease,Mild,0
2,Censored,3,AMINOSALICYLATE,,Crohn's Disease,,0
2,Censored,3,AMINOSALICYLATE,,,Mild,0
2,Censored,3,AMINOSALICYLATE,,,,0
2,Censored,3,ANTI_TNF,male,IBD-Unclassified,Severe,0
2,Censored,3,ANTI_TNF,male,IBD-Unclassified,,0
2,Censored,3,ANTI_TNF,male,,Severe,0
2,Censored,3,ANTI_TNF,male,,,0
2,Censored,3,ANTI_TNF,,IBD-Unclassified,Severe,0
2,Censored,3,ANTI_TNF,,IBD-Unclassified,,0
2,Censored,3,ANTI_TNF,,,Severe,0
2,Censored,3,ANTI_TNF,,,,0
2,Censored,3,,female,Crohn's Disease,Mild,0
2,Censored,3,,female,Crohn's Disease,,0
2,Censored,3,,female,,Mild,0
2,Censored,3,,female,,,0
2,Censored,3,,male,IBD-Unclassified,Severe,0
2,Censored,3,,male,IBD-Unclassified,,0
2,Censored,3,,male,,Severe,0
2,Censored,3,,male,,,0
2,Censored,3,,,Crohn's Disease,Mild,0
2,Censored,3,,,Crohn's Disease,,0
2,Censored,3,,,IBD-Unclassified,Severe,0
2,Censored,3,,,IBD-Unclassified,,0
2,Censored,3,,,,Mild,0
2,Censored,3,,,,Severe,0
2,Censored,4,AMINOSALICYLATE,male,IBD-Unclassified,Moderate,0
2,Censored,4,AMINOSALICYLATE,male,IBD-Unclassified,,0
2,Censored,4,AMINOSALICYLATE,male,,Moderate,0
2,Censored,4,AMINOSALICYLATE,male,,,0
2,Censored,4,AMINOSALICYLATE,,IBD-Unclassified,Moderate,0
2,Censored,4,AMINOSALICYLATE,,IBD-Unclassified,,0
2,Censored,4,AMINOSALICYLATE,,,Moderate,0
2,Censored,4,AMINOSALICYLATE,,,,0
2,Censored,4,ANTI_TNF,male,IBD-Unclassified,Severe,0
2,Censored,4,ANTI_TNF,male,IBD-Unclassified,,0
2,Censored,4,ANTI_TNF,male,,Severe,0
2,Censored,4,ANTI_TNF,male,,,0
2,Censored,4,ANTI_TNF,,IBD-Unclassified,Severe,0
2,Censored,4,ANTI_TNF,,IBD-Unclassified,,0
2,Censored,4,ANTI_TNF,,,Severe,0
2,Censored,4,ANTI_TNF,,,,0
2,Censored,4,CORTICOSTEROID,female,IBD-Unclassified,Mild,0
2,Censored,4,CORTICOSTEROID,female,IBD-Unclassified,,0
2,Censored,4,CORTICOSTEROID,female,,Mild,0
2,Censored,4,CORTICOSTEROID,female,,,0
2,Censored,4,CORTICOSTEROID,,IBD-Unclassified,Mild,0
2,Censored,4,CORTICOSTEROID,,IBD-Unclassified,,0
2,Censored,4,CORTICOSTEROID,,,Mild,0
2,Censored,4,CORTICOSTEROID,,,,0
2,Censored,4,,female,IBD-Unclassified,Mild,0
2,Censored,4,,female,IBD-Unclassified,,0
2,Censored,4,,female,,Mild,0
2,Censored,4,,female,,,0
2,Censored,4,,male,IBD-Unclassified,Moderate,0
2,Censored,4,,male,IBD-Unclassified,Severe,0
2,Censored,4,,male,,Moderate,0
2,Censored,4,,male,,Severe,0
2,Censored,4,,,IBD-Unclassified,Mild,0
2,Censored,4,,,IBD-Unclassified,Moderate,0
2,Censored,4,,,IBD-Unclassified,Severe,0
2,Censored,4,,,,Mild,0
2,Censored,4,,,,Moderate,0
2,Censored,4,,,,Severe,0
2,Censored,5,IMMUNOMODULATOR,male,Ulcerative Colitis,Moderate,0
2,Censored,5,IMMUNOMODULATOR,male,Ulcerative Colitis,,0
2,Censored,5,IMMUNOMODULATOR,male,,Moderate,0
2,Censored,5,IMMUNOMODULATOR,male,,,0
2,Censored,5,IMMUNOMODULATOR,,Ulcerative Colitis,Moderate,0
2,Censored,5,IMMUNOMODULATOR,,Ulcerative Colitis,,0
2,Censored,5,IMMUNOMODULATOR,,,Moderate,0
2,Censored,5,IMMUNOMODULATOR,,,,0
2,Censored,5,,male,Ulcerative Colitis,Moderate,0
2,Censored,5,,male,Ulcerative Colitis,,0
2,Censored,5,,male,,Moderate,0
2,Censored,5,,male,,,0
2,Censored,5,,,Ulcerative Colitis,Moderate,0
2,Censored,5,,,Ulcerative Colitis,,0
2,Censored,5,,,,Moderate,0
2,Censored,5,,,,,0
2,Censored,,AMINOSALICYLATE,female,Crohn's Disease,Mild,0
2,Censored,,AMINOSALICYLATE,female,Crohn's Disease,,0
2,Censored,,AMINOSALICYLATE,female,,Mild,0
2,Censored,,AMINOSALICYLATE,female,,,0
2,Censored,,AMINOSALICYLATE,male,IBD-Unclassified,Moderate,0
2,Censored,,AMINOSALICYLATE,male,IBD-Unclassified,,0
2,Censored,,AMINOSALICYLATE,male,,Moderate,0
2,Censored,,AMINOSALICYLATE,male,,,0
2,Censored,,AMINOSALICYLATE,,Crohn's Disease,Mild,0
2,Censored,,AMINOSALICYLATE,,Crohn's Disease,,0
2,Censored,,AMINOSALICYLATE,,IBD-Unclassified,Moderate,0
2,Censored,,AMINOSALICYLATE,,IBD-Unclassified,,0
2,Censored,,AMINOSALICYLATE,,,Mild,0
2,Censored,,AMINOSALICYLATE,,,Moderate,0
2,Censored,,CORTICOSTEROID,female,Ulcerative Colitis,Mild,0
2,Censored,,CORTICOSTEROID,female,Ulcerative Colitis,,0
2,Censored,,CORTICOSTEROID,,Ulcerative Colitis,Mild,0
2,Censored,,CORTICOSTEROID,,Ulcerative Colitis,,0
2,Censored,,IMMUNOMODULATOR,male,Ulcerative Colitis,Moderate,0
2,Censored,,IMMUNOMODULATOR,male,Ulcerative Colitis,,0
2,Censored,,IMMUNOMODULATOR,male,,Moderate,0
2,Censored,,IMMUNOMODULATOR,male,,,0
2,Censored,,IMMUNOMODULATOR,,Ulcerative Colitis,Moderate,0
2,Censored,,IMMUNOMODULATOR,,Ulcerative Colitis,,0
2,Censored,,IMMUNOMODULATOR,,,Moderate,0
2,Censored,,IMMUNOMODULATOR,,,,0
2,Censored,,,female,Crohn's Disease,Mild,0
2,Censored,,,female,Crohn's Disease,,0
2,Censored,,,female,Ulcerative Colitis,Mild,0
2,Censored,,,female,Ulcerative Colitis,,0
2,Censored,,,male,IBD-Unclassified,Moderate,0
2,Censored,,,male,Ulcerative Colitis,Moderate,0
2,Censored,,,male,Ulcerative Colitis,,0
2,Censored,,,,Crohn's Disease,Mild,0
2,Censored,,,,Crohn's Disease,,0
2,Censored,,,,IBD-Unclassified,Moderate,0
2,Censored,,,,Ulcerative Colitis,Mild,0
2,Censored,,,,Ulcerative Colitis,Moderate,0
2,Event,0,CORTICOSTEROID,male,Ulcerative Colitis,Moderate,0
2,Event,0,CORTICOSTEROID,male,Ulcerative Colitis,,0
2,Event,0,CORTICOSTEROID,male,,Moderate,0
2,Event,0,CORTICOSTEROID,male,,,0
2,Event,0,CORTICOSTEROID,,Ulcerative Colitis,Moderate,0
2,Event,0,CORTICOSTEROID,,Ulcerative Colitis,,0
2,Event,0,CORTICOSTEROID,,,Moderate,0
2,Event,0,CORTICOSTEROID,,,,0
2,Event,0,,male,Ulcerative Colitis,Moderate,0
2,Event,0,,male,Ulcerative Colitis,,0
2,Event,0,,male,,Moderate,0
2,Event,0,,male,,,0
2,Event,0,,,Ulcerative Colitis,Moderate,0
2,Event,0,,,Ulcerative Colitis,,0
2,Event,0,,,,Moderate,0
2,Event,0,,,,,0
2,Event,1,AMINOSALICYLATE,female,Ulcerative Colitis,Mild,0
2,Event,1,AMINOSALICYLATE,female,Ulcerative Colitis,Moderate,0
2,Event,1,AMINOSALICYLATE,female,,Mild,0
2,Event,1,AMINOSALICYLATE,female,,Moderate,0
2,Event,1,AMINOSALICYLATE,,Ulcerative Colitis,Mild,0
2,Event,1,AMINOSALICYLATE,,Ulcerative Colitis,Moderate,0
2,Event,1,AMINOSALICYLATE,,,Mild,0
2,Event,1,AMINOSALICYLATE,,,Moderate,0
2,Event,1,ANTI_TNF,female,Crohn's Disease,Moderate,0
2,Event,1,ANTI_TNF,female,Crohn's Disease,,0
2,Event,1,ANTI_TNF,female,,Moderate,0
2,Event,1,ANTI_TNF,female,,,0
2,Event,1,ANTI_TNF,,Crohn's Disease,Moderate,0
2,Event,1,ANTI_TNF,,Crohn's Disease,,0
2,Event,1,ANTI_TNF,,,Moderate,0
2,Event,1,ANTI_TNF,,,,0
2,Event,1,,female,Crohn's Disease,Moderate,0
2,Event,1,,female,Crohn's Disease,,0
2,Event,1,,female,Ulcerative Colitis,Mild,0
2,Event,1,,female,Ulcerative Colitis,Moderate,0
2,Event,1,,female,,Mild,0
2,Event,1,,,Crohn's Disease,Moderate,0
2,Event,1,,,Crohn's Disease,,0
2,Event,1,,,Ulcerative Colitis,Mild,0
2,Event,1,,,Ulcerative Colitis,Moderate,0
2,Event,1,,,,Mild,0
2,Event,2,AMINOSALICYLATE,female,Ulcerative Colitis,Moderate,0
2,Event,2,AMINOSALICYLATE,female,Ulcerative Colitis,,0
2,Event,2,AMINOSALICYLATE,female,,Moderate,0
2,Event,2,AMINOSALICYLATE,female,,,0
2,Event,2,AMINOSALICYLATE,,Ulcerative Colitis,Moderate,0
2,Event,2,AMINOSALICYLATE,,Ulcerative Colitis,,0
2,Event,2,AMINOSALICYLATE,,,Moderate,0
2,Event,2,AMINOSALICYLATE,,,,0
2,Event,2,IMMUNOMODULATOR,female,Crohn's Disease,Moderate,0
2,Event,2,IMMUNOMODULATOR,female,Crohn's Disease,,0
2,Event,2,IMMUNOMODULATOR,female,Ulcerative Colitis,Mild,0
2,Event,2,IMMUNOMODULATOR,female,Ulcerative Colitis,,0
2,Event,2,IMMUNOMODULATOR,female,,Mild,0
2,Event,2,IMMUNOMODULATOR,female,,Moderate,0
2,Event,2,IMMUNOMODULATOR,,Crohn's Disease,Moderate,0
2,Event,2,IMMUNOMODULATOR,,Crohn's Disease,,0
2,Event,2,IMMUNOMODULATOR,,Ulcerative Colitis,Mild,0
2,Event,2,IMMUNOMODULATOR,,Ulcerative Colitis,,0
2,Event,2,IMMUNOMODULATOR,,,Mild,0
2,Event,2,IMMUNOMODULATOR,,,Moderate,0
2,Event,2,,female,Crohn's Disease,Moderate,0
2,Event,2,,female,Crohn's Disease,,0
2,Event,2,,female,Ulcerative Colitis,Mild,0
2,Event,2,,female,Ulcerative Colitis,Moderate,0
2,Event,2,,female,,Mild,0
2,Event,2,,,Crohn's Disease,Moderate,0
2,Event,2,,,Crohn's Disease,,0
2,Event,2,,,Ulcerative Colitis,Mild,0
2,Event,2,,,Ulcerative Colitis,Moderate,0
2,Event,2,,,,Mild,0
2,Event,3,AMINOSALICYLATE,male,Crohn's Disease,Mild,0
2,Event,3,AMINOSALICYLATE,male,Crohn's Disease,,0
2,Event,3,AMINOSALICYLATE,male,,Mild,0
2,Event,3,AMINOSALICYLATE,male,,,0
2,Event,3,AMINOSALICYLATE,,Crohn's Disease,Mild,0
2,Event,3,AMINOSALICYLATE,,Crohn's Disease,,0
2,Event,3,AMINOSALICYLATE,,,Mild,0
2,Event,3,AMINOSALICYLATE,,,,0
2,Event,3,ANTI_TNF,female,IBD-Unclassified,Moderate,0
2,Event,3,ANTI_TNF,female,IBD-Unclassified,,0
2,Event,3,ANTI_TNF,female,,Moderate,0
2,Event,3,ANTI_TNF,female,,,0
2,Event,3,ANTI_TNF,,IBD-Unclassified,Moderate,0
2,Event,3,ANTI_TNF,,IBD-Unclassified,,0
2,Event,3,ANTI_TNF,,,Moderate,0
2,Event,3,ANTI_TNF,,,,0
2,Event,3,CORTICOSTEROID,male,Ulcerative Colitis,Moderate,0
2,Event,3,CORTICOSTEROID,male,Ulcerative Colitis,,0
2,Event,3,CORTICOSTEROID,male,,Moderate,0
2,Event,3,CORTICOSTEROID,male,,,0
2,Event,3,CORTICOSTEROID,,Ulcerative Colitis,Moderate,0
2,Event,3,CORTICOSTEROID,,Ulcerative Colitis,,0
2,Event,3,CORTICOSTEROID,,,Moderate,0
2,Event,3,CORTICOSTEROID,,,,0
2,Event,3,,female,IBD-Unclassified,Moderate,0
2,Event,3,,female,IBD-Unclassified,,0
2,Event,3,,female,,Moderate,0
2,Event,3,,female,,,0
2,Event,3,,male,Crohn's Disease,Mild,0
2,Event,3,,male,Crohn's Disease,,0
2,Event,3,,male,Ulcerative Colitis,Moderate,0
2,Event,3,,male,Ulcerative Colitis,,0
2,Event,3,,male,,Mild,0
2,Event,3,,male,,Moderate,0
2,Event,3,,,Crohn's Disease,Mild,0
2,Event,3,,,Crohn's Disease,,0
2,Event,3,,,IBD-Unclassified,Moderate,0
2,Event,3,,,IBD-Unclassified,,0
2,Event,3,,,Ulcerative Colitis,Moderate,0
2,Event,3,,,Ulcerative Colitis,,0
2,Event,3,,,,Mild,0
2,Event,4,CORTICOSTEROID,female,Ulcerative Colitis,Moderate,0
2,Event,4,CORTICOSTEROID,female,Ulcerative Colitis,,0
2,Event,4,CORTICOSTEROID,female,,Moderate,0
2,Event,4,CORTICOSTEROID,female,,,0
2,Event,4,CORTICOSTEROID,male,IBD-Unclassified,Mild,0
2,Event,4,CORTICOSTEROID,male,IBD-Unclassified,,0
2,Event,4,CORTICOSTEROID,male,,Mild,0
2,Event,4,CORTICOSTEROID,male,,,0
2,Event,4,CORTICOSTEROID,,IBD-Unclassified,Mild,0
2,Event,4,CORTICOSTEROID,,IBD-Unclassified,,0
2,Event,4,CORTICOSTEROID,,Ulcerative Colitis,Moderate,0
2,Event,4,CORTICOSTEROID,,Ulcerative Colitis,,0
2,Event,4,CORTICOSTEROID,,,Mild,0
2,Event,4,CORTICOSTEROID,,,Moderate,0
2,Event,4,IMMUNOMODULATOR,male,Crohn's Disease,Mild,0
2,Event,4,IMMUNOMODULATOR,male,Crohn's Disease,,0
2,Event,4,IMMUNOMODULATOR,male,,Mild,0
2,Event,4,IMMUNOMODULATOR,male,,,0
2,Event,4,IMMUNOMODULATOR,,Crohn's Disease,Mild,0
2,Event,4,IMMUNOMODULATOR,,Crohn's Disease,,0
2,Event,4,IMMUNOMODULATOR,,,Mild,0
2,Event,4,IMMUNOMODULATOR,,,,0
2,Event,4,,female,Ulcerative Colitis,Moderate,0
2,Event,4,,female,Ulcerative Colitis,,0
2,Event,4,,female,,Moderate,0
2,Event,4,,female,,,0
2,Event,4,,male,Crohn's Disease,Mild,0
2,Event,4,,male,Crohn's Disease,,0
2,Event,4,,male,IBD-Unclassified,Mild,0
2,Event,4,,male,IBD-Unclassified,,0
2,Event,4,,,Crohn's Disease,Mild,0
2,Event,4,,,Crohn's Disease,,0
2,Event,4,,,IBD-Unclassified,Mild,0
2,Event,4,,,IBD-Unclassified,,0
2,Event,4,,,Ulcerative Colitis,Moderate,0
2,Event,4,,,Ulcerative Colitis,,0
2,Event,4,,,,Moderate,0
2,Event,5,AMINOSALICYLATE,female,IBD-Unclassified,Mild,0
2,Event,5,AMINOSALICYLATE,female,IBD-Unclassified,Moderate,0
2,Event,5,AMINOSALICYLATE,female,,Mild,0
2,Event,5,AMINOSALICYLATE,female,,Moderate,0
2,Event,5,AMINOSALICYLATE,,IBD-Unclassified,Mild,0
2,Event,5,AMINOSALICYLATE,,IBD-Unclassified,Moderate,0
2,Event,5,AMINOSALICYLATE,,,Mild,0
2,Event,5,AMINOSALICYLATE,,,Moderate,0
2,Event,5,IMMUNOMODULATOR,male,Crohn's Disease,Moderate,0
2,Event,5,IMMUNOMODULATOR,male,Crohn's Disease,,0
2,Event,5,IMMUNOMODULATOR,male,IBD-Unclassified,Mild,0
2,Event,5,IMMUNOMODULATOR,male,IBD-Unclassified,,0
2,Event,5,IMMUNOMODULATOR,male,,Mild,0
2,Event,5,IMMUNOMODULATOR,male,,Moderate,0
2,Event,5,IMMUNOMODULATOR,,Crohn's Disease,Moderate,0
2,Event,5,IMMUNOMODULATOR,,Crohn's Disease,,0
2,Event,5,IMMUNOMODULATOR,,IBD-Unclassified,Mild,0
2,Event,5,IMMUNOMODULATOR,,IBD-Unclassified,,0
2,Event,5,IMMUNOMODULATOR,,,Mild,0
2,Event,5,IMMUNOMODULATOR,,,Moderate,0
2,Event,5,JAK_INHIBITOR,female,Crohn's Disease,Moderate,0
2,Event,5,JAK_INHIBITOR,female,Crohn's Disease,,0
2,Event,5,JAK_INHIBITOR,female,,Moderate,0
2,Event,5,JAK_INHIBITOR,female,,,0
2,Event,5,JAK_INHIBITOR,,Crohn's Disease,Moderate,0
2,Event,5,JAK_INHIBITOR,,Crohn's Disease,,0
2,Event,5,JAK_INHIBITOR,,,Moderate,0
2,Event,5,JAK_INHIBITOR,,,,0
2,Event,5,,female,Crohn's Disease,Moderate,0
2,Event,5,,female,Crohn's Disease,,0
2,Event,5,,female,IBD-Unclassified,Mild,0
2,Event,5,,female,IBD-Unclassified,Moderate,0
2,Event,5,,female,,Mild,0
2,Event,5,,male,Crohn's Disease,Moderate,0
2,Event,5,,male,Crohn's Disease,,0
2,Event,5,,male,IBD-Unclassified,Mild,0
2,Event,5,,male,IBD-Unclassified,,0
2,Event,5,,male,,Mild,0
2,Event,5,,male,,Moderate,0
2,Event,5,,,IBD-Unclassified,Moderate,0
2,Event,,AMINOSALICYLATE,female,IBD-Unclassified,Mild,0
2,Event,,AMINOSALICYLATE,female,IBD-Unclassified,Moderate,0
2,Event,,AMINOSALICYLATE,female,Ulcerative Colitis,Mild,0
2,Event,,AMINOSALICYLATE,male,Crohn's Disease,Mild,0
2,Event,,AMINOSALICYLATE,male,Crohn's Disease,,0
2,Event,,AMINOSALICYLATE,male,,Mild,0
2,Event,,AMINOSALICYLATE,male,,,0
2,Event,,AMINOSALICYLATE,,Crohn's Disease,Mild,0
2,Event,,AMINOSALICYLATE,,Crohn's Disease,,0
2,Event,,AMINOSALICYLATE,,IBD-Unclassified,Mild,0
2,Event,,AMINOSALICYLATE,,IBD-Unclassified,Moderate,0
2,Event,,AMINOSALICYLATE,,Ulcerative Colitis,Mild,0
2,Event,,ANTI_TNF,female,Crohn's Disease,Moderate,0
2,Event,,ANTI_TNF,female,Crohn's Disease,,0
2,Event,,ANTI_TNF,female,IBD-Unclassified,Moderate,0
2,Event,,ANTI_TNF,female,IBD-Unclassified,,0
2,Event,,ANTI_TNF,,Crohn's Disease,Moderate,0
2,Event,,ANTI_TNF,,Crohn's Disease,,0
2,Event,,ANTI_TNF,,IBD-Unclassified,Moderate,0
2,Event,,ANTI_TNF,,IBD-Unclassified,,0
2,Event,,CORTICOSTEROID,female,Ulcerative Colitis,Moderate,0
2,Event,,CORTICOSTEROID,female,Ulcerative Colitis,,0
2,Event,,CORTICOSTEROID,female,,Moderate,0
2,Event,,CORTICOSTEROID,female,,,0
2,Event,,CORTICOSTEROID,male,IBD-Unclassified,Mild,0
2,Event,,CORTICOSTEROID,male,IBD-Unclassified,,0
2,Event,,CORTICOSTEROID,male,,Mild,0
2,Event,,CORTICOSTEROID,,IBD-Unclassified,Mild,0
2,Event,,CORTICOSTEROID,,IBD-Unclassified,,0
2,Event,,CORTICOSTEROID,,,Mild,0
2,Event,,IMMUNOMODULATOR,female,Crohn's Disease,Moderate,0
2,Event,,IMMUNOMODULATOR,female,Crohn's Disease,,0
2,Event,,IMMUNOMODULATOR,female,Ulcerative Colitis,Mild,0
2,Event,,IMMUNOMODULATOR,female,Ulcerative Colitis,,0
2,Event,,IMMUNOMODULATOR,female,,Mild,0
2,Event,,IMMUNOMODULATOR,female,,Moderate,0
2,Event,,IMMUNOMODULATOR,male,Crohn's Disease,Mild,0
2,Event,,IMMUNOMODULATOR,male,Crohn's Disease,Moderate,0
2,Event,,IMMUNOMODULATOR,male,IBD-Unclassified,Mild,0
2,Event,,IMMUNOMODULATOR,male,IBD-Unclassified,,0
2,Event,,IMMUNOMODULATOR,male,,Moderate,0
2,Event,,IMMUNOMODULATOR,,Crohn's Disease,Mild,0
2,Event,,IMMUNOMODULATOR,,IBD-Unclassified,Mild,0
2,Event,,IMMUNOMODULATOR,,IBD-Unclassified,,0
2,Event,,IMMUNOMODULATOR,,Ulcerative Colitis,Mild,0
2,Event,,IMMUNOMODULATOR,,Ulcerative Colitis,,0
2,Event,,JAK_INHIBITOR,female,Crohn's Disease,Moderate,0
2,Event,,JAK_INHIBITOR,female,Crohn's Disease,,0
2,Event,,JAK_INHIBITOR,female,,Moderate,0
2,Event,,JAK_INHIBITOR,female,,,0
2,Event,,JAK_INHIBITOR,,Crohn's Disease,Moderate,0
2,Event,,JAK_INHIBITOR,,Crohn's Disease,,0
2,Event,,JAK_INHIBITOR,,,Moderate,0
2,Event,,JAK_INHIBITOR,,,,0
2,Event,,,female,IBD-Unclassified,Mild,0
2,Event,,,male,Crohn's Disease,Moderate,0
2,,0,CORTICOSTEROID,male,Ulcerative Colitis,Moderate,0
2,,0,CORTICOSTEROID,male,Ulcerative Colitis,,0
2,,0,CORTICOSTEROID,male,,Moderate,0
2,,0,CORTICOSTEROID,male,,,0
2,,0,CORTICOSTEROID,,Ulcerative Colitis,Moderate,0
2,,0,CORTICOSTEROID,,Ulcerative Colitis,,0
2,,0,CORTICOSTEROID,,,Moderate,0
2,,0,CORTICOSTEROID,,,,0
2,,0,,male,Ulcerative Colitis,Moderate,0
2,,0,,male,Ulcerative Colitis,,0
2,,0,,male,,Moderate,0
2,,0,,male,,,0
2,,0,,,Ulcerative Colitis,Moderate,0
2,,0,,,Ulcerative Colitis,,0
2,,0,,,,Moderate,0
2,,0,,,,,0
2,,1,AMINOSALICYLATE,female,Ulcerative Colitis,Mild,0
2,,1,AMINOSALICYLATE,female,Ulcerative Colitis,Moderate,0
2,,1,AMINOSALICYLATE,female,,Mild,0
2,,1,AMINOSALICYLATE,female,,Moderate,0
2,,1,AMINOSALICYLATE,,Ulcerative Colitis,Mild,0
2,,1,AMINOSALICYLATE,,Ulcerative Colitis,Moderate,0
2,,1,AMINOSALICYLATE,,,Mild,0
2,,1,AMINOSALICYLATE,,,Moderate,0
2,,1,ANTI_TNF,female,Crohn's Disease,Moderate,0
2,,1,ANTI_TNF,female,Crohn's Disease,,0
2,,1,ANTI_TNF,female,,Moderate,0
2,,1,ANTI_TNF,female,,,0
2,,1,ANTI_TNF,,Crohn's Disease,Moderate,0
2,,1,ANTI_TNF,,Crohn's Disease,,0
2,,1,ANTI_TNF,,,Moderate,0
2,,1,ANTI_TNF,,,,0
2,,1,,female,Crohn's Disease,Moderate,0
2,,1,,female,Crohn's Disease,,0
2,,1,,female,Ulcerative Colitis,Mild,0
2,,1,,female,Ulcerative Colitis,Moderate,0
2,,1,,female,,Mild,0
2,,1,,,Crohn's Disease,Moderate,0
2,,1,,,Crohn's Disease,,0
2,,1,,,Ulcerative Colitis,Mild,0
2,,1,,,Ulcerative Colitis,Moderate,0
2,,1,,,,Mild,0
2,,2,AMINOSALICYLATE,female,Ulcerative Colitis,Moderate,0
2,,2,AMINOSALICYLATE,female,Ulcerative Colitis,,0
2,,2,AMINOSALICYLATE,female,,Moderate,0
2,,2,AMINOSALICYLATE,female,,,0
2,,2,AMINOSALICYLATE,,Ulcerative Colitis,Moderate,0
2,,2,AMINOSALICYLATE,,Ulcerative Colitis,,0
2,,2,AMINOSALICYLATE,,,Moderate,0
2,,2,AMINOSALICYLATE,,,,0
2,,2,CORTICOSTEROID,female,IBD-Unclassified,Mild,0
2,,2,CORTICOSTEROID,female,IBD-Unclassified,,0
2,,2,CORTICOSTEROID,female,Ulcerative Colitis,Mild,0
2,,2,CORTICOSTEROID,female,Ulcerative Colitis,,0
2,,2,CORTICOSTEROID,,IBD-Unclassified,Mild,0
2,,2,CORTICOSTEROID,,IBD-Unclassified,,0
2,,2,CORTICOSTEROID,,Ulcerative Colitis,Mild,0
2,,2,CORTICOSTEROID,,Ulcerative Colitis,,0
2,,2,IMMUNOMODULATOR,female,Crohn's Disease,Moderate,0
2,,2,IMMUNOMODULATOR,female,Crohn's Disease,,0
2,,2,IMMUNOMODULATOR,female,Ulcerative Colitis,Mild,0
2,,2,IMMUNOMODULATOR,female,Ulcerative Colitis,,0
2,,2,IMMUNOMODULATOR,female,,Mild,0
2,,2,IMMUNOMODULATOR,female,,Moderate,0
2,,2,IMMUNOMODULATOR,,Crohn's Disease,Moderate,0
2,,2,IMMUNOMODULATOR,,Crohn's Disease,,0
2,,2,IMMUNOMODULATOR,,Ulcerative Colitis,Mild,0
2,,2,IMMUNOMODULATOR,,Ulcerative Colitis,,0
2,,2,IMMUNOMODULATOR,,,Mild,0
2,,2,IMMUNOMODULATOR,,,Moderate,0
2,,2,,female,Crohn's Disease,Moderate,0
2,,2,,female,Crohn's Disease,,0
2,,2,,female,IBD-Unclassified,Mild,0
2,,2,,female,IBD-Unclassified,,0
2,,2,,female,Ulcerative Colitis,Moderate,0
2,,2,,,Crohn's Disease,Moderate,0
2,,2,,,Crohn's Disease,,0
2,,2,,,IBD-Unclassified,Mild,0
2,,2,,,IBD-Unclassified,,0
2,,2,,,Ulcerative Colitis,Moderate,0
2,,3,AMINOSALICYLATE,female,Crohn's Disease,Mild,0
2,,3,AMINOSALICYLATE,female,Crohn's Disease,,0
2,,3,AMINOSALICYLATE,female,,Mild,0
2,,3,AMINOSALICYLATE,female,,,0
2,,3,AMINOSALICYLATE,male,Crohn's Disease,Mild,0
2,,3,AMINOSALICYLATE,male,Crohn's Disease,,0
2,,3,AMINOSALICYLATE,male,,Mild,0
2,,3,AMINOSALICYLATE,male,,,0
2,,3,ANTI_TNF,female,IBD-Unclassified,Moderate,0
2,,3,ANTI_TNF,female,IBD-Unclassified,,0
2,,3,ANTI_TNF,female,,Moderate,0
2,,3,ANTI_TNF,female,,,0
2,,3,ANTI_TNF,male,IBD-Unclassified,Severe,0
2,,3,ANTI_TNF,male,IBD-Unclassified,,0
2,,3,ANTI_TNF,male,,Severe,0
2,,3,ANTI_TNF,male,,,0
2,,3,ANTI_TNF,,IBD-Unclassified,Moderate,0
2,,3,ANTI_TNF,,IBD-Unclassified,Severe,0
2,,3,ANTI_TNF,,,Moderate,0
2,,3,ANTI_TNF,,,Severe,0
2,,3,CORTICOSTEROID,male,Ulcerative Colitis,Moderate,0
2,,3,CORTICOSTEROID,male,Ulcerative Colitis,,0
2,,3,CORTICOSTEROID,male,,Moderate,0
2,,3,CORTICOSTEROID,male,,,0
2,,3,CORTICOSTEROID,,Ulcerative Colitis,Moderate,0
2,,3,CORTICOSTEROID,,Ulcerative Colitis,,0
2,,3,CORTICOSTEROID,,,Moderate,0
2,,3,CORTICOSTEROID,,,,0
2,,3,,female,Crohn's Disease,Mild,0
2,,3,,female,Crohn's Disease,,0
2,,3,,female,IBD-Unclassified,Moderate,0
2,,3,,female,IBD-Unclassified,,0
2,,3,,female,,Mild,0
2,,3,,female,,Moderate,0
2,,3,,male,Crohn's Disease,Mild,0
2,,3,,male,Crohn's Disease,,0
2,,3,,male,IBD-Unclassified,Severe,0
2,,3,,male,IBD-Unclassified,,0
2,,3,,male,Ulcerative Colitis,Moderate,0
2,,3,,male,Ulcerative Colitis,,0
2,,3,,male,,Mild,0
2,,3,,male,,Moderate,0
2,,3,,male,,Severe,0
2,,3,,,IBD-Unclassified,Moderate,0
2,,3,,,IBD-Unclassified,Severe,0
2,,3,,,Ulcerative Colitis,Moderate,0
2,,3,,,Ulcerative Colitis,,0
2,,3,,,,Severe,0
2,,4,AMINOSALICYLATE,male,IBD-Unclassified,Moderate,0
2,,4,AMINOSALICYLATE,male,IBD-Unclassified,,0
2,,4,AMINOSALICYLATE,male,,Moderate,0
2,,4,AMINOSALICYLATE,male,,,0
2,,4,AMINOSALICYLATE,,IBD-Unclassified,Moderate,0
2,,4,AMINOSALICYLATE,,IBD-Unclassified,,0
2,,4,AMINOSALICYLATE,,,Moderate,0
2,,4,AMINOSALICYLATE,,,,0
2,,4,ANTI_TNF,male,IBD-Unclassified,Severe,0
2,,4,ANTI_TNF,male,IBD-Unclassified,,0
2,,4,ANTI_TNF,male,,Severe,0
2,,4,ANTI_TNF,male,,,0
2,,4,ANTI_TNF,,IBD-Unclassified,Severe,0
2,,4,ANTI_TNF,,IBD-Unclassified,,0
2,,4,ANTI_TNF,,,Severe,0
2,,4,ANTI_TNF,,,,0
2,,4,CORTICOSTEROID,female,IBD-Unclassified,Mild,0
2,,4,CORTICOSTEROID,female,IBD-Unclassified,,0
2,,4,CORTICOSTEROID,female,Ulcerative Colitis,Moderate,0
2,,4,CORTICOSTEROID,female,Ulcerative Colitis,,0
2,,4,CORTICOSTEROID,female,,Mild,0
2,,4,CORTICOSTEROID,female,,Moderate,0
2,,4,CORTICOSTEROID,male,IBD-Unclassified,Mild,0
2,,4,CORTICOSTEROID,male,IBD-Unclassified,,0
2,,4,CORTICOSTEROID,male,,Mild,0
2,,4,CORTICOSTEROID,male,,,0
2,,4,CORTICOSTEROID,,Ulcerative Colitis,Moderate,0
2,,4,CORTICOSTEROID,,Ulcerative Colitis,,0
2,,4,CORTICOSTEROID,,,Moderate,0
2,,4,IMMUNOMODULATOR,male,Crohn's Disease,Mild,0
2,,4,IMMUNOMODULATOR,male,Crohn's Disease,,0
2,,4,IMMUNOMODULATOR,male,,Mild,0
2,,4,IMMUNOMODULATOR,male,,,0
2,,4,IMMUNOMODULATOR,,Crohn's Disease,Mild,0
2,,4,IMMUNOMODULATOR,,Crohn's Disease,,0
2,,4,IMMUNOMODULATOR,,,Mild,0
2,,4,IMMUNOMODULATOR,,,,0
2,,4,,female,IBD-Unclassified,Mild,0
2,,4,,female,IBD-Unclassified,,0
2,,4,,female,Ulcerative Colitis,Moderate,0
2,,4,,female,Ulcerative Colitis,,0
2,,4,,female,,Mild,0
2,,4,,female,,Moderate,0
2,,4,,male,Crohn's Disease,Mild,0
2,,4,,male,Crohn's Disease,,0
2,,4,,male,IBD-Unclassified,Mild,0
2,,4,,male,IBD-Unclassified,Moderate,0
2,,4,,male,IBD-Unclassified,Severe,0
2,,4,,male,,Moderate,0
2,,4,,male,,Severe,0
2,,4,,,Crohn's Disease,Mild,0
2,,4,,,Crohn's Disease,,0
2,,4,,,IBD-Unclassified,Moderate,0
2,,4,,,IBD-Unclassified,Severe,0
2,,4,,,Ulcerative Colitis,Moderate,0
2,,4,,,Ulcerative Colitis,,0
2,,4,,,,Severe,0
2,,5,AMINOSALICYLATE,female,IBD-Unclassified,Mild,0
2,,5,AMINOSALICYLATE,female,IBD-Unclassified,Moderate,0
2,,5,AMINOSALICYLATE,female,,Mild,0
2,,5,AMINOSALICYLATE,female,,Moderate,0
2,,5,AMINOSALICYLATE,,IBD-Unclassified,Mild,0
2,,5,AMINOSALICYLATE,,IBD-Unclassified,Moderate,0
2,,5,AMINOSALICYLATE,,,Mild,0
2,,5,AMINOSALICYLATE,,,Moderate,0
2,,5,IMMUNOMODULATOR,male,Crohn's Disease,Moderate,0
2,,5,IMMUNOMODULATOR,male,Crohn's Disease,,0
2,,5,IMMUNOMODULATOR,male,IBD-Unclassified,Mild,0
2,,5,IMMUNOMODULATOR,male,IBD-Unclassified,,0
2,,5,IMMUNOMODULATOR,male,Ulcerative Colitis,Moderate,0
2,,5,IMMUNOMODULATOR,male,Ulcerative Colitis,,0
2,,5,IMMUNOMODULATOR,male,,Mild,0
2,,5,IMMUNOMODULATOR,,Crohn's Disease,Moderate,0
2,,5,IMMUNOMODULATOR,,Crohn's Disease,,0
2,,5,IMMUNOMODULATOR,,IBD-Unclassified,Mild,0
2,,5,IMMUNOMODULATOR,,IBD-Unclassified,,0
2,,5,IMMUNOMODULATOR,,Ulcerative Colitis,Moderate,0
2,,5,IMMUNOMODULATOR,,Ulcerative Colitis,,0
2,,5,IMMUNOMODULATOR,,,Mild,0
2,,5,JAK_INHIBITOR,female,Crohn's Disease,Moderate,0
2,,5,JAK_INHIBITOR,female,Crohn's Disease,,0
2,,5,JAK_INHIBITOR,female,,Moderate,0
2,,5,JAK_INHIBITOR,female,,,0
2,,5,JAK_INHIBITOR,,Crohn's Disease,Moderate,0
2,,5,JAK_INHIBITOR,,Crohn's Disease,,0
2,,5,JAK_INHIBITOR,,,Moderate,0
2,,5,JAK_INHIBITOR,,,,0
2,,5,,female,Crohn's Disease,Moderate,0
2,,5,,female,Crohn's Disease,,0
2,,5,,female,IBD-Unclassified,Mild,0
2,,5,,female,IBD-Unclassified,Moderate,0
2,,5,,female,,Mild,0
2,,5,,male,Crohn's Disease,Moderate,0
2,,5,,male,Crohn's Disease,,0
2,,5,,male,IBD-Unclassified,Mild,0
2,,5,,male,IBD-Unclassified,,0
2,,5,,male,Ulcerative Colitis,Moderate,0
2,,5,,male,Ulcerative Colitis,,0
2,,5,,male,,Mild,0
2,,5,,,IBD-Unclassified,Moderate,0
2,,5,,,Ulcerative Colitis,Moderate,0
2,,5,,,Ulcerative Colitis,,0
2,,,AMINOSALICYLATE,female,Crohn's Disease,Mild,0
2,,,AMINOSALICYLATE,female,Crohn's Disease,,0
2,,,AMINOSALICYLATE,female,IBD-Unclassified,Mild,0
2,,,AMINOSALICYLATE,female,IBD-Unclassified,Moderate,0
2,,,AMINOSALICYLATE,female,Ulcerative Colitis,Mild,0
2,,,AMINOSALICYLATE,male,Crohn's Disease,Mild,0
2,,,AMINOSALICYLATE,male,Crohn's Disease,,0
2,,,AMINOSALICYLATE,male,IBD-Unclassified,Moderate,0
2,,,AMINOSALICYLATE,male,IBD-Unclassified,,0
2,,,AMINOSALICYLATE,male,,Mild,0
2,,,AMINOSALICYLATE,male,,Moderate,0
2,,,AMINOSALICYLATE,,IBD-Unclassified,Mild,0
2,,,AMINOSALICYLATE,,Ulcerative Colitis,Mild,0
2,,,ANTI_TNF,female,Crohn's Disease,Moderate,0
2,,,ANTI_TNF,female,Crohn's Disease,,0
2,,,ANTI_TNF,female,IBD-Unclassified,Moderate,0
2,,,ANTI_TNF,female,IBD-Unclassified,,0
2,,,ANTI_TNF,,Crohn's Disease,Moderate,0
2,,,ANTI_TNF,,Crohn's Disease,,0
2,,,ANTI_TNF,,IBD-Unclassified,Moderate,0
2,,,CORTICOSTEROID,female,Ulcerative Colitis,Mild,0
2,,,CORTICOSTEROID,female,Ulcerative Colitis,Moderate,0
2,,,CORTICOSTEROID,female,,Moderate,0
2,,,CORTICOSTEROID,male,IBD-Unclassified,Mild,0
2,,,CORTICOSTEROID,male,IBD-Unclassified,,0
2,,,CORTICOSTEROID,male,,Mild,0
2,,,CORTICOSTEROID,,Ulcerative Colitis,Mild,0
2,,,IMMUNOMODULATOR,female,Crohn's Disease,Moderate,0
2,,,IMMUNOMODULATOR,female,Crohn's Disease,,0
2,,,IMMUNOMODULATOR,female,Ulcerative Colitis,Mild,0
2,,,IMMUNOMODULATOR,female,Ulcerative Colitis,,0
2,,,IMMUNOMODULATOR,female,,Mild,0
2,,,IMMUNOMODULATOR,female,,Moderate,0
2,,,IMMUNOMODULATOR,male,Crohn's Disease,Mild,0
2,,,IMMUNOMODULATOR,male,Crohn's Disease,Moderate,0
2,,,IMMUNOMODULATOR,male,IBD-Unclassified,Mild,0
2,,,IMMUNOMODULATOR,male,IBD-Unclassified,,0
2,,,IMMUNOMODULATOR,male,Ulcerative Colitis,Moderate,0
2,,,IMMUNOMODULATOR,male,Ulcerative Colitis,,0
2,,,IMMUNOMODULATOR,,Crohn's Disease,Mild,0
2,,,IMMUNOMODULATOR,,IBD-Unclassified,Mild,0
2,,,IMMUNOMODULATOR,,IBD-Unclassified,,0
2,,,IMMUNOMODULATOR,,Ulcerative Colitis,Mild,0
2,,,IMMUNOMODULATOR,,Ulcerative Colitis,Moderate,0
2,,,JAK_INHIBITOR,female,Crohn's Disease,Moderate,0
2,,,JAK_INHIBITOR,female,Crohn's Disease,,0
2,,,JAK_INHIBITOR,female,,Moderate,0
2,,,JAK_INHIBITOR,female,,,0
2,,,JAK_INHIBITOR,,Crohn's Disease,Moderate,0
2,,,JAK_INHIBITOR,,Crohn's Disease,,0
2,,,JAK_INHIBITOR,,,Moderate,0
2,,,JAK_INHIBITOR,,,,0
2,,,,female,Crohn's Disease,Mild,0
2,,,,male,Crohn's Disease,Moderate,0
2,,,,male,IBD-Unclassified,Moderate,0
3,Censored,0,AMINOSALICYLATE,female,Ulcerative Colitis,Mild,0
3,Censored,0,AMINOSALICYLATE,female,Ulcerative Colitis,,0
3,Censored,0,AMINOSALICYLATE,female,,Mild,0
3,Censored,0,AMINOSALICYLATE,female,,,0
3,Censored,0,AMINOSALICYLATE,,Ulcerative Colitis,Mild,0
3,Censored,0,AMINOSALICYLATE,,Ulcerative Colitis,,0
3,Censored,0,AMINOSALICYLATE,,,Mild,0
3,Censored,0,AMINOSALICYLATE,,,,0
3,Censored,0,,female,Ulcerative Colitis,Mild,0
3,Censored,0,,female,Ulcerative Colitis,,0
3,Censored,0,,female,,Mild,0
3,Censored,0,,female,,,0
3,Censored,0,,,Ulcerative Colitis,Mild,0
3,Censored,0,,,Ulcerative Colitis,,0
3,Censored,0,,,,Mild,0
3,Censored,0,,,,,0
3,Censored,1,ANTI_TNF,male,IBD-Unclassified,Moderate,0
3,Censored,1,ANTI_TNF,male,IBD-Unclassified,,0
3,Censored,1,ANTI_TNF,male,,Moderate,0
3,Censored,1,ANTI_TNF,male,,,0
3,Censored,1,ANTI_TNF,,IBD-Unclassified,Moderate,0
3,Censored,1,ANTI_TNF,,IBD-Unclassified,,0
3,Censored,1,ANTI_TNF,,,Moderate,0
3,Censored,1,ANTI_TNF,,,,0
3,Censored,1,,male,IBD-Unclassified,Moderate,0
3,Censored,1,,male,IBD-Unclassified,,0
3,Censored,1,,male,,Moderate,0
3,Censored,1,,male,,,0
3,Censored,1,,,IBD-Unclassified,Moderate,0
3,Censored,1,,,IBD-Unclassified,,0
3,Censored,1,,,,Moderate,0
3,Censored,1,,,,,0
3,Censored,2,ANTI_TNF,female,IBD-Unclassified,Moderate,0
3,Censored,2,ANTI_TNF,female,IBD-Unclassified,,0
3,Censored,2,ANTI_TNF,female,,Moderate,0
3,Censored,2,ANTI_TNF,female,,,0
3,Censored,2,ANTI_TNF,,IBD-Unclassified,Moderate,0
3,Censored,2,ANTI_TNF,,IBD-Unclassified,,0
3,Censored,2,ANTI_TNF,,,Moderate,0
3,Censored,2,ANTI_TNF,,,,0
3,Censored,2,CORTICOSTEROID,female,IBD-Unclassified,Mild,0
3,Censored,2,CORTICOSTEROID,female,IBD-Unclassified,,0
3,Censored,2,CORTICOSTEROID,female,,Mild,0
3,Censored,2,CORTICOSTEROID,female,,,0
3,Censored,2,CORTICOSTEROID,,IBD-Unclassified,Mild,0
3,Censored,2,CORTICOSTEROID,,IBD-Unclassified,,0
3,Censored,2,CORTICOSTEROID,,,Mild,0
3,Censored,2,CORTICOSTEROID,,,,0
3,Censored,2,,female,IBD-Unclassified,Mild,0
3,Censored,2,,female,IBD-Unclassified,Moderate,0
3,Censored,2,,female,,Mild,0
3,Censored,2,,female,,Moderate,0
3,Censored,2,,,IBD-Unclassified,Mild,0
3,Censored,2,,,IBD-Unclassified,Moderate,0
3,Censored,2,,,,Mild,0
3,Censored,2,,,,Moderate,0
3,Censored,3,AMINOSALICYLATE,female,IBD-Unclassified,Mild,0
3,Censored,3,AMINOSALICYLATE,female,IBD-Unclassified,,0
3,Censored,3,AMINOSALICYLATE,female,,Mild,0
3,Censored,3,AMINOSALICYLATE,female,,,0
3,Censored,3,AMINOSALICYLATE,,IBD-Unclassified,Mild,0
3,Censored,3,AMINOSALICYLATE,,IBD-Unclassified,,0
3,Censored,3,AMINOSALICYLATE,,,Mild,0
3,Censored,3,AMINOSALICYLATE,,,,0
3,Censored,3,IMMUNOMODULATOR,female,Ulcerative Colitis,Moderate,0
3,Censored,3,IMMUNOMODULATOR,female,Ulcerative Colitis,,0
3,Censored,3,IMMUNOMODULATOR,female,,Moderate,0
3,Censored,3,IMMUNOMODULATOR,female,,,0
3,Censored,3,IMMUNOMODULATOR,male,IBD-Unclassified,Moderate,0
3,Censored,3,IMMUNOMODULATOR,male,IBD-Unclassified,,0
3,Censored,3,IMMUNOMODULATOR,male,,Moderate,0
3,Censored,3,IMMUNOMODULATOR,male,,,0
3,Censored,3,IMMUNOMODULATOR,,IBD-Unclassified,Moderate,0
3,Censored,3,IMMUNOMODULATOR,,IBD-Unclassified,,0
3,Censored,3,IMMUNOMODULATOR,,Ulcerative Colitis,Moderate,0
3,Censored,3,IMMUNOMODULATOR,,Ulcerative Colitis,,0
3,Censored,3,,female,IBD-Unclassified,Mild,0
3,Censored,3,,female,IBD-Unclassified,,0
3,Censored,3,,female,Ulcerative Colitis,Moderate,0
3,Censored,3,,female,Ulcerative Colitis,,0
3,Censored,3,,female,,Mild,0
3,Censored,3,,female,,Moderate,0
3,Censored,3,,male,IBD-Unclassified,Moderate,0
3,Censored,3,,male,IBD-Unclassified,,0
3,Censored,3,,male,,Moderate,0
3,Censored,3,,male,,,0
3,Censored,3,,,IBD-Unclassified,Mild,0
3,Censored,3,,,IBD-Unclassified,Moderate,0
3,Censored,3,,,Ulcerative Colitis,Moderate,0
3,Censored,3,,,Ulcerative Colitis,,0
3,Censored,3,,,,Mild,0
3,Censored,4,CORTICOSTEROID,male,Crohn's Disease,Moderate,0
3,Censored,4,CORTICOSTEROID,male,Crohn's Disease,,0
3,Censored,4,CORTICOSTEROID,male,,Moderate,0
3,Censored,4,CORTICOSTEROID,male,,,0
3,Censored,4,CORTICOSTEROID,,Crohn's Disease,Moderate,0
3,Censored,4,CORTICOSTEROID,,Crohn's Disease,,0
3,Censored,4,CORTICOSTEROID,,,Moderate,0
3,Censored,4,CORTICOSTEROID,,,,0
3,Censored,4,,male,Crohn's Disease,Moderate,0
3,Censored,4,,male,Crohn's Disease,,0
3,Censored,4,,male,,Moderate,0
3,Censored,4,,male,,,0
3,Censored,4,,,Crohn's Disease,Moderate,0
3,Censored,4,,,Crohn's Disease,,0
3,Censored,4,,,,Moderate,0
3,Censored,4,,,,,0
3,Censored,5,CORTICOSTEROID,male,Crohn's Disease,Moderate,0
3,Censored,5,CORTICOSTEROID,male,Crohn's Disease,,0
3,Censored,5,CORTICOSTEROID,male,,Moderate,0
3,Censored,5,CORTICOSTEROID,male,,,0
3,Censored,5,CORTICOSTEROID,,Crohn's Disease,Moderate,0
3,Censored,5,CORTICOSTEROID,,Crohn's Disease,,0
3,Censored,5,CORTICOSTEROID,,,Moderate,0
3,Censored,5,CORTICOSTEROID,,,,0
3,Censored,5,,male,Crohn's Disease,Moderate,0
3,Censored,5,,male,Crohn's Disease,,0
3,Censored,5,,male,,Moderate,0
3,Censored,5,,male,,,0
3,Censored,5,,,Crohn's Disease,Moderate,0
3,Censored,5,,,Crohn's Disease,,0
3,Censored,5,,,,Moderate,0
3,Censored,5,,,,,0
3,Censored,,AMINOSALICYLATE,female,IBD-Unclassified,Mild,0
3,Censored,,AMINOSALICYLATE,female,IBD-Unclassified,,0
3,Censored,,AMINOSALICYLATE,female,Ulcerative Colitis,Mild,0
3,Censored,,AMINOSALICYLATE,female,Ulcerative Colitis,,0
3,Censored,,AMINOSALICYLATE,,IBD-Unclassified,Mild,0
3,Censored,,AMINOSALICYLATE,,IBD-Unclassified,,0
3,Censored,,AMINOSALICYLATE,,Ulcerative Colitis,Mild,0
3,Censored,,AMINOSALICYLATE,,Ulcerative Colitis,,0
3,Censored,,ANTI_TNF,female,IBD-Unclassified,Moderate,0
3,Censored,,ANTI_TNF,female,IBD-Unclassified,,0
3,Censored,,ANTI_TNF,female,,Moderate,0
3,Censored,,ANTI_TNF,female,,,0
3,Censored,,ANTI_TNF,male,IBD-Unclassified,Moderate,0
3,Censored,,ANTI_TNF,male,IBD-Unclassified,,0
3,Censored,,ANTI_TNF,male,,Moderate,0
3,Censored,,ANTI_TNF,male,,,0
3,Censored,,CORTICOSTEROID,female,IBD-Unclassified,Mild,0
3,Censored,,CORTICOSTEROID,female,IBD-Unclassified,,0
3,Censored,,CORTICOSTEROID,female,,Mild,0
3,Censored,,CORTICOSTEROID,female,,,0
3,Censored,,CORTICOSTEROID,,IBD-Unclassified,Mild,0
3,Censored,,CORTICOSTEROID,,IBD-Unclassified,,0
3,Censored,,CORTICOSTEROID,,,Mild,0
3,Censored,,IMMUNOMODULATOR,female,Ulcerative Colitis,Moderate,0
3,Censored,,IMMUNOMODULATOR,female,Ulcerative Colitis,,0
3,Censored,,IMMUNOMODULATOR,female,,Moderate,0
3,Censored,,IMMUNOMODULATOR,female,,,0
3,Censored,,IMMUNOMODULATOR,male,IBD-Unclassified,Moderate,0
3,Censored,,IMMUNOMODULATOR,male,IBD-Unclassified,,0
3,Censored,,IMMUNOMODULATOR,male,,Moderate,0
3,Censored,,IMMUNOMODULATOR,male,,,0
3,Censored,,IMMUNOMODULATOR,,IBD-Unclassified,Moderate,0
3,Censored,,IMMUNOMODULATOR,,IBD-Unclassified,,0
3,Censored,,IMMUNOMODULATOR,,Ulcerative Colitis,Moderate,0
3,Censored,,IMMUNOMODULATOR,,Ulcerative Colitis,,0
3,Censored,,,female,IBD-Unclassified,Moderate,0
3,Censored,,,female,Ulcerative Colitis,Mild,0
3,Censored,,,female,Ulcerative Colitis,Moderate,0
3,Censored,,,,Ulcerative Colitis,Mild,0
3,Censored,,,,Ulcerative Colitis,Moderate,0
3,Event,0,IMMUNOMODULATOR,female,Crohn's Disease,Moderate,0
3,Event,0,IMMUNOMODULATOR,female,Crohn's Disease,,0
3,Event,0,IMMUNOMODULATOR,female,,Moderate,0
3,Event,0,IMMUNOMODULATOR,female,,,0
3,Event,0,IMMUNOMODULATOR,male,Crohn's Disease,Moderate,0
3,Event,0,IMMUNOMODULATOR,male,Crohn's Disease,,0
3,Event,0,IMMUNOMODULATOR,male,,Moderate,0
3,Event,0,IMMUNOMODULATOR,male,,,0
3,Event,0,,female,Crohn's Disease,Moderate,0
3,Event,0,,female,Crohn's Disease,,0
3,Event,0,,female,,Moderate,0
3,Event,0,,female,,,0
3,Event,0,,male,Crohn's Disease,Moderate,0
3,Event,0,,male,Crohn's Disease,,0
3,Event,0,,male,,Moderate,0
3,Event,0,,male,,,0
3,Event,1,IMMUNOMODULATOR,female,Crohn's Disease,Moderate,0
3,Event,1,IMMUNOMODULATOR,female,Crohn's Disease,,0
3,Event,1,IMMUNOMODULATOR,female,,Moderate,0
3,Event,1,IMMUNOMODULATOR,female,,,0
3,Event,1,IMMUNOMODULATOR,,Crohn's Disease,Moderate,0
3,Event,1,IMMUNOMODULATOR,,Crohn's Disease,,0
3,Event,1,IMMUNOMODULATOR,,,Moderate,0
3,Event,1,IMMUNOMODULATOR,,,,0
3,Event,1,,female,Crohn's Disease,Moderate,0
3,Event,1,,female,Crohn's Disease,,0
3,Event,1,,female,,Moderate,0
3,Event,1,,female,,,0
3,Event,1,,,Crohn's Disease,Moderate,0
3,Event,1,,,Crohn's Disease,,0
3,Event,1,,,,Moderate,0
3,Event,1,,,,,0
3,Event,2,AMINOSALICYLATE,male,Crohn's Disease,Moderate,0
3,Event,2,AMINOSALICYLATE,male,Crohn's Disease,,0
3,Event,2,AMINOSALICYLATE,male,,Moderate,0
3,Event,2,AMINOSALICYLATE,male,,,0
3,Event,2,AMINOSALICYLATE,,Crohn's Disease,Moderate,0
3,Event,2,AMINOSALICYLATE,,Crohn's Disease,,0
3,Event,2,AMINOSALICYLATE,,,Moderate,0
3,Event,2,AMINOSALICYLATE,,,,0
3,Event,2,ANTI_INTEGRIN,female,Crohn's Disease,Moderate,0
3,Event,2,ANTI_INTEGRIN,female,Crohn's Disease,,0
3,Event,2,ANTI_INTEGRIN,female,,Moderate,0
3,Event,2,ANTI_INTEGRIN,female,,,0
3,Event,2,ANTI_INTEGRIN,,Crohn's Disease,Moderate,0
3,Event,2,ANTI_INTEGRIN,,Crohn's Disease,,0
3,Event,2,ANTI_INTEGRIN,,,Moderate,0
3,Event,2,ANTI_INTEGRIN,,,,0
3,Event,2,ANTI_INTERLEUKIN,female,Crohn's Disease,Moderate,0
3,Event,2,ANTI_INTERLEUKIN,female,Crohn's Disease,,0
3,Event,2,ANTI_INTERLEUKIN,female,,Moderate,0
3,Event,2,ANTI_INTERLEUKIN,female,,,0
3,Event,2,ANTI_INTERLEUKIN,,Crohn's Disease,Moderate,0
3,Event,2,ANTI_INTERLEUKIN,,Crohn's Disease,,0
3,Event,2,ANTI_INTERLEUKIN,,,Moderate,0
3,Event,2,ANTI_INTERLEUKIN,,,,0
3,Event,2,ANTI_TNF,male,IBD-Unclassified,Mild,0
3,Event,2,ANTI_TNF,male,IBD-Unclassified,Moderate,0
3,Event,2,ANTI_TNF,male,,Mild,0
3,Event,2,ANTI_TNF,male,,Moderate,0
3,Event,2,ANTI_TNF,,IBD-Unclassified,Mild,0
3,Event,2,ANTI_TNF,,IBD-Unclassified,Moderate,0
3,Event,2,ANTI_TNF,,,Mild,0
3,Event,2,ANTI_TNF,,,Moderate,0
3,Event,2,CORTICOSTEROID,male,Crohn's Disease,Severe,0
3,Event,2,CORTICOSTEROID,male,Crohn's Disease,,0
3,Event,2,CORTICOSTEROID,male,IBD-Unclassified,Mild,0
3,Event,2,CORTICOSTEROID,male,IBD-Unclassified,,0
3,Event,2,CORTICOSTEROID,male,,Mild,0
3,Event,2,CORTICOSTEROID,male,,Severe,0
3,Event,2,CORTICOSTEROID,,Crohn's Disease,Severe,0
3,Event,2,CORTICOSTEROID,,Crohn's Disease,,0
3,Event,2,CORTICOSTEROID,,IBD-Unclassified,Mild,0
3,Event,2,CORTICOSTEROID,,IBD-Unclassified,,0
3,Event,2,CORTICOSTEROID,,,Mild,0
3,Event,2,CORTICOSTEROID,,,Severe,0
3,Event,2,,male,Crohn's Disease,Moderate,0
3,Event,2,,male,Crohn's Disease,Severe,0
3,Event,2,,male,IBD-Unclassified,Moderate,0
3,Event,2,,male,,Severe,0
3,Event,2,,,Crohn's Disease,Severe,0
3,Event,2,,,IBD-Unclassified,Moderate,0
3,Event,2,,,,Severe,0
3,Event,3,ANTI_INTERLEUKIN,female,IBD-Unclassified,Moderate,0
3,Event,3,ANTI_INTERLEUKIN,female,IBD-Unclassified,,0
3,Event,3,ANTI_INTERLEUKIN,female,,Moderate,0
3,Event,3,ANTI_INTERLEUKIN,female,,,0
3,Event,3,ANTI_INTERLEUKIN,,IBD-Unclassified,Moderate,0
3,Event,3,ANTI_INTERLEUKIN,,IBD-Unclassified,,0
3,Event,3,ANTI_INTERLEUKIN,,,Moderate,0
3,Event,3,ANTI_INTERLEUKIN,,,,0
3,Event,3,,female,IBD-Unclassified,Moderate,0
3,Event,3,,female,IBD-Unclassified,,0
3,Event,3,,female,,Moderate,0
3,Event,3,,female,,,0
3,Event,3,,,IBD-Unclassified,Moderate,0
3,Event,3,,,IBD-Unclassified,,0
3,Event,3,,,,Moderate,0
3,Event,3,,,,,0
3,Event,4,ANTI_TNF,female,Ulcerative Colitis,Moderate,0
3,Event,4,ANTI_TNF,female,Ulcerative Colitis,,0
3,Event,4,ANTI_TNF,female,,Moderate,0
3,Event,4,ANTI_TNF,female,,,0
3,Event,4,ANTI_TNF,male,IBD-Unclassified,Mild,0
3,Event,4,ANTI_TNF,male,IBD-Unclassified,,0
3,Event,4,ANTI_TNF,male,,Mild,0
3,Event,4,ANTI_TNF,male,,,0
3,Event,4,ANTI_TNF,,IBD-Unclassified,Mild,0
3,Event,4,ANTI_TNF,,IBD-Unclassified,,0
3,Event,4,ANTI_TNF,,Ulcerative Colitis,Moderate,0
3,Event,4,ANTI_TNF,,Ulcerative Colitis,,0
3,Event,4,ANTI_TNF,,,Mild,0
3,Event,4,ANTI_TNF,,,Moderate,0
3,Event,4,,female,Ulcerative Colitis,Moderate,0
3,Event,4,,female,Ulcerative Colitis,,0
3,Event,4,,female,,Moderate,0
3,Event,4,,female,,,0
3,Event,4,,male,IBD-Unclassified,Mild,0
3,Event,4,,male,IBD-Unclassified,,0
3,Event,4,,male,,Mild,0
3,Event,4,,male,,,0
3,Event,4,,,IBD-Unclassified,Mild,0
3,Event,4,,,IBD-Unclassified,,0
3,Event,4,,,Ulcerative Colitis,Moderate,0
3,Event,4,,,Ulcerative Colitis,,0
3,Event,4,,,,Mild,0
3,Event,4,,,,Moderate,0
3,Event,5,AMINOSALICYLATE,female,Crohn's Disease,Moderate,0
3,Event,5,AMINOSALICYLATE,female,Crohn's Disease,,0
3,Event,5,AMINOSALICYLATE,female,,Moderate,0
3,Event,5,AMINOSALICYLATE,female,,,0
3,Event,5,AMINOSALICYLATE,,Crohn's Disease,Moderate,0
3,Event,5,AMINOSALICYLATE,,Crohn's Disease,,0
3,Event,5,AMINOSALICYLATE,,,Moderate,0
3,Event,5,AMINOSALICYLATE,,,,0
3,Event,5,CORTICOSTEROID,male,Ulcerative Colitis,Mild,0
3,Event,5,CORTICOSTEROID,male,Ulcerative Colitis,,0
3,Event,5,CORTICOSTEROID,male,,Mild,0
3,Event,5,CORTICOSTEROID,male,,,0
3,Event,5,CORTICOSTEROID,,Ulcerative Colitis,Mild,0
3,Event,5,CORTICOSTEROID,,Ulcerative Colitis,,0
3,Event,5,CORTICOSTEROID,,,Mild,0
3,Event,5,CORTICOSTEROID,,,,0
3,Event,5,IMMUNOMODULATOR,male,Crohn's Disease,Mild,0
3,Event,5,IMMUNOMODULATOR,male,Crohn's Disease,,0
3,Event,5,IMMUNOMODULATOR,male,,Mild,0
3,Event,5,IMMUNOMODULATOR,male,,,0
3,Event,5,IMMUNOMODULATOR,,Crohn's Disease,Mild,0
3,Event,5,IMMUNOMODULATOR,,Crohn's Disease,,0
3,Event,5,IMMUNOMODULATOR,,,Mild,0
3,Event,5,IMMUNOMODULATOR,,,,0
3,Event,5,JAK_INHIBITOR,female,Crohn's Disease,Severe,0
3,Event,5,JAK_INHIBITOR,female,Crohn's Disease,,0
3,Event,5,JAK_INHIBITOR,female,,Severe,0
3,Event,5,JAK_INHIBITOR,female,,,0
3,Event,5,JAK_INHIBITOR,,Crohn's Disease,Severe,0
3,Event,5,JAK_INHIBITOR,,Crohn's Disease,,0
3,Event,5,JAK_INHIBITOR,,,Severe,0
3,Event,5,JAK_INHIBITOR,,,,0
3,Event,5,,female,Crohn's Disease,Moderate,0
3,Event,5,,female,Crohn's Disease,Severe,0
3,Event,5,,female,,Moderate,0
3,Event,5,,female,,Severe,0
3,Event,5,,male,Crohn's Disease,Mild,0
3,Event,5,,male,Crohn's Disease,,0
3,Event,5,,male,Ulcerative Colitis,Mild,0
3,Event,5,,male,Ulcerative Colitis,,0
3,Event,5,,,Crohn's Disease,Mild,0
3,Event,5,,,Crohn's Disease,Moderate,0
3,Event,5,,,Crohn's Disease,Severe,0
3,Event,5,,,Ulcerative Colitis,Mild,0
3,Event,5,,,Ulcerative Colitis,,0
3,Event,5,,,,Moderate,0
3,Event,5,,,,Severe,0
3,Event,,AMINOSALICYLATE,female,Crohn's Disease,Moderate,0
3,Event,,AMINOSALICYLATE,female,Crohn's Disease,,0
3,Event,,AMINOSALICYLATE,female,,Moderate,0
3,Event,,AMINOSALICYLATE,female,,,0
3,Event,,AMINOSALICYLATE,male,Crohn's Disease,Moderate,0
3,Event,,AMINOSALICYLATE,male,Crohn's Disease,,0
3,Event,,AMINOSALICYLATE,male,,Moderate,0
3,Event,,AMINOSALICYLATE,male,,,0
3,Event,,ANTI_INTEGRIN,female,Crohn's Disease,Moderate,0
3,Event,,ANTI_INTEGRIN,female,Crohn's Disease,,0
3,Event,,ANTI_INTEGRIN,female,,Moderate,0
3,Event,,ANTI_INTEGRIN,female,,,0
3,Event,,ANTI_INTEGRIN,,Crohn's Disease,Moderate,0
3,Event,,ANTI_INTEGRIN,,Crohn's Disease,,0
3,Event,,ANTI_INTEGRIN,,,Moderate,0
3,Event,,ANTI_INTEGRIN,,,,0
3,Event,,ANTI_INTERLEUKIN,female,Crohn's Disease,Moderate,0
3,Event,,ANTI_INTERLEUKIN,female,Crohn's Disease,,0
3,Event,,ANTI_INTERLEUKIN,female,IBD-Unclassified,Moderate,0
3,Event,,ANTI_INTERLEUKIN,female,IBD-Unclassified,,0
3,Event,,ANTI_INTERLEUKIN,,Crohn's Disease,Moderate,0
3,Event,,ANTI_INTERLEUKIN,,Crohn's Disease,,0
3,Event,,ANTI_INTERLEUKIN,,IBD-Unclassified,Moderate,0
3,Event,,ANTI_INTERLEUKIN,,IBD-Unclassified,,0
3,Event,,ANTI_TNF,female,Ulcerative Colitis,Moderate,0
3,Event,,ANTI_TNF,female,Ulcerative Colitis,,0
3,Event,,ANTI_TNF,female,,Moderate,0
3,Event,,ANTI_TNF,female,,,0
3,Event,,ANTI_TNF,male,IBD-Unclassified,Moderate,0
3,Event,,ANTI_TNF,male,,Moderate,0
3,Event,,ANTI_TNF,,IBD-Unclassified,Moderate,0
3,Event,,ANTI_TNF,,Ulcerative Colitis,Moderate,0
3,Event,,ANTI_TNF,,Ulcerative Colitis,,0
3,Event,,CORTICOSTEROID,male,Crohn's Disease,Severe,0
3,Event,,CORTICOSTEROID,male,Crohn's Disease,,0
3,Event,,CORTICOSTEROID,male,IBD-Unclassified,Mild,0
3,Event,,CORTICOSTEROID,male,IBD-Unclassified,,0
3,Event,,CORTICOSTEROID,male,Ulcerative Colitis,Mild,0
3,Event,,CORTICOSTEROID,male,Ulcerative Colitis,,0
3,Event,,CORTICOSTEROID,male,,Severe,0
3,Event,,CORTICOSTEROID,,Crohn's Disease,Severe,0
3,Event,,CORTICOSTEROID,,Crohn's Disease,,0
3,Event,,CORTICOSTEROID,,IBD-Unclassified,Mild,0
3,Event,,CORTICOSTEROID,,IBD-Unclassified,,0
3,Event,,CORTICOSTEROID,,Ulcerative Colitis,Mild,0
3,Event,,CORTICOSTEROID,,Ulcerative Colitis,,0
3,Event,,CORTICOSTEROID,,,Severe,0
3,Event,,IMMUNOMODULATOR,male,Crohn's Disease,Mild,0
3,Event,,IMMUNOMODULATOR,male,Crohn's Disease,Moderate,0
3,Event,,IMMUNOMODULATOR,male,,Mild,0
3,Event,,IMMUNOMODULATOR,male,,Moderate,0
3,Event,,IMMUNOMODULATOR,,Crohn's Disease,Mild,0
3,Event,,IMMUNOMODULATOR,,,Mild,0
3,Event,,JAK_INHIBITOR,female,Crohn's Disease,Severe,0
3,Event,,JAK_INHIBITOR,female,Crohn's Disease,,0
3,Event,,JAK_INHIBITOR,female,,Severe,0
3,Event,,JAK_INHIBITOR,female,,,0
3,Event,,JAK_INHIBITOR,,Crohn's Disease,Severe,0
3,Event,,JAK_INHIBITOR,,Crohn's Disease,,0
3,Event,,JAK_INHIBITOR,,,Severe,0
3,Event,,JAK_INHIBITOR,,,,0
3,Event,,,female,Crohn's Disease,Severe,0
3,Event,,,female,IBD-Unclassified,Moderate,0
3,Event,,,female,IBD-Unclassified,,0
3,Event,,,female,Ulcerative Colitis,Moderate,0
3,Event,,,female,Ulcerative Colitis,,0
3,Event,,,female,,Severe,0
3,Event,,,male,Crohn's Disease,Mild,0
3,Event,,,male,Crohn's Disease,Severe,0
3,Event,,,male,IBD-Unclassified,Moderate,0
3,Event,,,male,Ulcerative Colitis,Mild,0
3,Event,,,male,Ulcerative Colitis,,0
3,Event,,,male,,Severe,0
3,Event,,,,Crohn's Disease,Mild,0
3,Event,,,,Ulcerative Colitis,Mild,0
3,Event,,,,Ulcerative Colitis,Moderate,0
3,,0,AMINOSALICYLATE,female,Ulcerative Colitis,Mild,0
3,,0,AMINOSALICYLATE,female,Ulcerative Colitis,,0
3,,0,AMINOSALICYLATE,female,,Mild,0
3,,0,AMINOSALICYLATE,female,,,0
3,,0,AMINOSALICYLATE,,Ulcerative Colitis,Mild,0
3,,0,AMINOSALICYLATE,,Ulcerative Colitis,,0
3,,0,AMINOSALICYLATE,,,Mild,0
3,,0,AMINOSALICYLATE,,,,0
3,,0,IMMUNOMODULATOR,female,Crohn's Disease,Moderate,0
3,,0,IMMUNOMODULATOR,female,Crohn's Disease,,0
3,,0,IMMUNOMODULATOR,female,,Moderate,0
3,,0,IMMUNOMODULATOR,female,,,0
3,,0,IMMUNOMODULATOR,male,Crohn's Disease,Moderate,0
3,,0,IMMUNOMODULATOR,male,Crohn's Disease,,0
3,,0,IMMUNOMODULATOR,male,,Moderate,0
3,,0,IMMUNOMODULATOR,male,,,0
3,,0,,female,Crohn's Disease,Moderate,0
3,,0,,female,Crohn's Disease,,0
3,,0,,female,Ulcerative Colitis,Mild,0
3,,0,,female,Ulcerative Colitis,,0
3,,0,,female,,Mild,0
3,,0,,female,,Moderate,0
3,,0,,male,Crohn's Disease,Moderate,0
3,,0,,male,Crohn's Disease,,0
3,,0,,male,,Moderate,0
3,,0,,male,,,0
3,,0,,,Ulcerative Colitis,Mild,0
3,,0,,,Ulcerative Colitis,,0
3,,0,,,,Mild,0
3,,1,ANTI_TNF,male,IBD-Unclassified,Moderate,0
3,,1,ANTI_TNF,male,IBD-Unclassified,,0
3,,1,ANTI_TNF,male,,Moderate,0
3,,1,ANTI_TNF,male,,,0
3,,1,ANTI_TNF,,IBD-Unclassified,Moderate,0
3,,1,ANTI_TNF,,IBD-Unclassified,,0
3,,1,ANTI_TNF,,,Moderate,0
3,,1,ANTI_TNF,,,,0
3,,1,IMMUNOMODULATOR,female,Crohn's Disease,Moderate,0
3,,1,IMMUNOMODULATOR,female,Crohn's Disease,,0
3,,1,IMMUNOMODULATOR,female,,Moderate,0
3,,1,IMMUNOMODULATOR,female,,,0
3,,1,IMMUNOMODULATOR,,Crohn's Disease,Moderate,0
3,,1,IMMUNOMODULATOR,,Crohn's Disease,,0
3,,1,IMMUNOMODULATOR,,,Moderate,0
3,,1,IMMUNOMODULATOR,,,,0
3,,1,,female,Crohn's Disease,Moderate,0
3,,1,,female,Crohn's Disease,,0
3,,1,,female,,Moderate,0
3,,1,,female,,,0
3,,1,,male,IBD-Unclassified,Moderate,0
3,,1,,male,IBD-Unclassified,,0
3,,1,,male,,Moderate,0
3,,1,,male,,,0
3,,1,,,Crohn's Disease,Moderate,0
3,,1,,,Crohn's Disease,,0
3,,1,,,IBD-Unclassified,Moderate,0
3,,1,,,IBD-Unclassified,,0
3,,2,AMINOSALICYLATE,male,Crohn's Disease,Moderate,0
3,,2,AMINOSALICYLATE,male,Crohn's Disease,,0
3,,2,AMINOSALICYLATE,male,,Moderate,0
3,,2,AMINOSALICYLATE,male,,,0
3,,2,AMINOSALICYLATE,,Crohn's Disease,Moderate,0
3,,2,AMINOSALICYLATE,,Crohn's Disease,,0
3,,2,AMINOSALICYLATE,,,Moderate,0
3,,2,AMINOSALICYLATE,,,,0
3,,2,ANTI_INTEGRIN,female,Crohn's Disease,Moderate,0
3,,2,ANTI_INTEGRIN,female,Crohn's Disease,,0
3,,2,ANTI_INTEGRIN,female,,Moderate,0
3,,2,ANTI_INTEGRIN,female,,,0
3,,2,ANTI_INTEGRIN,,Crohn's Disease,Moderate,0
3,,2,ANTI_INTEGRIN,,Crohn's Disease,,0
3,,2,ANTI_INTEGRIN,,,Moderate,0
3,,2,ANTI_INTEGRIN,,,,0
3,,2,ANTI_INTERLEUKIN,female,Crohn's Disease,Moderate,0
3,,2,ANTI_INTERLEUKIN,female,Crohn's Disease,,0
3,,2,ANTI_INTERLEUKIN,female,,Moderate,0
3,,2,ANTI_INTERLEUKIN,female,,,0
3,,2,ANTI_INTERLEUKIN,,Crohn's Disease,Moderate,0
3,,2,ANTI_INTERLEUKIN,,Crohn's Disease,,0
3,,2,ANTI_INTERLEUKIN,,,Moderate,0
3,,2,ANTI_INTERLEUKIN,,,,0
3,,2,ANTI_TNF,female,IBD-Unclassified,Moderate,0
3,,2,ANTI_TNF,female,IBD-Unclassified,,0
3,,2,ANTI_TNF,female,,Moderate,0
3,,2,ANTI_TNF,female,,,0
3,,2,ANTI_TNF,male,IBD-Unclassified,Mild,0
3,,2,ANTI_TNF,male,IBD-Unclassified,Moderate,0
3,,2,ANTI_TNF,male,,Mild,0
3,,2,ANTI_TNF,male,,Moderate,0
3,,2,ANTI_TNF,,IBD-Unclassified,Mild,0
3,,2,ANTI_TNF,,,Mild,0
3,,2,CORTICOSTEROID,female,IBD-Unclassified,Mild,0
3,,2,CORTICOSTEROID,female,IBD-Unclassified,,0
3,,2,CORTICOSTEROID,female,,Mild,0
3,,2,CORTICOSTEROID,female,,,0
3,,2,CORTICOSTEROID,male,Crohn's Disease,Severe,0
3,,2,CORTICOSTEROID,male,Crohn's Disease,,0
3,,2,CORTICOSTEROID,male,IBD-Unclassified,Mild,0
3,,2,CORTICOSTEROID,male,IBD-Unclassified,,0
3,,2,CORTICOSTEROID,male,,Mild,0
3,,2,CORTICOSTEROID,male,,Severe,0
3,,2,CORTICOSTEROID,,Crohn's Disease,Severe,0
3,,2,CORTICOSTEROID,,Crohn's Disease,,0
3,,2,CORTICOSTEROID,,,Severe,0
3,,2,,female,IBD-Unclassified,Mild,0
3,,2,,female,IBD-Unclassified,Moderate,0
3,,2,,female,,Mild,0
3,,2,,male,Crohn's Disease,Moderate,0
3,,2,,male,Crohn's Disease,Severe,0
3,,2,,male,IBD-Unclassified,Moderate,0
3,,2,,male,,Severe,0
3,,2,,,Crohn's Disease,Severe,0
3,,2,,,,Severe,0
3,,3,AMINOSALICYLATE,female,IBD-Unclassified,Mild,0
3,,3,AMINOSALICYLATE,female,IBD-Unclassified,,0
3,,3,AMINOSALICYLATE,female,,Mild,0
3,,3,AMINOSALICYLATE,female,,,0
3,,3,AMINOSALICYLATE,,IBD-Unclassified,Mild,0
3,,3,AMINOSALICYLATE,,IBD-Unclassified,,0
3,,3,AMINOSALICYLATE,,,Mild,0
3,,3,AMINOSALICYLATE,,,,0
3,,3,ANTI_INTERLEUKIN,female,IBD-Unclassified,Moderate,0
3,,3,ANTI_INTERLEUKIN,female,IBD-Unclassified,,0
3,,3,ANTI_INTERLEUKIN,female,,Moderate,0
3,,3,ANTI_INTERLEUKIN,female,,,0
3,,3,ANTI_INTERLEUKIN,,IBD-Unclassified,Moderate,0
3,,3,ANTI_INTERLEUKIN,,IBD-Unclassified,,0
3,,3,ANTI_INTERLEUKIN,,,Moderate,0
3,,3,ANTI_INTERLEUKIN,,,,0
3,,3,IMMUNOMODULATOR,female,Ulcerative Colitis,Moderate,0
3,,3,IMMUNOMODULATOR,female,Ulcerative Colitis,,0
3,,3,IMMUNOMODULATOR,female,,Moderate,0
3,,3,IMMUNOMODULATOR,female,,,0
3,,3,IMMUNOMODULATOR,male,IBD-Unclassified,Moderate,0
3,,3,IMMUNOMODULATOR,male,IBD-Unclassified,,0
3,,3,IMMUNOMODULATOR,male,,Moderate,0
3,,3,IMMUNOMODULATOR,male,,,0
3,,3,IMMUNOMODULATOR,,IBD-Unclassified,Moderate,0
3,,3,IMMUNOMODULATOR,,IBD-Unclassified,,0
3,,3,IMMUNOMODULATOR,,Ulcerative Colitis,Moderate,0
3,,3,IMMUNOMODULATOR,,Ulcerative Colitis,,0
3,,3,,female,IBD-Unclassified,Mild,0
3,,3,,female,IBD-Unclassified,Moderate,0
3,,3,,female,Ulcerative Colitis,Moderate,0
3,,3,,female,Ulcerative Colitis,,0
3,,3,,female,,Mild,0
3,,3,,male,IBD-Unclassified,Moderate,0
3,,3,,male,IBD-Unclassified,,0
3,,3,,male,,Moderate,0
3,,3,,male,,,0
3,,3,,,IBD-Unclassified,Mild,0
3,,3,,,Ulcerative Colitis,Moderate,0
3,,3,,,Ulcerative Colitis,,0
3,,3,,,,Mild,0
3,,4,ANTI_TNF,female,Ulcerative Colitis,Moderate,0
3,,4,ANTI_TNF,female,Ulcerative Colitis,,0
3,,4,ANTI_TNF,female,,Moderate,0
3,,4,ANTI_TNF,female,,,0
3,,4,ANTI_TNF,male,IBD-Unclassified,Mild,0
3,,4,ANTI_TNF,male,IBD-Unclassified,,0
3,,4,ANTI_TNF,male,,Mild,0
3,,4,ANTI_TNF,male,,,0
3,,4,ANTI_TNF,,IBD-Unclassified,Mild,0
3,,4,ANTI_TNF,,IBD-Unclassified,,0
3,,4,ANTI_TNF,,Ulcerative Colitis,Moderate,0
3,,4,ANTI_TNF,,Ulcerative Colitis,,0
3,,4,ANTI_TNF,,,Mild,0
3,,4,ANTI_TNF,,,Moderate,0
3,,4,CORTICOSTEROID,male,Crohn's Disease,Moderate,0
3,,4,CORTICOSTEROID,male,Crohn's Disease,,0
3,,4,CORTICOSTEROID,male,,Moderate,0
3,,4,CORTICOSTEROID,male,,,0
3,,4,CORTICOSTEROID,,Crohn's Disease,Moderate,0
3,,4,CORTICOSTEROID,,Crohn's Disease,,0
3,,4,CORTICOSTEROID,,,Moderate,0
3,,4,CORTICOSTEROID,,,,0
3,,4,,female,Ulcerative Colitis,Moderate,0
3,,4,,female,Ulcerative Colitis,,0
3,,4,,female,,Moderate,0
3,,4,,female,,,0
3,,4,,male,Crohn's Disease,Moderate,0
3,,4,,male,Crohn's Disease,,0
3,,4,,male,IBD-Unclassified,Mild,0
3,,4,,male,IBD-Unclassified,,0
3,,4,,male,,Mild,0
3,,4,,male,,Moderate,0
3,,4,,,Crohn's Disease,Moderate,0
3,,4,,,Crohn's Disease,,0
3,,4,,,IBD-Unclassified,Mild,0
3,,4,,,IBD-Unclassified,,0
3,,4,,,Ulcerative Colitis,Moderate,0
3,,4,,,Ulcerative Colitis,,0
3,,4,,,,Mild,0
3,,5,AMINOSALICYLATE,female,Crohn's Disease,Moderate,0
3,,5,AMINOSALICYLATE,female,Crohn's Disease,,0
3,,5,AMINOSALICYLATE,female,,Moderate,0
3,,5,AMINOSALICYLATE,female,,,0
3,,5,AMINOSALICYLATE,,Crohn's Disease,Moderate,0
3,,5,AMINOSALICYLATE,,Crohn's Disease,,0
3,,5,AMINOSALICYLATE,,,Moderate,0
3,,5,AMINOSALICYLATE,,,,0
3,,5,CORTICOSTEROID,male,Crohn's Disease,Moderate,0
3,,5,CORTICOSTEROID,male,Crohn's Disease,,0
3,,5,CORTICOSTEROID,male,Ulcerative Colitis,Mild,0
3,,5,CORTICOSTEROID,male,Ulcerative Colitis,,0
3,,5,CORTICOSTEROID,male,,Mild,0
3,,5,CORTICOSTEROID,male,,Moderate,0
3,,5,CORTICOSTEROID,,Crohn's Disease,Moderate,0
3,,5,CORTICOSTEROID,,Crohn's Disease,,0
3,,5,CORTICOSTEROID,,Ulcerative Colitis,Mild,0
3,,5,CORTICOSTEROID,,Ulcerative Colitis,,0
3,,5,CORTICOSTEROID,,,Mild,0
3,,5,CORTICOSTEROID,,,Moderate,0
3,,5,IMMUNOMODULATOR,male,Crohn's Disease,Mild,0
3,,5,IMMUNOMODULATOR,male,Crohn's Disease,,0
3,,5,IMMUNOMODULATOR,male,,Mild,0
3,,5,IMMUNOMODULATOR,male,,,0
3,,5,IMMUNOMODULATOR,,Crohn's Disease,Mild,0
3,,5,IMMUNOMODULATOR,,Crohn's Disease,,0
3,,5,IMMUNOMODULATOR,,,Mild,0
3,,5,IMMUNOMODULATOR,,,,0
3,,5,JAK_INHIBITOR,female,Crohn's Disease,Severe,0
3,,5,JAK_INHIBITOR,female,Crohn's Disease,,0
3,,5,JAK_INHIBITOR,female,,Severe,0
3,,5,JAK_INHIBITOR,female,,,0
3,,5,JAK_INHIBITOR,,Crohn's Disease,Severe,0
3,,5,JAK_INHIBITOR,,Crohn's Disease,,0
3,,5,JAK_INHIBITOR,,,Severe,0
3,,5,JAK_INHIBITOR,,,,0
3,,5,,female,Crohn's Disease,Moderate,0
3,,5,,female,Crohn's Disease,Severe,0
3,,5,,female,,Moderate,0
3,,5,,female,,Severe,0
3,,5,,male,Crohn's Disease,Mild,0
3,,5,,male,Crohn's Disease,Moderate,0
3,,5,,male,Ulcerative Colitis,Mild,0
3,,5,,male,Ulcerative Colitis,,0
3,,5,,male,,Moderate,0
3,,5,,,Crohn's Disease,Mild,0
3,,5,,,Crohn's Disease,Severe,0
3,,5,,,Ulcerative Colitis,Mild,0
3,,5,,,Ulcerative Colitis,,0
3,,5,,,,Severe,0
3,,,AMINOSALICYLATE,female,Crohn's Disease,Moderate,0
3,,,AMINOSALICYLATE,female,Crohn's Disease,,0
3,,,AMINOSALICYLATE,female,IBD-Unclassified,Mild,0
3,,,AMINOSALICYLATE,female,IBD-Unclassified,,0
3,,,AMINOSALICYLATE,female,Ulcerative Colitis,Mild,0
3,,,AMINOSALICYLATE,female,Ulcerative Colitis,,0
3,,,AMINOSALICYLATE,female,,Moderate,0
3,,,AMINOSALICYLATE,male,Crohn's Disease,Moderate,0
3,,,AMINOSALICYLATE,male,Crohn's Disease,,0
3,,,AMINOSALICYLATE,male,,Moderate,0
3,,,AMINOSALICYLATE,male,,,0
3,,,AMINOSALICYLATE,,IBD-Unclassified,Mild,0
3,,,AMINOSALICYLATE,,IBD-Unclassified,,0
3,,,AMINOSALICYLATE,,Ulcerative Colitis,Mild,0
3,,,AMINOSALICYLATE,,Ulcerative Colitis,,0
3,,,ANTI_INTEGRIN,female,Crohn's Disease,Moderate,0
3,,,ANTI_INTEGRIN,female,Crohn's Disease,,0
3,,,ANTI_INTEGRIN,female,,Moderate,0
3,,,ANTI_INTEGRIN,female,,,0
3,,,ANTI_INTEGRIN,,Crohn's Disease,Moderate,0
3,,,ANTI_INTEGRIN,,Crohn's Disease,,0
3,,,ANTI_INTEGRIN,,,Moderate,0
3,,,ANTI_INTEGRIN,,,,0
3,,,ANTI_INTERLEUKIN,female,Crohn's Disease,Moderate,0
3,,,ANTI_INTERLEUKIN,female,Crohn's Disease,,0
3,,,ANTI_INTERLEUKIN,female,IBD-Unclassified,Moderate,0
3,,,ANTI_INTERLEUKIN,female,IBD-Unclassified,,0
3,,,ANTI_INTERLEUKIN,,Crohn's Disease,Moderate,0
3,,,ANTI_INTERLEUKIN,,Crohn's Disease,,0
3,,,ANTI_INTERLEUKIN,,IBD-Unclassified,Moderate,0
3,,,ANTI_INTERLEUKIN,,IBD-Unclassified,,0
3,,,ANTI_TNF,female,IBD-Unclassified,Moderate,0
3,,,ANTI_TNF,female,IBD-Unclassified,,0
3,,,ANTI_TNF,female,Ulcerative Colitis,Moderate,0
3,,,ANTI_TNF,female,Ulcerative Colitis,,0
3,,,ANTI_TNF,,Ulcerative Colitis,Moderate,0
3,,,ANTI_TNF,,Ulcerative Colitis,,0
3,,,CORTICOSTEROID,female,IBD-Unclassified,Mild,0
3,,,CORTICOSTEROID,female,IBD-Unclassified,,0
3,,,CORTICOSTEROID,female,,Mild,0
3,,,CORTICOSTEROID,female,,,0
3,,,CORTICOSTEROID,male,Crohn's Disease,Severe,0
3,,,CORTICOSTEROID,male,IBD-Unclassified,Mild,0
3,,,CORTICOSTEROID,male,IBD-Unclassified,,0
3,,,CORTICOSTEROID,male,Ulcerative Colitis,Mild,0
3,,,CORTICOSTEROID,male,Ulcerative Colitis,,0
3,,,CORTICOSTEROID,male,,Severe,0
3,,,CORTICOSTEROID,,Crohn's Disease,Severe,0
3,,,CORTICOSTEROID,,Ulcerative Colitis,Mild,0
3,,,CORTICOSTEROID,,Ulcerative Colitis,,0
3,,,CORTICOSTEROID,,,Severe,0
3,,,IMMUNOMODULATOR,female,Ulcerative Colitis,Moderate,0
3,,,IMMUNOMODULATOR,female,Ulcerative Colitis,,0
3,,,IMMUNOMODULATOR,male,Crohn's Disease,Mild,0
3,,,IMMUNOMODULATOR,male,Crohn's Disease,Moderate,0
3,,,IMMUNOMODULATOR,male,IBD-Unclassified,Moderate,0
3,,,IMMUNOMODULATOR,male,IBD-Unclassified,,0
3,,,IMMUNOMODULATOR,male,,Mild,0
3,,,IMMUNOMODULATOR,,Crohn's Disease,Mild,0
3,,,IMMUNOMODULATOR,,IBD-Unclassified,Moderate,0
3,,,IMMUNOMODULATOR,,IBD-Unclassified,,0
3,,,IMMUNOMODULATOR,,Ulcerative Colitis,Moderate,0
3,,,IMMUNOMODULATOR,,Ulcerative Colitis,,0
3,,,IMMUNOMODULATOR,,,Mild,0
3,,,JAK_INHIBITOR,female,Crohn's Disease,Severe,0
3,,,JAK_INHIBITOR,female,Crohn's Disease,,0
3,,,JAK_INHIBITOR,female,,Severe,0
3,,,JAK_INHIBITOR,female,,,0
3,,,JAK_INHIBITOR,,Crohn's Disease,Severe,0
3,,,JAK_INHIBITOR,,Crohn's Disease,,0
3,,,JAK_INHIBITOR,,,Severe,0
3,,,JAK_INHIBITOR,,,,0
3,,,,female,Crohn's Disease,Severe,0
3,,,,female,Ulcerative Colitis,Mild,0
3,,,,female,,Severe,0
3,,,,male,Crohn's Disease,Mild,0
3,,,,male,Crohn's Disease,Severe,0
3,,,,male,Ulcerative Colitis,Mild,0
3,,,,male,Ulcerative Colitis,,0
3,,,,male,,Severe,0
3,,,,,Crohn's Disease,Mild,0
4,Censored,0,CORTICOSTEROID,female,IBD-Unclassified,Moderate,0
4,Censored,0,CORTICOSTEROID,female,IBD-Unclassified,,0
4,Censored,0,CORTICOSTEROID,female,,Moderate,0
4,Censored,0,CORTICOSTEROID,female,,,0
4,Censored,0,CORTICOSTEROID,,IBD-Unclassified,Moderate,0
4,Censored,0,CORTICOSTEROID,,IBD-Unclassified,,0
4,Censored,0,CORTICOSTEROID,,,Moderate,0
4,Censored,0,CORTICOSTEROID,,,,0
4,Censored,0,,female,IBD-Unclassified,Moderate,0
4,Censored,0,,female,IBD-Unclassified,,0
4,Censored,0,,female,,Moderate,0
4,Censored,0,,female,,,0
4,Censored,0,,,IBD-Unclassified,Moderate,0
4,Censored,0,,,IBD-Unclassified,,0
4,Censored,0,,,,Moderate,0
4,Censored,0,,,,,0
4,Censored,3,AMINOSALICYLATE,male,Crohn's Disease,Mild,0
4,Censored,3,AMINOSALICYLATE,male,Crohn's Disease,,0
4,Censored,3,AMINOSALICYLATE,male,,Mild,0
4,Censored,3,AMINOSALICYLATE,male,,,0
4,Censored,3,AMINOSALICYLATE,,Crohn's Disease,Mild,0
4,Censored,3,AMINOSALICYLATE,,Crohn's Disease,,0
4,Censored,3,AMINOSALICYLATE,,,Mild,0
4,Censored,3,AMINOSALICYLATE,,,,0
4,Censored,3,ANTI_INTERLEUKIN,male,Crohn's Disease,Mild,0
4,Censored,3,ANTI_INTERLEUKIN,male,Crohn's Disease,,0
4,Censored,3,ANTI_INTERLEUKIN,male,,Mild,0
4,Censored,3,ANTI_INTERLEUKIN,male,,,0
4,Censored,3,ANTI_INTERLEUKIN,,Crohn's Disease,Mild,0
4,Censored,3,ANTI_INTERLEUKIN,,Crohn's Disease,,0
4,Censored,3,ANTI_INTERLEUKIN,,,Mild,0
4,Censored,3,ANTI_INTERLEUKIN,,,,0
4,Censored,3,ANTI_TNF,male,IBD-Unclassified,Moderate,0
4,Censored,3,ANTI_TNF,male,IBD-Unclassified,,0
4,Censored,3,ANTI_TNF,male,,Moderate,0
4,Censored,3,ANTI_TNF,male,,,0
4,Censored,3,ANTI_TNF,,IBD-Unclassified,Moderate,0
4,Censored,3,ANTI_TNF,,IBD-Unclassified,,0
4,Censored,3,ANTI_TNF,,,Moderate,0
4,Censored,3,ANTI_TNF,,,,0
4,Censored,3,CORTICOSTEROID,male,Crohn's Disease,Moderate,0
4,Censored,3,CORTICOSTEROID,male,Crohn's Disease,,0
4,Censored,3,CORTICOSTEROID,male,,Moderate,0
4,Censored,3,CORTICOSTEROID,male,,,0
4,Censored,3,CORTICOSTEROID,,Crohn's Disease,Moderate,0
4,Censored,3,CORTICOSTEROID,,Crohn's Disease,,0
4,Censored,3,CORTICOSTEROID,,,Moderate,0
4,Censored,3,CORTICOSTEROID,,,,0
4,Censored,3,IMMUNOMODULATOR,female,Crohn's Disease,Moderate,0
4,Censored,3,IMMUNOMODULATOR,female,Crohn's Disease,,0
4,Censored,3,IMMUNOMODULATOR,female,,Moderate,0
4,Censored,3,IMMUNOMODULATOR,female,,,0
4,Censored,3,IMMUNOMODULATOR,male,IBD-Unclassified,Mild,0
4,Censored,3,IMMUNOMODULATOR,male,IBD-Unclassified,,0
4,Censored,3,IMMUNOMODULATOR,male,,Mild,0
4,Censored,3,IMMUNOMODULATOR,male,,,0
4,Censored,3,IMMUNOMODULATOR,,Crohn's Disease,Moderate,0
4,Censored,3,IMMUNOMODULATOR,,Crohn's Disease,,0
4,Censored,3,IMMUNOMODULATOR,,IBD-Unclassified,Mild,0
4,Censored,3,IMMUNOMODULATOR,,IBD-Unclassified,,0
4,Censored,3,IMMUNOMODULATOR,,,Mild,0
4,Censored,3,IMMUNOMODULATOR,,,Moderate,0
4,Censored,3,,female,Crohn's Disease,Moderate,0
4,Censored,3,,female,Crohn's Disease,,0
4,Censored,3,,female,,Moderate,0
4,Censored,3,,female,,,0
4,Censored,3,,male,Crohn's Disease,Moderate,0
4,Censored,3,,male,IBD-Unclassified,Mild,0
4,Censored,3,,male,IBD-Unclassified,Moderate,0
4,Censored,3,,,IBD-Unclassified,Mild,0
4,Censored,3,,,IBD-Unclassified,Moderate,0
4,Censored,4,AMINOSALICYLATE,male,IBD-Unclassified,Mild,0
4,Censored,4,AMINOSALICYLATE,male,IBD-Unclassified,,0
4,Censored,4,AMINOSALICYLATE,male,,Mild,0
4,Censored,4,AMINOSALICYLATE,male,,,0
4,Censored,4,AMINOSALICYLATE,,IBD-Unclassified,Mild,0
4,Censored,4,AMINOSALICYLATE,,IBD-Unclassified,,0
4,Censored,4,AMINOSALICYLATE,,,Mild,0
4,Censored,4,AMINOSALICYLATE,,,,0
4,Censored,4,,male,IBD-Unclassified,Mild,0
4,Censored,4,,male,IBD-Unclassified,,0
4,Censored,4,,male,,Mild,0
4,Censored,4,,male,,,0
4,Censored,4,,,IBD-Unclassified,Mild,0
4,Censored,4,,,IBD-Unclassified,,0
4,Censored,4,,,,Mild,0
4,Censored,4,,,,,0
4,Censored,,AMINOSALICYLATE,male,Crohn's Disease,Mild,0
4,Censored,,AMINOSALICYLATE,male,Crohn's Disease,,0
4,Censored,,AMINOSALICYLATE,male,IBD-Unclassified,Mild,0
4,Censored,,AMINOSALICYLATE,male,IBD-Unclassified,,0
4,Censored,,AMINOSALICYLATE,,Crohn's Disease,Mild,0
4,Censored,,AMINOSALICYLATE,,Crohn's Disease,,0
4,Censored,,AMINOSALICYLATE,,IBD-Unclassified,Mild,0
4,Censored,,AMINOSALICYLATE,,IBD-Unclassified,,0
4,Censored,,ANTI_INTERLEUKIN,male,Crohn's Disease,Mild,0
4,Censored,,ANTI_INTERLEUKIN,male,Crohn's Disease,,0
4,Censored,,ANTI_INTERLEUKIN,male,,Mild,0
4,Censored,,ANTI_INTERLEUKIN,male,,,0
4,Censored,,ANTI_INTERLEUKIN,,Crohn's Disease,Mild,0
4,Censored,,ANTI_INTERLEUKIN,,Crohn's Disease,,0
4,Censored,,ANTI_INTERLEUKIN,,,Mild,0
4,Censored,,ANTI_INTERLEUKIN,,,,0
4,Censored,,ANTI_TNF,male,IBD-Unclassified,Moderate,0
4,Censored,,ANTI_TNF,male,IBD-Unclassified,,0
4,Censored,,ANTI_TNF,male,,Moderate,0
4,Censored,,ANTI_TNF,male,,,0
4,Censored,,ANTI_TNF,,IBD-Unclassified,Moderate,0
4,Censored,,ANTI_TNF,,IBD-Unclassified,,0
4,Censored,,ANTI_TNF,,,Moderate,0
4,Censored,,ANTI_TNF,,,,0
4,Censored,,CORTICOSTEROID,female,IBD-Unclassified,Moderate,0
4,Censored,,CORTICOSTEROID,female,IBD-Unclassified,,0
4,Censored,,CORTICOSTEROID,female,,Moderate,0
4,Censored,,CORTICOSTEROID,female,,,0
4,Censored,,CORTICOSTEROID,male,Crohn's Disease,Moderate,0
4,Censored,,CORTICOSTEROID,male,Crohn's Disease,,0
4,Censored,,CORTICOSTEROID,male,,Moderate,0
4,Censored,,CORTICOSTEROID,male,,,0
4,Censored,,CORTICOSTEROID,,Crohn's Disease,Moderate,0
4,Censored,,CORTICOSTEROID,,Crohn's Disease,,0
4,Censored,,CORTICOSTEROID,,IBD-Unclassified,Moderate,0
4,Censored,,CORTICOSTEROID,,IBD-Unclassified,,0
4,Censored,,IMMUNOMODULATOR,female,Crohn's Disease,Moderate,0
4,Censored,,IMMUNOMODULATOR,female,Crohn's Disease,,0
4,Censored,,IMMUNOMODULATOR,female,,Moderate,0
4,Censored,,IMMUNOMODULATOR,female,,,0
4,Censored,,IMMUNOMODULATOR,male,IBD-Unclassified,Mild,0
4,Censored,,IMMUNOMODULATOR,male,IBD-Unclassified,,0
4,Censored,,IMMUNOMODULATOR,male,,Mild,0
4,Censored,,IMMUNOMODULATOR,male,,,0
4,Censored,,IMMUNOMODULATOR,,Crohn's Disease,Moderate,0
4,Censored,,IMMUNOMODULATOR,,Crohn's Disease,,0
4,Censored,,IMMUNOMODULATOR,,IBD-Unclassified,Mild,0
4,Censored,,IMMUNOMODULATOR,,IBD-Unclassified,,0
4,Censored,,IMMUNOMODULATOR,,,Mild,0
4,Censored,,IMMUNOMODULATOR,,,Moderate,0
4,Censored,,,female,Crohn's Disease,Moderate,0
4,Censored,,,female,Crohn's Disease,,0
4,Censored,,,female,IBD-Unclassified,Moderate,0
4,Censored,,,female,IBD-Unclassified,,0
4,Censored,,,male,Crohn's Disease,Moderate,0
4,Censored,,,male,IBD-Unclassified,Moderate,0
4,Event,1,AMINOSALICYLATE,male,Crohn's Disease,Moderate,0
4,Event,1,AMINOSALICYLATE,male,Crohn's Disease,,0
4,Event,1,AMINOSALICYLATE,male,,Moderate,0
4,Event,1,AMINOSALICYLATE,male,,,0
4,Event,1,AMINOSALICYLATE,,Crohn's Disease,Moderate,0
4,Event,1,AMINOSALICYLATE,,Crohn's Disease,,0
4,Event,1,AMINOSALICYLATE,,,Moderate,0
4,Event,1,AMINOSALICYLATE,,,,0
4,Event,1,,male,Crohn's Disease,Moderate,0
4,Event,1,,male,Crohn's Disease,,0
4,Event,1,,male,,Moderate,0
4,Event,1,,male,,,0
4,Event,1,,,Crohn's Disease,Moderate,0
4,Event,1,,,Crohn's Disease,,0
4,Event,1,,,,Moderate,0
4,Event,1,,,,,0
4,Event,2,IMMUNOMODULATOR,male,IBD-Unclassified,Moderate,0
4,Event,2,IMMUNOMODULATOR,male,IBD-Unclassified,,0
4,Event,2,IMMUNOMODULATOR,male,,Moderate,0
4,Event,2,IMMUNOMODULATOR,male,,,0
4,Event,2,IMMUNOMODULATOR,,IBD-Unclassified,Moderate,0
4,Event,2,IMMUNOMODULATOR,,IBD-Unclassified,,0
4,Event,2,IMMUNOMODULATOR,,,Moderate,0
4,Event,2,IMMUNOMODULATOR,,,,0
4,Event,2,,male,IBD-Unclassified,Moderate,0
4,Event,2,,male,IBD-Unclassified,,0
4,Event,2,,male,,Moderate,0
4,Event,2,,male,,,0
4,Event,2,,,IBD-Unclassified,Moderate,0
4,Event,2,,,IBD-Unclassified,,0
4,Event,2,,,,Moderate,0
4,Event,2,,,,,0
4,Event,3,CORTICOSTEROID,female,Crohn's Disease,Mild,0
4,Event,3,CORTICOSTEROID,female,Crohn's Disease,,0
4,Event,3,CORTICOSTEROID,female,,Mild,0
4,Event,3,CORTICOSTEROID,female,,,0
4,Event,3,CORTICOSTEROID,male,IBD-Unclassified,Mild,0
4,Event,3,CORTICOSTEROID,male,IBD-Unclassified,,0
4,Event,3,CORTICOSTEROID,male,,Mild,0
4,Event,3,CORTICOSTEROID,male,,,0
4,Event,3,CORTICOSTEROID,,Crohn's Disease,Mild,0
4,Event,3,CORTICOSTEROID,,Crohn's Disease,,0
4,Event,3,CORTICOSTEROID,,IBD-Unclassified,Mild,0
4,Event,3,CORTICOSTEROID,,IBD-Unclassified,,0
4,Event,3,,female,Crohn's Disease,Mild,0
4,Event,3,,female,Crohn's Disease,,0
4,Event,3,,female,,Mild,0
4,Event,3,,female,,,0
4,Event,3,,male,IBD-Unclassified,Mild,0
4,Event,3,,male,IBD-Unclassified,,0
4,Event,3,,male,,Mild,0
4,Event,3,,male,,,0
4,Event,3,,,Crohn's Disease,Mild,0
4,Event,3,,,Crohn's Disease,,0
4,Event,3,,,IBD-Unclassified,Mild,0
4,Event,3,,,IBD-Unclassified,,0
4,Event,4,AMINOSALICYLATE,female,IBD-Unclassified,Mild,0
4,Event,4,AMINOSALICYLATE,female,IBD-Unclassified,,0
4,Event,4,AMINOSALICYLATE,female,,Mild,0
4,Event,4,AMINOSALICYLATE,female,,,0
4,Event,4,AMINOSALICYLATE,,IBD-Unclassified,Mild,0
4,Event,4,AMINOSALICYLATE,,IBD-Unclassified,,0
4,Event,4,AMINOSALICYLATE,,,Mild,0
4,Event,4,AMINOSALICYLATE,,,,0
4,Event,4,,female,IBD-Unclassified,Mild,0
4,Event,4,,female,IBD-Unclassified,,0
4,Event,4,,female,,Mild,0
4,Event,4,,female,,,0
4,Event,4,,,IBD-Unclassified,Mild,0
4,Event,4,,,IBD-Unclassified,,0
4,Event,4,,,,Mild,0
4,Event,4,,,,,0
4,Event,,AMINOSALICYLATE,female,IBD-Unclassified,Mild,0
4,Event,,AMINOSALICYLATE,female,IBD-Unclassified,,0
4,Event,,AMINOSALICYLATE,female,,Mild,0
4,Event,,AMINOSALICYLATE,female,,,0
4,Event,,AMINOSALICYLATE,male,Crohn's Disease,Moderate,0
4,Event,,AMINOSALICYLATE,male,Crohn's Disease,,0
4,Event,,AMINOSALICYLATE,male,,Moderate,0
4,Event,,AMINOSALICYLATE,male,,,0
4,Event,,AMINOSALICYLATE,,Crohn's Disease,Moderate,0
4,Event,,AMINOSALICYLATE,,Crohn's Disease,,0
4,Event,,AMINOSALICYLATE,,IBD-Unclassified,Mild,0
4,Event,,AMINOSALICYLATE,,IBD-Unclassified,,0
4,Event,,AMINOSALICYLATE,,,Mild,0
4,Event,,AMINOSALICYLATE,,,Moderate,0
4,Event,,CORTICOSTEROID,female,Crohn's Disease,Mild,0
4,Event,,CORTICOSTEROID,female,Crohn's Disease,,0
4,Event,,CORTICOSTEROID,female,,Mild,0
4,Event,,CORTICOSTEROID,female,,,0
4,Event,,CORTICOSTEROID,male,IBD-Unclassified,Mild,0
4,Event,,CORTICOSTEROID,male,IBD-Unclassified,,0
4,Event,,CORTICOSTEROID,male,,Mild,0
4,Event,,CORTICOSTEROID,male,,,0
4,Event,,CORTICOSTEROID,,Crohn's Disease,Mild,0
4,Event,,CORTICOSTEROID,,Crohn's Disease,,0
4,Event,,CORTICOSTEROID,,IBD-Unclassified,Mild,0
4,Event,,CORTICOSTEROID,,IBD-Unclassified,,0
4,Event,,IMMUNOMODULATOR,male,IBD-Unclassified,Moderate,0
4,Event,,IMMUNOMODULATOR,male,IBD-Unclassified,,0
4,Event,,IMMUNOMODULATOR,male,,Moderate,0
4,Event,,IMMUNOMODULATOR,male,,,0
4,Event,,IMMUNOMODULATOR,,IBD-Unclassified,Moderate,0
4,Event,,IMMUNOMODULATOR,,IBD-Unclassified,,0
4,Event,,IMMUNOMODULATOR,,,Moderate,0
4,Event,,IMMUNOMODULATOR,,,,0
4,Event,,,female,Crohn's Disease,Mild,0
4,Event,,,female,Crohn's Disease,,0
4,Event,,,female,IBD-Unclassified,Mild,0
4,Event,,,female,IBD-Unclassified,,0
4,Event,,,male,Crohn's Disease,Moderate,0
4,Event,,,male,Crohn's Disease,,0
4,Event,,,male,IBD-Unclassified,Mild,0
4,Event,,,male,IBD-Unclassified,Moderate,0
4,Event,,,male,,Mild,0
4,Event,,,,Crohn's Disease,Mild,0
4,Event,,,,Crohn's Disease,Moderate,0
4,Event,,,,IBD-Unclassified,Moderate,0
4,,0,CORTICOSTEROID,female,IBD-Unclassified,Moderate,0
4,,0,CORTICOSTEROID,female,IBD-Unclassified,,0
4,,0,CORTICOSTEROID,female,,Moderate,0
4,,0,CORTICOSTEROID,female,,,0
4,,0,CORTICOSTEROID,,IBD-Unclassified,Moderate,0
4,,0,CORTICOSTEROID,,IBD-Unclassified,,0
4,,0,CORTICOSTEROID,,,Moderate,0
4,,0,CORTICOSTEROID,,,,0
4,,0,,female,IBD-Unclassified,Moderate,0
4,,0,,female,IBD-Unclassified,,0
4,,0,,female,,Moderate,0
4,,0,,female,,,0
4,,0,,,IBD-Unclassified,Moderate,0
4,,0,,,IBD-Unclassified,,0
4,,0,,,,Moderate,0
4,,0,,,,,0
4,,1,AMINOSALICYLATE,male,Crohn's Disease,Moderate,0
4,,1,AMINOSALICYLATE,male,Crohn's Disease,,0
4,,1,AMINOSALICYLATE,male,,Moderate,0
4,,1,AMINOSALICYLATE,male,,,0
4,,1,AMINOSALICYLATE,,Crohn's Disease,Moderate,0
4,,1,AMINOSALICYLATE,,Crohn's Disease,,0
4,,1,AMINOSALICYLATE,,,Moderate,0
4,,1,AMINOSALICYLATE,,,,0
4,,1,,male,Crohn's Disease,Moderate,0
4,,1,,male,Crohn's Disease,,0
4,,1,,male,,Moderate,0
4,,1,,male,,,0
4,,1,,,Crohn's Disease,Moderate,0
4,,1,,,Crohn's Disease,,0
4,,1,,,,Moderate,0
4,,1,,,,,0
4,,2,IMMUNOMODULATOR,male,IBD-Unclassified,Moderate,0
4,,2,IMMUNOMODULATOR,male,IBD-Unclassified,,0
4,,2,IMMUNOMODULATOR,male,,Moderate,0
4,,2,IMMUNOMODULATOR,male,,,0
4,,2,IMMUNOMODULATOR,,IBD-Unclassified,Moderate,0
4,,2,IMMUNOMODULATOR,,IBD-Unclassified,,0
4,,2,IMMUNOMODULATOR,,,Moderate,0
4,,2,IMMUNOMODULATOR,,,,0
4,,2,,male,IBD-Unclassified,Moderate,0
4,,2,,male,IBD-Unclassified,,0
4,,2,,male,,Moderate,0
4,,2,,male,,,0
4,,2,,,IBD-Unclassified,Moderate,0
4,,2,,,IBD-Unclassified,,0
4,,2,,,,Moderate,0
4,,2,,,,,0
4,,3,AMINOSALICYLATE,male,Crohn's Disease,Mild,0
4,,3,AMINOSALICYLATE,male,Crohn's Disease,,0
4,,3,AMINOSALICYLATE,male,,Mild,0
4,,3,AMINOSALICYLATE,male,,,0
4,,3,AMINOSALICYLATE,,Crohn's Disease,Mild,0
4,,3,AMINOSALICYLATE,,Crohn's Disease,,0
4,,3,AMINOSALICYLATE,,,Mild,0
4,,3,AMINOSALICYLATE,,,,0
4,,3,ANTI_INTERLEUKIN,male,Crohn's Disease,Mild,0
4,,3,ANTI_INTERLEUKIN,male,Crohn's Disease,,0
4,,3,ANTI_INTERLEUKIN,male,,Mild,0
4,,3,ANTI_INTERLEUKIN,male,,,0
4,,3,ANTI_INTERLEUKIN,,Crohn's Disease,Mild,0
4,,3,ANTI_INTERLEUKIN,,Crohn's Disease,,0
4,,3,ANTI_INTERLEUKIN,,,Mild,0
4,,3,ANTI_INTERLEUKIN,,,,0
4,,3,ANTI_TNF,male,IBD-Unclassified,Moderate,0
4,,3,ANTI_TNF,male,IBD-Unclassified,,0
4,,3,ANTI_TNF,male,,Moderate,0
4,,3,ANTI_TNF,male,,,0
4,,3,ANTI_TNF,,IBD-Unclassified,Moderate,0
4,,3,ANTI_TNF,,IBD-Unclassified,,0
4,,3,ANTI_TNF,,,Moderate,0
4,,3,ANTI_TNF,,,,0
4,,3,CORTICOSTEROID,female,Crohn's Disease,Mild,0
4,,3,CORTICOSTEROID,female,Crohn's Disease,,0
4,,3,CORTICOSTEROID,female,,Mild,0
4,,3,CORTICOSTEROID,female,,,0
4,,3,CORTICOSTEROID,male,Crohn's Disease,Moderate,0
4,,3,CORTICOSTEROID,male,Crohn's Disease,,0
4,,3,CORTICOSTEROID,male,IBD-Unclassified,Mild,0
4,,3,CORTICOSTEROID,male,IBD-Unclassified,,0
4,,3,CORTICOSTEROID,male,,Mild,0
4,,3,CORTICOSTEROID,male,,Moderate,0
4,,3,CORTICOSTEROID,,Crohn's Disease,Mild,0
4,,3,CORTICOSTEROID,,Crohn's Disease,Moderate,0
4,,3,CORTICOSTEROID,,IBD-Unclassified,Mild,0
4,,3,CORTICOSTEROID,,IBD-Unclassified,,0
4,,3,CORTICOSTEROID,,,Moderate,0
4,,3,IMMUNOMODULATOR,female,Crohn's Disease,Moderate,0
4,,3,IMMUNOMODULATOR,female,Crohn's Disease,,0
4,,3,IMMUNOMODULATOR,female,,Moderate,0
4,,3,IMMUNOMODULATOR,female,,,0
4,,3,IMMUNOMODULATOR,male,IBD-Unclassified,Mild,0
4,,3,IMMUNOMODULATOR,male,IBD-Unclassified,,0
4,,3,IMMUNOMODULATOR,male,,Mild,0
4,,3,IMMUNOMODULATOR,male,,,0
4,,3,IMMUNOMODULATOR,,Crohn's Disease,Moderate,0
4,,3,IMMUNOMODULATOR,,Crohn's Disease,,0
4,,3,IMMUNOMODULATOR,,IBD-Unclassified,Mild,0
4,,3,IMMUNOMODULATOR,,IBD-Unclassified,,0
4,,3,IMMUNOMODULATOR,,,Mild,0
4,,3,IMMUNOMODULATOR,,,Moderate,0
4,,3,,female,Crohn's Disease,Mild,0
4,,3,,female,Crohn's Disease,Moderate,0
4,,3,,female,,Mild,0
4,,3,,female,,Moderate,0
4,,3,,male,Crohn's Disease,Moderate,0
4,,3,,male,IBD-Unclassified,Moderate,0
4,,3,,,IBD-Unclassified,Moderate,0
4,,4,AMINOSALICYLATE,female,IBD-Unclassified,Mild,0
4,,4,AMINOSALICYLATE,female,IBD-Unclassified,,0
4,,4,AMINOSALICYLATE,female,,Mild,0
4,,4,AMINOSALICYLATE,female,,,0
4,,4,AMINOSALICYLATE,male,IBD-Unclassified,Mild,0
4,,4,AMINOSALICYLATE,male,IBD-Unclassified,,0
4,,4,AMINOSALICYLATE,male,,Mild,0
4,,4,AMINOSALICYLATE,male,,,0
4,,4,,female,IBD-Unclassified,Mild,0
4,,4,,female,IBD-Unclassified,,0
4,,4,,female,,Mild,0
4,,4,,female,,,0
4,,4,,male,IBD-Unclassified,Mild,0
4,,4,,male,IBD-Unclassified,,0
4,,4,,male,,Mild,0
4,,4,,male,,,0
4,,,AMINOSALICYLATE,female,IBD-Unclassified,Mild,0
4,,,AMINOSALICYLATE,female,IBD-Unclassified,,0
4,,,AMINOSALICYLATE,female,,Mild,0
4,,,AMINOSALICYLATE,female,,,0
4,,,AMINOSALICYLATE,male,Crohn's Disease,Mild,0
4,,,AMINOSALICYLATE,male,Crohn's Disease,Moderate,0
4,,,AMINOSALICYLATE,male,IBD-Unclassified,Mild,0
4,,,AMINOSALICYLATE,male,IBD-Unclassified,,0
4,,,AMINOSALICYLATE,male,,Moderate,0
4,,,AMINOSALICYLATE,,Crohn's Disease,Mild,0
4,,,AMINOSALICYLATE,,Crohn's Disease,Moderate,0
4,,,AMINOSALICYLATE,,,Moderate,0
4,,,ANTI_INTERLEUKIN,male,Crohn's Disease,Mild,0
4,,,ANTI_INTERLEUKIN,male,Crohn's Disease,,0
4,,,ANTI_INTERLEUKIN,male,,Mild,0
4,,,ANTI_INTERLEUKIN,male,,,0
4,,,ANTI_INTERLEUKIN,,Crohn's Disease,Mild,0
4,,,ANTI_INTERLEUKIN,,Crohn's Disease,,0
4,,,ANTI_INTERLEUKIN,,,Mild,0
4,,,ANTI_INTERLEUKIN,,,,0
4,,,ANTI_TNF,male,IBD-Unclassified,Moderate,0
4,,,ANTI_TNF,male,IBD-Unclassified,,0
4,,,ANTI_TNF,male,,Moderate,0
4,,,ANTI_TNF,male,,,0
4,,,ANTI_TNF,,IBD-Unclassified,Moderate,0
4,,,ANTI_TNF,,IBD-Unclassified,,0
4,,,ANTI_TNF,,,Moderate,0
4,,,ANTI_TNF,,,,0
4,,,CORTICOSTEROID,female,Crohn's Disease,Mild,0
4,,,CORTICOSTEROID,female,Crohn's Disease,,0
4,,,CORTICOSTEROID,female,IBD-Unclassified,Moderate,0
4,,,CORTICOSTEROID,female,IBD-Unclassified,,0
4,,,CORTICOSTEROID,female,,Mild,0
4,,,CORTICOSTEROID,female,,Moderate,0
4,,,CORTICOSTEROID,male,Crohn's Disease,Moderate,0
4,,,CORTICOSTEROID,male,Crohn's Disease,,0
4,,,CORTICOSTEROID,male,IBD-Unclassified,Mild,0
4,,,CORTICOSTEROID,male,IBD-Unclassified,,0
4,,,CORTICOSTEROID,male,,Mild,0
4,,,CORTICOSTEROID,male,,Moderate,0
4,,,CORTICOSTEROID,,Crohn's Disease,Mild,0
4,,,CORTICOSTEROID,,Crohn's Disease,Moderate,0
4,,,CORTICOSTEROID,,IBD-Unclassified,Mild,0
4,,,CORTICOSTEROID,,IBD-Unclassified,Moderate,0
4,,,IMMUNOMODULATOR,female,Crohn's Disease,Moderate,0
4,,,IMMUNOMODULATOR,female,Crohn's Disease,,0
4,,,IMMUNOMODULATOR,female,,Moderate,0
4,,,IMMUNOMODULATOR,female,,,0
4,,,IMMUNOMODULATOR,male,IBD-Unclassified,Mild,0
4,,,IMMUNOMODULATOR,male,IBD-Unclassified,Moderate,0
4,,,IMMUNOMODULATOR,male,,Mild,0
4,,,IMMUNOMODULATOR,male,,Moderate,0
4,,,IMMUNOMODULATOR,,Crohn's Disease,Moderate,0
4,,,IMMUNOMODULATOR,,Crohn's Disease,,0
4,,,IMMUNOMODULATOR,,IBD-Unclassified,Mild,0
4,,,IMMUNOMODULATOR,,IBD-Unclassified,Moderate,0
4,,,IMMUNOMODULATOR,,,Mild,0
4,,,,female,Crohn's Disease,Mild,0
4,,,,female,Crohn's Disease,Moderate,0
4,,,,female,IBD-Unclassified,Mild,0
4,,,,female,IBD-Unclassified,Moderate,0
>=5,Censored,1,ANTI_TNF,male,Crohn's Disease,Moderate,0
>=5,Censored,1,ANTI_TNF,male,Crohn's Disease,,0
>=5,Censored,1,ANTI_TNF,male,,Moderate,0
>=5,Censored,1,ANTI_TNF,male,,,0
>=5,Censored,1,ANTI_TNF,,Crohn's Disease,Moderate,0
>=5,Censored,1,ANTI_TNF,,Crohn's Disease,,0
>=5,Censored,1,ANTI_TNF,,,Moderate,0
>=5,Censored,1,ANTI_TNF,,,,0
>=5,Censored,1,CORTICOSTEROID,female,Ulcerative Colitis,Mild,0
>=5,Censored,1,CORTICOSTEROID,female,Ulcerative Colitis,,0
>=5,Censored,1,CORTICOSTEROID,female,,Mild,0
>=5,Censored,1,CORTICOSTEROID,female,,,0
>=5,Censored,1,CORTICOSTEROID,,Ulcerative Colitis,Mild,0
>=5,Censored,1,CORTICOSTEROID,,Ulcerative Colitis,,0
>=5,Censored,1,CORTICOSTEROID,,,Mild,0
>=5,Censored,1,CORTICOSTEROID,,,,0
>=5,Censored,1,,female,Ulcerative Colitis,Mild,0
>=5,Censored,1,,female,Ulcerative Colitis,,0
>=5,Censored,1,,female,,Mild,0
>=5,Censored,1,,female,,,0
>=5,Censored,1,,male,Crohn's Disease,Moderate,0
>=5,Censored,1,,male,Crohn's Disease,,0
>=5,Censored,1,,male,,Moderate,0
>=5,Censored,1,,male,,,0
>=5,Censored,1,,,Crohn's Disease,Moderate,0
>=5,Censored,1,,,Crohn's Disease,,0
>=5,Censored,1,,,Ulcerative Colitis,Mild,0
>=5,Censored,1,,,Ulcerative Colitis,,0
>=5,Censored,1,,,,Mild,0
>=5,Censored,1,,,,Moderate,0
>=5,Censored,2,AMINOSALICYLATE,female,Crohn's Disease,Moderate,0
>=5,Censored,2,AMINOSALICYLATE,female,Crohn's Disease,,0
>=5,Censored,2,AMINOSALICYLATE,female,,Moderate,0
>=5,Censored,2,AMINOSALICYLATE,female,,,0
>=5,Censored,2,AMINOSALICYLATE,,Crohn's Disease,Moderate,0
>=5,Censored,2,AMINOSALICYLATE,,Crohn's Disease,,0
>=5,Censored,2,AMINOSALICYLATE,,,Moderate,0
>=5,Censored,2,AMINOSALICYLATE,,,,0
>=5,Censored,2,,female,Crohn's Disease,Moderate,0
>=5,Censored,2,,female,Crohn's Disease,,0
>=5,Censored,2,,female,,Moderate,0
>=5,Censored,2,,female,,,0
>=5,Censored,2,,,Crohn's Disease,Moderate,0
>=5,Censored,2,,,Crohn's Disease,,0
>=5,Censored,2,,,,Moderate,0
>=5,Censored,2,,,,,0
>=5,Censored,3,AMINOSALICYLATE,male,IBD-Unclassified,Moderate,0
>=5,Censored,3,AMINOSALICYLATE,male,IBD-Unclassified,,0
>=5,Censored,3,AMINOSALICYLATE,male,,Moderate,0
>=5,Censored,3,AMINOSALICYLATE,male,,,0
>=5,Censored,3,AMINOSALICYLATE,,IBD-Unclassified,Moderate,0
>=5,Censored,3,AMINOSALICYLATE,,IBD-Unclassified,,0
>=5,Censored,3,AMINOSALICYLATE,,,Moderate,0
>=5,Censored,3,AMINOSALICYLATE,,,,0
>=5,Censored,3,ANTI_INTEGRIN,female,Ulcerative Colitis,Severe,0
>=5,Censored,3,ANTI_INTEGRIN,female,Ulcerative Colitis,,0
>=5,Censored,3,ANTI_INTEGRIN,female,,Severe,0
>=5,Censored,3,ANTI_INTEGRIN,female,,,0
>=5,Censored,3,ANTI_INTEGRIN,,Ulcerative Colitis,Severe,0
>=5,Censored,3,ANTI_INTEGRIN,,Ulcerative Colitis,,0
>=5,Censored,3,ANTI_INTEGRIN,,,Severe,0
>=5,Censored,3,ANTI_INTEGRIN,,,,0
>=5,Censored,3,ANTI_TNF,male,Crohn's Disease,Severe,0
>=5,Censored,3,ANTI_TNF,male,Crohn's Disease,,0
>=5,Censored,3,ANTI_TNF,male,,Severe,0
>=5,Censored,3,ANTI_TNF,male,,,0
>=5,Censored,3,ANTI_TNF,,Crohn's Disease,Severe,0
>=5,Censored,3,ANTI_TNF,,Crohn's Disease,,0
>=5,Censored,3,ANTI_TNF,,,Severe,0
>=5,Censored,3,ANTI_TNF,,,,0
>=5,Censored,3,CORTICOSTEROID,male,Ulcerative Colitis,Mild,0
>=5,Censored,3,CORTICOSTEROID,male,Ulcerative Colitis,,0
>=5,Censored,3,CORTICOSTEROID,male,,Mild,0
>=5,Censored,3,CORTICOSTEROID,male,,,0
>=5,Censored,3,CORTICOSTEROID,,Ulcerative Colitis,Mild,0
>=5,Censored,3,CORTICOSTEROID,,Ulcerative Colitis,,0
>=5,Censored,3,CORTICOSTEROID,,,Mild,0
>=5,Censored,3,CORTICOSTEROID,,,,0
>=5,Censored,3,,female,Ulcerative Colitis,Severe,0
>=5,Censored,3,,female,Ulcerative Colitis,,0
>=5,Censored,3,,female,,Severe,0
>=5,Censored,3,,female,,,0
>=5,Censored,3,,male,Crohn's Disease,Severe,0
>=5,Censored,3,,male,Crohn's Disease,,0
>=5,Censored,3,,male,IBD-Unclassified,Moderate,0
>=5,Censored,3,,male,IBD-Unclassified,,0
>=5,Censored,3,,male,Ulcerative Colitis,Mild,0
>=5,Censored,3,,male,Ulcerative Colitis,,0
>=5,Censored,3,,male,,Mild,0
>=5,Censored,3,,male,,Moderate,0
>=5,Censored,3,,male,,Severe,0
>=5,Censored,3,,,Crohn's Disease,Severe,0
>=5,Censored,3,,,Crohn's Disease,,0
>=5,Censored,3,,,IBD-Unclassified,Moderate,0
>=5,Censored,3,,,IBD-Unclassified,,0
>=5,Censored,3,,,Ulcerative Colitis,Mild,0
>=5,Censored,3,,,Ulcerative Colitis,Severe,0
>=5,Censored,3,,,,Mild,0
>=5,Censored,3,,,,Moderate,0
>=5,Censored,4,AMINOSALICYLATE,female,Crohn's Disease,Mild,0
>=5,Censored,4,AMINOSALICYLATE,female,Crohn's Disease,,0
>=5,Censored,4,AMINOSALICYLATE,female,,Mild,0
>=5,Censored,4,AMINOSALICYLATE,female,,,0
>=5,Censored,4,AMINOSALICYLATE,,Crohn's Disease,Mild,0
>=5,Censored,4,AMINOSALICYLATE,,Crohn's Disease,,0
>=5,Censored,4,AMINOSALICYLATE,,,Mild,0
>=5,Censored,4,AMINOSALICYLATE,,,,0
>=5,Censored,4,IMMUNOMODULATOR,male,Ulcerative Colitis,Mild,0
>=5,Censored,4,IMMUNOMODULATOR,male,Ulcerative Colitis,,0
>=5,Censored,4,IMMUNOMODULATOR,male,,Mild,0
>=5,Censored,4,IMMUNOMODULATOR,male,,,0
>=5,Censored,4,IMMUNOMODULATOR,,Ulcerative Colitis,Mild,0
>=5,Censored,4,IMMUNOMODULATOR,,Ulcerative Colitis,,0
>=5,Censored,4,IMMUNOMODULATOR,,,Mild,0
>=5,Censored,4,IMMUNOMODULATOR,,,,0
>=5,Censored,4,,female,Crohn's Disease,Mild,0
>=5,Censored,4,,female,Crohn's Disease,,0
>=5,Censored,4,,female,,Mild,0
>=5,Censored,4,,female,,,0
>=5,Censored,4,,male,Ulcerative Colitis,Mild,0
>=5,Censored,4,,male,Ulcerative Colitis,,0
>=5,Censored,4,,male,,Mild,0
>=5,Censored,4,,male,,,0
>=5,Censored,4,,,Crohn's Disease,Mild,0
>=5,Censored,4,,,Crohn's Disease,,0
>=5,Censored,4,,,Ulcerative Colitis,Mild,0
>=5,Censored,4,,,Ulcerative Colitis,,0
>=5,Censored,5,AMINOSALICYLATE,female,Crohn's Disease,Moderate,0
>=5,Censored,5,AMINOSALICYLATE,female,Crohn's Disease,,0
>=5,Censored,5,AMINOSALICYLATE,female,,Moderate,0
>=5,Censored,5,AMINOSALICYLATE,female,,,0
>=5,Censored,5,AMINOSALICYLATE,male,Ulcerative Colitis,Mild,0
>=5,Censored,5,AMINOSALICYLATE,male,Ulcerative Colitis,,0
>=5,Censored,5,AMINOSALICYLATE,male,,Mild,0
>=5,Censored,5,AMINOSALICYLATE,male,,,0
>=5,Censored,5,AMINOSALICYLATE,,Crohn's Disease,Moderate,0
>=5,Censored,5,AMINOSALICYLATE,,Crohn's Disease,,0
>=5,Censored,5,AMINOSALICYLATE,,Ulcerative Colitis,Mild,0
>=5,Censored,5,AMINOSALICYLATE,,Ulcerative Colitis,,0
>=5,Censored,5,AMINOSALICYLATE,,,Mild,0
>=5,Censored,5,AMINOSALICYLATE,,,Moderate,0
>=5,Censored,5,IMMUNOMODULATOR,male,IBD-Unclassified,Moderate,0
>=5,Censored,5,IMMUNOMODULATOR,male,IBD-Unclassified,,0
>=5,Censored,5,IMMUNOMODULATOR,male,,Moderate,0
>=5,Censored,5,IMMUNOMODULATOR,male,,,0
>=5,Censored,5,IMMUNOMODULATOR,,IBD-Unclassified,Moderate,0
>=5,Censored,5,IMMUNOMODULATOR,,IBD-Unclassified,,0
>=5,Censored,5,IMMUNOMODULATOR,,,Moderate,0
>=5,Censored,5,IMMUNOMODULATOR,,,,0
>=5,Censored,5,,female,Crohn's Disease,Moderate,0
>=5,Censored,5,,female,Crohn's Disease,,0
>=5,Censored,5,,female,,Moderate,0
>=5,Censored,5,,female,,,0
>=5,Censored,5,,male,IBD-Unclassified,Moderate,0
>=5,Censored,5,,male,IBD-Unclassified,,0
>=5,Censored,5,,male,Ulcerative Colitis,Mild,0
>=5,Censored,5,,male,Ulcerative Colitis,,0
>=5,Censored,5,,male,,Mild,0
>=5,Censored,5,,male,,Moderate,0
>=5,Censored,5,,,Crohn's Disease,Moderate,0
>=5,Censored,5,,,Crohn's Disease,,0
>=5,Censored,5,,,IBD-Unclassified,Moderate,0
>=5,Censored,5,,,IBD-Unclassified,,0
>=5,Censored,5,,,Ulcerative Colitis,Mild,0
>=5,Censored,5,,,Ulcerative Colitis,,0
>=5,Censored,5,,,,Mild,0
>=5,Censored,,AMINOSALICYLATE,female,Crohn's Disease,Mild,0
>=5,Censored,,AMINOSALICYLATE,female,,Mild,0
>=5,Censored,,AMINOSALICYLATE,male,IBD-Unclassified,Moderate,0
>=5,Censored,,AMINOSALICYLATE,male,IBD-Unclassified,,0
>=5,Censored,,AMINOSALICYLATE,male,Ulcerative Colitis,Mild,0
>=5,Censored,,AMINOSALICYLATE,male,Ulcerative Colitis,,0
>=5,Censored,,AMINOSALICYLATE,male,,Mild,0
>=5,Censored,,AMINOSALICYLATE,male,,Moderate,0
>=5,Censored,,AMINOSALICYLATE,,Crohn's Disease,Mild,0
>=5,Censored,,AMINOSALICYLATE,,IBD-Unclassified,Moderate,0
>=5,Censored,,AMINOSALICYLATE,,IBD-Unclassified,,0
>=5,Censored,,AMINOSALICYLATE,,Ulcerative Colitis,Mild,0
>=5,Censored,,AMINOSALICYLATE,,Ulcerative Colitis,,0
>=5,Censored,,ANTI_INTEGRIN,female,Ulcerative Colitis,Severe,0
>=5,Censored,,ANTI_INTEGRIN,female,Ulcerative Colitis,,0
>=5,Censored,,ANTI_INTEGRIN,female,,Severe,0
>=5,Censored,,ANTI_INTEGRIN,female,,,0
>=5,Censored,,ANTI_INTEGRIN,,Ulcerative Colitis,Severe,0
>=5,Censored,,ANTI_INTEGRIN,,Ulcerative Colitis,,0
>=5,Censored,,ANTI_INTEGRIN,,,Severe,0
>=5,Censored,,ANTI_INTEGRIN,,,,0
>=5,Censored,,ANTI_TNF,male,Crohn's Disease,Moderate,0
>=5,Censored,,ANTI_TNF,male,Crohn's Disease,Severe,0
>=5,Censored,,ANTI_TNF,male,,Moderate,0
>=5,Censored,,ANTI_TNF,male,,Severe,0
>=5,Censored,,ANTI_TNF,,Crohn's Disease,Moderate,0
>=5,Censored,,ANTI_TNF,,Crohn's Disease,Severe,0
>=5,Censored,,ANTI_TNF,,,Moderate,0
>=5,Censored,,ANTI_TNF,,,Severe,0
>=5,Censored,,CORTICOSTEROID,female,Ulcerative Colitis,Mild,0
>=5,Censored,,CORTICOSTEROID,female,Ulcerative Colitis,,0
>=5,Censored,,CORTICOSTEROID,female,,Mild,0
>=5,Censored,,CORTICOSTEROID,female,,,0
>=5,Censored,,CORTICOSTEROID,male,Ulcerative Colitis,Mild,0
>=5,Censored,,CORTICOSTEROID,male,Ulcerative Colitis,,0
>=5,Censored,,CORTICOSTEROID,male,,Mild,0
>=5,Censored,,CORTICOSTEROID,male,,,0
>=5,Censored,,IMMUNOMODULATOR,male,IBD-Unclassified,Moderate,0
>=5,Censored,,IMMUNOMODULATOR,male,IBD-Unclassified,,0
>=5,Censored,,IMMUNOMODULATOR,male,Ulcerative Colitis,Mild,0
>=5,Censored,,IMMUNOMODULATOR,male,Ulcerative Colitis,,0
>=5,Censored,,IMMUNOMODULATOR,male,,Mild,0
>=5,Censored,,IMMUNOMODULATOR,male,,Moderate,0
>=5,Censored,,IMMUNOMODULATOR,,IBD-Unclassified,Moderate,0
>=5,Censored,,IMMUNOMODULATOR,,IBD-Unclassified,,0
>=5,Censored,,IMMUNOMODULATOR,,Ulcerative Colitis,Mild,0
>=5,Censored,,IMMUNOMODULATOR,,Ulcerative Colitis,,0
>=5,Censored,,IMMUNOMODULATOR,,,Mild,0
>=5,Censored,,IMMUNOMODULATOR,,,Moderate,0
>=5,Censored,,,female,Crohn's Disease,Mild,0
>=5,Censored,,,female,Ulcerative Colitis,Mild,0
>=5,Censored,,,female,Ulcerative Colitis,Severe,0
>=5,Censored,,,female,,Severe,0
>=5,Censored,,,male,Crohn's Disease,Moderate,0
>=5,Censored,,,male,Crohn's Disease,Severe,0
>=5,Censored,,,male,,Severe,0
>=5,Censored,,,,Crohn's Disease,Mild,0
>=5,Censored,,,,Crohn's Disease,Severe,0
>=5,Censored,,,,Ulcerative Colitis,Severe,0
>=5,Event,1,IMMUNOMODULATOR,male,Ulcerative Colitis,Mild,0
>=5,Event,1,IMMUNOMODULATOR,male,Ulcerative Colitis,,0
>=5,Event,1,IMMUNOMODULATOR,male,,Mild,0
>=5,Event,1,IMMUNOMODULATOR,male,,,0
>=5,Event,1,IMMUNOMODULATOR,,Ulcerative Colitis,Mild,0
>=5,Event,1,IMMUNOMODULATOR,,Ulcerative Colitis,,0
>=5,Event,1,IMMUNOMODULATOR,,,Mild,0
>=5,Event,1,IMMUNOMODULATOR,,,,0
>=5,Event,1,,male,Ulcerative Colitis,Mild,0
>=5,Event,1,,male,Ulcerative Colitis,,0
>=5,Event,1,,male,,Mild,0
>=5,Event,1,,male,,,0
>=5,Event,1,,,Ulcerative Colitis,Mild,0
>=5,Event,1,,,Ulcerative Colitis,,0
>=5,Event,1,,,,Mild,0
>=5,Event,1,,,,,0
>=5,Event,2,CORTICOSTEROID,female,Ulcerative Colitis,Moderate,0
>=5,Event,2,CORTICOSTEROID,female,Ulcerative Colitis,,0
>=5,Event,2,CORTICOSTEROID,female,,Moderate,0
>=5,Event,2,CORTICOSTEROID,female,,,0
>=5,Event,2,CORTICOSTEROID,,Ulcerative Colitis,Moderate,0
>=5,Event,2,CORTICOSTEROID,,Ulcerative Colitis,,0
>=5,Event,2,CORTICOSTEROID,,,Moderate,0
>=5,Event,2,CORTICOSTEROID,,,,0
>=5,Event,2,,female,Ulcerative Colitis,Moderate,0
>=5,Event,2,,female,Ulcerative Colitis,,0
>=5,Event,2,,female,,Moderate,0
>=5,Event,2,,female,,,0
>=5,Event,2,,,Ulcerative Colitis,Moderate,0
>=5,Event,2,,,Ulcerative Colitis,,0
>=5,Event,2,,,,Moderate,0
>=5,Event,2,,,,,0
>=5,Event,3,AMINOSALICYLATE,male,Ulcerative Colitis,Moderate,0
>=5,Event,3,AMINOSALICYLATE,male,Ulcerative Colitis,,0
>=5,Event,3,AMINOSALICYLATE,male,,Moderate,0
>=5,Event,3,AMINOSALICYLATE,male,,,0
>=5,Event,3,AMINOSALICYLATE,,Ulcerative Colitis,Moderate,0
>=5,Event,3,AMINOSALICYLATE,,Ulcerative Colitis,,0
>=5,Event,3,AMINOSALICYLATE,,,Moderate,0
>=5,Event,3,AMINOSALICYLATE,,,,0
>=5,Event,3,CORTICOSTEROID,male,Ulcerative Colitis,Moderate,0
>=5,Event,3,CORTICOSTEROID,male,Ulcerative Colitis,,0
>=5,Event,3,CORTICOSTEROID,male,,Moderate,0
>=5,Event,3,CORTICOSTEROID,male,,,0
>=5,Event,3,CORTICOSTEROID,,Ulcerative Colitis,Moderate,0
>=5,Event,3,CORTICOSTEROID,,Ulcerative Colitis,,0
>=5,Event,3,CORTICOSTEROID,,,Moderate,0
>=5,Event,3,CORTICOSTEROID,,,,0
>=5,Event,5,AMINOSALICYLATE,female,Ulcerative Colitis,Mild,0
>=5,Event,5,AMINOSALICYLATE,female,Ulcerative Colitis,,0
>=5,Event,5,AMINOSALICYLATE,female,,Mild,0
>=5,Event,5,AMINOSALICYLATE,female,,,0
>=5,Event,5,AMINOSALICYLATE,,Ulcerative Colitis,Mild,0
>=5,Event,5,AMINOSALICYLATE,,Ulcerative Colitis,,0
>=5,Event,5,AMINOSALICYLATE,,,Mild,0
>=5,Event,5,AMINOSALICYLATE,,,,0
>=5,Event,5,ANTI_TNF,female,Crohn's Disease,Mild,0
>=5,Event,5,ANTI_TNF,female,Crohn's Disease,,0
>=5,Event,5,ANTI_TNF,female,,Mild,0
>=5,Event,5,ANTI_TNF,female,,,0
>=5,Event,5,ANTI_TNF,,Crohn's Disease,Mild,0
>=5,Event,5,ANTI_TNF,,Crohn's Disease,,0
>=5,Event,5,ANTI_TNF,,,Mild,0
>=5,Event,5,ANTI_TNF,,,,0
>=5,Event,5,IMMUNOMODULATOR,male,Ulcerative Colitis,Mild,0
>=5,Event,5,IMMUNOMODULATOR,male,Ulcerative Colitis,,0
>=5,Event,5,IMMUNOMODULATOR,male,,Mild,0
>=5,Event,5,IMMUNOMODULATOR,male,,,0
>=5,Event,5,IMMUNOMODULATOR,,Ulcerative Colitis,Mild,0
>=5,Event,5,IMMUNOMODULATOR,,Ulcerative Colitis,,0
>=5,Event,5,IMMUNOMODULATOR,,,Mild,0
>=5,Event,5,IMMUNOMODULATOR,,,,0
>=5,Event,5,,female,Crohn's Disease,Mild,0
>=5,Event,5,,female,Crohn's Disease,,0
>=5,Event,5,,female,Ulcerative Colitis,Mild,0
>=5,Event,5,,female,Ulcerative Colitis,,0
>=5,Event,5,,male,Ulcerative Colitis,Mild,0
>=5,Event,5,,male,Ulcerative Colitis,,0
>=5,Event,5,,male,,Mild,0
>=5,Event,5,,male,,,0
>=5,Event,5,,,Crohn's Disease,Mild,0
>=5,Event,5,,,Crohn's Disease,,0
>=5,Event,,AMINOSALICYLATE,female,Ulcerative Colitis,Mild,0
>=5,Event,,AMINOSALICYLATE,female,Ulcerative Colitis,,0
>=5,Event,,AMINOSALICYLATE,female,,Mild,0
>=5,Event,,AMINOSALICYLATE,female,,,0
>=5,Event,,AMINOSALICYLATE,male,Ulcerative Colitis,Moderate,0
>=5,Event,,AMINOSALICYLATE,male,Ulcerative Colitis,,0
>=5,Event,,AMINOSALICYLATE,male,,Moderate,0
>=5,Event,,AMINOSALICYLATE,male,,,0
>=5,Event,,AMINOSALICYLATE,,Ulcerative Colitis,Mild,0
>=5,Event,,AMINOSALICYLATE,,Ulcerative Colitis,Moderate,0
>=5,Event,,AMINOSALICYLATE,,,Mild,0
>=5,Event,,AMINOSALICYLATE,,,Moderate,0
>=5,Event,,ANTI_TNF,female,Crohn's Disease,Mild,0
>=5,Event,,ANTI_TNF,female,Crohn's Disease,,0
>=5,Event,,ANTI_TNF,female,,Mild,0
>=5,Event,,ANTI_TNF,female,,,0
>=5,Event,,ANTI_TNF,,Crohn's Disease,Mild,0
>=5,Event,,ANTI_TNF,,Crohn's Disease,,0
>=5,Event,,ANTI_TNF,,,Mild,0
>=5,Event,,ANTI_TNF,,,,0
>=5,Event,,CORTICOSTEROID,female,Ulcerative Colitis,Moderate,0
>=5,Event,,CORTICOSTEROID,female,Ulcerative Colitis,,0
>=5,Event,,CORTICOSTEROID,female,,Moderate,0
>=5,Event,,CORTICOSTEROID,female,,,0
>=5,Event,,CORTICOSTEROID,male,Ulcerative Colitis,Moderate,0
>=5,Event,,CORTICOSTEROID,male,Ulcerative Colitis,,0
>=5,Event,,CORTICOSTEROID,male,,Moderate,0
>=5,Event,,CORTICOSTEROID,male,,,0
>=5,Event,,,female,Crohn's Disease,Mild,0
>=5,Event,,,female,Crohn's Disease,,0
>=5,Event,,,female,Ulcerative Colitis,Mild,0
>=5,Event,,,female,Ulcerative Colitis,Moderate,0
>=5,Event,,,female,,Moderate,0
>=5,Event,,,,Crohn's Disease,Mild,0
>=5,Event,,,,Crohn's Disease,,0
>=5,,1,ANTI_TNF,male,Crohn's Disease,Moderate,0
>=5,,1,ANTI_TNF,male,Crohn's Disease,,0
>=5,,1,ANTI_TNF,male,,Moderate,0
>=5,,1,ANTI_TNF,male,,,0
>=5,,1,ANTI_TNF,,Crohn's Disease,Moderate,0
>=5,,1,ANTI_TNF,,Crohn's Disease,,0
>=5,,1,ANTI_TNF,,,Moderate,0
>=5,,1,ANTI_TNF,,,,0
>=5,,1,CORTICOSTEROID,female,Ulcerative Colitis,Mild,0
>=5,,1,CORTICOSTEROID,female,Ulcerative Colitis,,0
>=5,,1,CORTICOSTEROID,female,,Mild,0
>=5,,1,CORTICOSTEROID,female,,,0
>=5,,1,CORTICOSTEROID,,Ulcerative Colitis,Mild,0
>=5,,1,CORTICOSTEROID,,Ulcerative Colitis,,0
>=5,,1,CORTICOSTEROID,,,Mild,0
>=5,,1,CORTICOSTEROID,,,,0
>=5,,1,IMMUNOMODULATOR,male,Ulcerative Colitis,Mild,0
>=5,,1,IMMUNOMODULATOR,male,Ulcerative Colitis,,0
>=5,,1,IMMUNOMODULATOR,male,,Mild,0
>=5,,1,IMMUNOMODULATOR,male,,,0
>=5,,1,IMMUNOMODULATOR,,Ulcerative Colitis,Mild,0
>=5,,1,IMMUNOMODULATOR,,Ulcerative Colitis,,0
>=5,,1,IMMUNOMODULATOR,,,Mild,0
>=5,,1,IMMUNOMODULATOR,,,,0
>=5,,1,,female,Ulcerative Colitis,Mild,0
>=5,,1,,female,Ulcerative Colitis,,0
>=5,,1,,female,,Mild,0
>=5,,1,,female,,,0
>=5,,1,,male,Crohn's Disease,Moderate,0
>=5,,1,,male,Crohn's Disease,,0
>=5,,1,,male,Ulcerative Colitis,Mild,0
>=5,,1,,male,Ulcerative Colitis,,0
>=5,,1,,male,,Mild,0
>=5,,1,,male,,Moderate,0
>=5,,1,,,Crohn's Disease,Moderate,0
>=5,,1,,,Crohn's Disease,,0
>=5,,1,,,,Moderate,0
>=5,,2,AMINOSALICYLATE,female,Crohn's Disease,Moderate,0
>=5,,2,AMINOSALICYLATE,female,Crohn's Disease,,0
>=5,,2,AMINOSALICYLATE,female,,Moderate,0
>=5,,2,AMINOSALICYLATE,female,,,0
>=5,,2,AMINOSALICYLATE,,Crohn's Disease,Moderate,0
>=5,,2,AMINOSALICYLATE,,Crohn's Disease,,0
>=5,,2,AMINOSALICYLATE,,,Moderate,0
>=5,,2,AMINOSALICYLATE,,,,0
>=5,,2,CORTICOSTEROID,female,Ulcerative Colitis,Moderate,0
>=5,,2,CORTICOSTEROID,female,Ulcerative Colitis,,0
>=5,,2,CORTICOSTEROID,female,,Moderate,0
>=5,,2,CORTICOSTEROID,female,,,0
>=5,,2,CORTICOSTEROID,,Ulcerative Colitis,Moderate,0
>=5,,2,CORTICOSTEROID,,Ulcerative Colitis,,0
>=5,,2,CORTICOSTEROID,,,Moderate,0
>=5,,2,CORTICOSTEROID,,,,0
>=5,,2,,female,Crohn's Disease,Moderate,0
>=5,,2,,female,Crohn's Disease,,0
>=5,,2,,female,Ulcerative Colitis,Moderate,0
>=5,,2,,female,Ulcerative Colitis,,0
>=5,,2,,,Crohn's Disease,Moderate,0
>=5,,2,,,Crohn's Disease,,0
>=5,,2,,,Ulcerative Colitis,Moderate,0
>=5,,2,,,Ulcerative Colitis,,0
>=5,,3,AMINOSALICYLATE,male,IBD-Unclassified,Moderate,0
>=5,,3,AMINOSALICYLATE,male,IBD-Unclassified,,0
>=5,,3,AMINOSALICYLATE,male,Ulcerative Colitis,Moderate,0
>=5,,3,AMINOSALICYLATE,male,Ulcerative Colitis,,0
>=5,,3,AMINOSALICYLATE,,IBD-Unclassified,Moderate,0
>=5,,3,AMINOSALICYLATE,,IBD-Unclassified,,0
>=5,,3,AMINOSALICYLATE,,Ulcerative Colitis,Moderate,0
>=5,,3,AMINOSALICYLATE,,Ulcerative Colitis,,0
>=5,,3,ANTI_INTEGRIN,female,Ulcerative Colitis,Severe,0
>=5,,3,ANTI_INTEGRIN,female,Ulcerative Colitis,,0
>=5,,3,ANTI_INTEGRIN,female,,Severe,0
>=5,,3,ANTI_INTEGRIN,female,,,0
>=5,,3,ANTI_INTEGRIN,,Ulcerative Colitis,Severe,0
>=5,,3,ANTI_INTEGRIN,,Ulcerative Colitis,,0
>=5,,3,ANTI_INTEGRIN,,,Severe,0
>=5,,3,ANTI_INTEGRIN,,,,0
>=5,,3,ANTI_TNF,male,Crohn's Disease,Severe,0
>=5,,3,ANTI_TNF,male,Crohn's Disease,,0
>=5,,3,ANTI_TNF,male,,Severe,0
>=5,,3,ANTI_TNF,male,,,0
>=5,,3,ANTI_TNF,,Crohn's Disease,Severe,0
>=5,,3,ANTI_TNF,,Crohn's Disease,,0
>=5,,3,ANTI_TNF,,,Severe,0
>=5,,3,ANTI_TNF,,,,0
>=5,,3,CORTICOSTEROID,male,Ulcerative Colitis,Mild,0
>=5,,3,CORTICOSTEROID,male,Ulcerative Colitis,Moderate,0
>=5,,3,CORTICOSTEROID,male,,Mild,0
>=5,,3,CORTICOSTEROID,male,,Moderate,0
>=5,,3,CORTICOSTEROID,,Ulcerative Colitis,Mild,0
>=5,,3,CORTICOSTEROID,,Ulcerative Colitis,Moderate,0
>=5,,3,CORTICOSTEROID,,,Mild,0
>=5,,3,CORTICOSTEROID,,,Moderate,0
>=5,,3,,female,Ulcerative Colitis,Severe,0
>=5,,3,,female,Ulcerative Colitis,,0
>=5,,3,,female,,Severe,0
>=5,,3,,female,,,0
>=5,,3,,male,Crohn's Disease,Severe,0
>=5,,3,,male,Crohn's Disease,,0
>=5,,3,,male,IBD-Unclassified,Moderate,0
>=5,,3,,male,IBD-Unclassified,,0
>=5,,3,,male,Ulcerative Colitis,Mild,0
>=5,,3,,male,,Mild,0
>=5,,3,,male,,Severe,0
>=5,,3,,,Crohn's Disease,Severe,0
>=5,,3,,,Crohn's Disease,,0
>=5,,3,,,IBD-Unclassified,Moderate,0
>=5,,3,,,IBD-Unclassified,,0
>=5,,3,,,Ulcerative Colitis,Mild,0
>=5,,3,,,Ulcerative Colitis,Severe,0
>=5,,3,,,,Mild,0
>=5,,4,AMINOSALICYLATE,female,Crohn's Disease,Mild,0
>=5,,4,AMINOSALICYLATE,female,Crohn's Disease,,0
>=5,,4,AMINOSALICYLATE,female,,Mild,0
>=5,,4,AMINOSALICYLATE,female,,,0
>=5,,4,AMINOSALICYLATE,,Crohn's Disease,Mild,0
>=5,,4,AMINOSALICYLATE,,Crohn's Disease,,0
>=5,,4,AMINOSALICYLATE,,,Mild,0
>=5,,4,AMINOSALICYLATE,,,,0
>=5,,4,IMMUNOMODULATOR,male,Ulcerative Colitis,Mild,0
>=5,,4,IMMUNOMODULATOR,male,Ulcerative Colitis,,0
>=5,,4,IMMUNOMODULATOR,male,,Mild,0
>=5,,4,IMMUNOMODULATOR,male,,,0
>=5,,4,IMMUNOMODULATOR,,Ulcerative Colitis,Mild,0
>=5,,4,IMMUNOMODULATOR,,Ulcerative Colitis,,0
>=5,,4,IMMUNOMODULATOR,,,Mild,0
>=5,,4,IMMUNOMODULATOR,,,,0
>=5,,4,,female,Crohn's Disease,Mild,0
>=5,,4,,female,Crohn's Disease,,0
>=5,,4,,female,,Mild,0
>=5,,4,,female,,,0
>=5,,4,,male,Ulcerative Colitis,Mild,0
>=5,,4,,male,Ulcerative Colitis,,0
>=5,,4,,male,,Mild,0
>=5,,4,,male,,,0
>=5,,4,,,Crohn's Disease,Mild,0
>=5,,4,,,Crohn's Disease,,0
>=5,,4,,,Ulcerative Colitis,Mild,0
>=5,,4,,,Ulcerative Colitis,,0
>=5,,5,AMINOSALICYLATE,female,Crohn's Disease,Moderate,0
>=5,,5,AMINOSALICYLATE,female,Crohn's Disease,,0
>=5,,5,AMINOSALICYLATE,female,Ulcerative Colitis,Mild,0
>=5,,5,AMINOSALICYLATE,female,Ulcerative Colitis,,0
>=5,,5,AMINOSALICYLATE,female,,Mild,0
>=5,,5,AMINOSALICYLATE,female,,Moderate,0
>=5,,5,AMINOSALICYLATE,male,Ulcerative Colitis,Mild,0
>=5,,5,AMINOSALICYLATE,male,Ulcerative Colitis,,0
>=5,,5,AMINOSALICYLATE,male,,Mild,0
>=5,,5,AMINOSALICYLATE,male,,,0
>=5,,5,AMINOSALICYLATE,,Crohn's Disease,Moderate,0
>=5,,5,AMINOSALICYLATE,,Crohn's Disease,,0
>=5,,5,AMINOSALICYLATE,,,Moderate,0
>=5,,5,ANTI_TNF,female,Crohn's Disease,Mild,0
>=5,,5,ANTI_TNF,female,Crohn's Disease,,0
>=5,,5,ANTI_TNF,female,,Mild,0
>=5,,5,ANTI_TNF,female,,,0
>=5,,5,ANTI_TNF,,Crohn's Disease,Mild,0
>=5,,5,ANTI_TNF,,Crohn's Disease,,0
>=5,,5,ANTI_TNF,,,Mild,0
>=5,,5,ANTI_TNF,,,,0
>=5,,5,IMMUNOMODULATOR,male,IBD-Unclassified,Moderate,0
>=5,,5,IMMUNOMODULATOR,male,IBD-Unclassified,,0
>=5,,5,IMMUNOMODULATOR,male,Ulcerative Colitis,Mild,0
>=5,,5,IMMUNOMODULATOR,male,Ulcerative Colitis,,0
>=5,,5,IMMUNOMODULATOR,male,,Mild,0
>=5,,5,IMMUNOMODULATOR,male,,Moderate,0
>=5,,5,IMMUNOMODULATOR,,IBD-Unclassified,Moderate,0
>=5,,5,IMMUNOMODULATOR,,IBD-Unclassified,,0
>=5,,5,IMMUNOMODULATOR,,Ulcerative Colitis,Mild,0
>=5,,5,IMMUNOMODULATOR,,Ulcerative Colitis,,0
>=5,,5,IMMUNOMODULATOR,,,Mild,0
>=5,,5,IMMUNOMODULATOR,,,Moderate,0
>=5,,5,,female,Crohn's Disease,Mild,0
>=5,,5,,female,Crohn's Disease,Moderate,0
>=5,,5,,female,Ulcerative Colitis,Mild,0
>=5,,5,,female,Ulcerative Colitis,,0
>=5,,5,,female,,Moderate,0
>=5,,5,,male,IBD-Unclassified,Moderate,0
>=5,,5,,male,IBD-Unclassified,,0
>=5,,5,,male,,Moderate,0
>=5,,5,,,Crohn's Disease,Mild,0
>=5,,5,,,Crohn's Disease,Moderate,0
>=5,,5,,,IBD-Unclassified,Moderate,0
>=5,,5,,,IBD-Unclassified,,0
>=5,,,AMINOSALICYLATE,female,Crohn's Disease,Mild,0
>=5,,,AMINOSALICYLATE,female,Ulcerative Colitis,Mild,0
>=5,,,AMINOSALICYLATE,female,Ulcerative Colitis,,0
>=5,,,AMINOSALICYLATE,male,IBD-Unclassified,Moderate,0
>=5,,,AMINOSALICYLATE,male,IBD-Unclassified,,0
>=5,,,AMINOSALICYLATE,male,Ulcerative Colitis,Mild,0
>=5,,,AMINOSALICYLATE,male,Ulcerative Colitis,Moderate,0
>=5,,,AMINOSALICYLATE,male,,Mild,0
>=5,,,AMINOSALICYLATE,,Crohn's Disease,Mild,0
>=5,,,AMINOSALICYLATE,,IBD-Unclassified,Moderate,0
>=5,,,AMINOSALICYLATE,,IBD-Unclassified,,0
>=5,,,AMINOSALICYLATE,,Ulcerative Colitis,Moderate,0
>=5,,,ANTI_INTEGRIN,female,Ulcerative Colitis,Severe,0
>=5,,,ANTI_INTEGRIN,female,Ulcerative Colitis,,0
>=5,,,ANTI_INTEGRIN,female,,Severe,0
>=5,,,ANTI_INTEGRIN,female,,,0
>=5,,,ANTI_INTEGRIN,,Ulcerative Colitis,Severe,0
>=5,,,ANTI_INTEGRIN,,Ulcerative Colitis,,0
>=5,,,ANTI_INTEGRIN,,,Severe,0
>=5,,,ANTI_INTEGRIN,,,,0
>=5,,,ANTI_TNF,female,Crohn's Disease,Mild,0
>=5,,,ANTI_TNF,female,Crohn's Disease,,0
>=5,,,ANTI_TNF,female,,Mild,0
>=5,,,ANTI_TNF,female,,,0
>=5,,,ANTI_TNF,male,Crohn's Disease,Moderate,0
>=5,,,ANTI_TNF,male,Crohn's Disease,Severe,0
>=5,,,ANTI_TNF,male,,Moderate,0
>=5,,,ANTI_TNF,male,,Severe,0
>=5,,,ANTI_TNF,,Crohn's Disease,Mild,0
>=5,,,ANTI_TNF,,Crohn's Disease,Moderate,0
>=5,,,ANTI_TNF,,Crohn's Disease,Severe,0
>=5,,,ANTI_TNF,,,Mild,0
>=5,,,ANTI_TNF,,,Moderate,0
>=5,,,ANTI_TNF,,,Severe,0
>=5,,,CORTICOSTEROID,female,Ulcerative Colitis,Mild,0
>=5,,,CORTICOSTEROID,female,Ulcerative Colitis,Moderate,0
>=5,,,CORTICOSTEROID,female,,Mild,0
>=5,,,CORTICOSTEROID,female,,Moderate,0
>=5,,,CORTICOSTEROID,male,Ulcerative Colitis,Mild,0
>=5,,,CORTICOSTEROID,male,Ulcerative Colitis,Moderate,0
>=5,,,CORTICOSTEROID,male,,Mild,0
>=5,,,CORTICOSTEROID,male,,Moderate,0
>=5,,,IMMUNOMODULATOR,male,IBD-Unclassified,Moderate,0
>=5,,,IMMUNOMODULATOR,male,IBD-Unclassified,,0
>=5,,,IMMUNOMODULATOR,male,,Moderate,0
>=5,,,IMMUNOMODULATOR,,IBD-Unclassified,Moderate,0
>=5,,,IMMUNOMODULATOR,,IBD-Unclassified,,0
>=5,,,IMMUNOMODULATOR,,,Moderate,0
>=5,,,,female,Ulcerative Colitis,Moderate,0
>=5,,,,female,Ulcerative Colitis,Severe,0
>=5,,,,female,,Severe,0
>=5,,,,male,Crohn's Disease,Moderate,0
>=5,,,,male,Crohn's Disease,Severe,0
>=5,,,,male,,Severe,0
>=5,,,,,Crohn's Disease,Severe,0
>=5,,,,,Ulcerative Colitis,Severe,0
,Censored,0,AMINOSALICYLATE,female,Ulcerative Colitis,Mild,0
,Censored,0,AMINOSALICYLATE,female,Ulcerative Colitis,,0
,Censored,0,AMINOSALICYLATE,female,,Mild,0
,Censored,0,AMINOSALICYLATE,female,,,0
,Censored,0,AMINOSALICYLATE,,Ulcerative Colitis,Mild,0
,Censored,0,AMINOSALICYLATE,,Ulcerative Colitis,,0
,Censored,0,AMINOSALICYLATE,,,Mild,0
,Censored,0,AMINOSALICYLATE,,,,0
,Censored,0,CORTICOSTEROID,female,IBD-Unclassified,Moderate,0
,Censored,0,CORTICOSTEROID,female,IBD-Unclassified,,0
,Censored,0,CORTICOSTEROID,female,Ulcerative Colitis,Mild,0
,Censored,0,CORTICOSTEROID,female,Ulcerative Colitis,,0
,Censored,0,CORTICOSTEROID,female,,Mild,0
,Censored,0,CORTICOSTEROID,female,,Moderate,0
,Censored,0,CORTICOSTEROID,,IBD-Unclassified,Moderate,0
,Censored,0,CORTICOSTEROID,,IBD-Unclassified,,0
,Censored,0,CORTICOSTEROID,,Ulcerative Colitis,Mild,0
,Censored,0,CORTICOSTEROID,,Ulcerative Colitis,,0
,Censored,0,CORTICOSTEROID,,,Mild,0
,Censored,0,CORTICOSTEROID,,,Moderate,0
,Censored,0,IMMUNOMODULATOR,female,Ulcerative Colitis,Mild,0
,Censored,0,IMMUNOMODULATOR,female,Ulcerative Colitis,,0
,Censored,0,IMMUNOMODULATOR,female,,Mild,0
,Censored,0,IMMUNOMODULATOR,female,,,0
,Censored,0,IMMUNOMODULATOR,,Ulcerative Colitis,Mild,0
,Censored,0,IMMUNOMODULATOR,,Ulcerative Colitis,,0
,Censored,0,IMMUNOMODULATOR,,,Mild,0
,Censored,0,IMMUNOMODULATOR,,,,0
,Censored,0,,female,IBD-Unclassified,Moderate,0
,Censored,0,,female,IBD-Unclassified,,0
,Censored,0,,female,,Moderate,0
,Censored,0,,,IBD-Unclassified,Moderate,0
,Censored,0,,,IBD-Unclassified,,0
,Censored,0,,,,Moderate,0
,Censored,1,ANTI_TNF,male,Crohn's Disease,Moderate,0
,Censored,1,ANTI_TNF,male,Crohn's Disease,,0
,Censored,1,ANTI_TNF,male,IBD-Unclassified,Moderate,0
,Censored,1,ANTI_TNF,male,IBD-Unclassified,,0
,Censored,1,ANTI_TNF,,Crohn's Disease,Moderate,0
,Censored,1,ANTI_TNF,,Crohn's Disease,,0
,Censored,1,ANTI_TNF,,IBD-Unclassified,Moderate,0
,Censored,1,ANTI_TNF,,IBD-Unclassified,,0
,Censored,1,CORTICOSTEROID,female,Ulcerative Colitis,Mild,0
,Censored,1,CORTICOSTEROID,female,Ulcerative Colitis,,0
,Censored,1,CORTICOSTEROID,female,,Mild,0
,Censored,1,CORTICOSTEROID,female,,,0
,Censored,1,CORTICOSTEROID,,Ulcerative Colitis,Mild,0
,Censored,1,CORTICOSTEROID,,Ulcerative Colitis,,0
,Censored,1,CORTICOSTEROID,,,Mild,0
,Censored,1,CORTICOSTEROID,,,,0
,Censored,1,JAK_INHIBITOR,male,Crohn's Disease,Severe,0
,Censored,1,JAK_INHIBITOR,male,Crohn's Disease,,0
,Censored,1,JAK_INHIBITOR,male,,Severe,0
,Censored,1,JAK_INHIBITOR,male,,,0
,Censored,1,JAK_INHIBITOR,,Crohn's Disease,Severe,0
,Censored,1,JAK_INHIBITOR,,Crohn's Disease,,0
,Censored,1,JAK_INHIBITOR,,,Severe,0
,Censored,1,JAK_INHIBITOR,,,,0
,Censored,1,,female,Ulcerative Colitis,Mild,0
,Censored,1,,female,Ulcerative Colitis,,0
,Censored,1,,female,,Mild,0
,Censored,1,,female,,,0
,Censored,1,,male,Crohn's Disease,Moderate,0
,Censored,1,,male,Crohn's Disease,Severe,0
,Censored,1,,male,IBD-Unclassified,Moderate,0
,Censored,1,,male,IBD-Unclassified,,0
,Censored,1,,male,,Severe,0
,Censored,1,,,Crohn's Disease,Moderate,0
,Censored,1,,,Crohn's Disease,Severe,0
,Censored,1,,,IBD-Unclassified,Moderate,0
,Censored,1,,,IBD-Unclassified,,0
,Censored,1,,,Ulcerative Colitis,Mild,0
,Censored,1,,,Ulcerative Colitis,,0
,Censored,1,,,,Mild,0
,Censored,1,,,,Severe,0
,Censored,2,AMINOSALICYLATE,female,Crohn's Disease,Moderate,0
,Censored,2,AMINOSALICYLATE,female,Crohn's Disease,,0
,Censored,2,AMINOSALICYLATE,female,,Moderate,0
,Censored,2,AMINOSALICYLATE,female,,,0
,Censored,2,AMINOSALICYLATE,,Crohn's Disease,Moderate,0
,Censored,2,AMINOSALICYLATE,,Crohn's Disease,,0
,Censored,2,AMINOSALICYLATE,,,Moderate,0
,Censored,2,AMINOSALICYLATE,,,,0
,Censored,2,ANTI_TNF,female,IBD-Unclassified,Moderate,0
,Censored,2,ANTI_TNF,female,IBD-Unclassified,,0
,Censored,2,ANTI_TNF,female,,Moderate,0
,Censored,2,ANTI_TNF,female,,,0
,Censored,2,ANTI_TNF,,IBD-Unclassified,Moderate,0
,Censored,2,ANTI_TNF,,IBD-Unclassified,,0
,Censored,2,ANTI_TNF,,,Moderate,0
,Censored,2,ANTI_TNF,,,,0
,Censored,2,CORTICOSTEROID,female,Crohn's Disease,Mild,0
,Censored,2,CORTICOSTEROID,female,Crohn's Disease,,0
,Censored,2,CORTICOSTEROID,female,Ulcerative Colitis,Mild,0
,Censored,2,CORTICOSTEROID,female,Ulcerative Colitis,,0
,Censored,2,CORTICOSTEROID,,Crohn's Disease,Mild,0
,Censored,2,CORTICOSTEROID,,Crohn's Disease,,0
,Censored,2,CORTICOSTEROID,,Ulcerative Colitis,Mild,0
,Censored,2,CORTICOSTEROID,,Ulcerative Colitis,,0
,Censored,2,IMMUNOMODULATOR,female,Crohn's Disease,Moderate,0
,Censored,2,IMMUNOMODULATOR,female,Crohn's Disease,,0
,Censored,2,IMMUNOMODULATOR,female,,Moderate,0
,Censored,2,IMMUNOMODULATOR,female,,,0
,Censored,2,IMMUNOMODULATOR,,Crohn's Disease,Moderate,0
,Censored,2,IMMUNOMODULATOR,,Crohn's Disease,,0
,Censored,2,IMMUNOMODULATOR,,,Moderate,0
,Censored,2,IMMUNOMODULATOR,,,,0
,Censored,2,,female,Crohn's Disease,Mild,0
,Censored,2,,female,IBD-Unclassified,Moderate,0
,Censored,2,,female,Ulcerative Colitis,Mild,0
,Censored,2,,female,Ulcerative Colitis,,0
,Censored,2,,,Crohn's Disease,Mild,0
,Censored,2,,,IBD-Unclassified,Moderate,0
,Censored,2,,,Ulcerative Colitis,Mild,0
,Censored,2,,,Ulcerative Colitis,,0
,Censored,3,AMINOSALICYLATE,male,Crohn's Disease,Mild,0
,Censored,3,AMINOSALICYLATE,male,Crohn's Disease,,0
,Censored,3,AMINOSALICYLATE,male,IBD-Unclassified,Moderate,0
,Censored,3,AMINOSALICYLATE,male,IBD-Unclassified,,0
,Censored,3,AMINOSALICYLATE,male,,Mild,0
,Censored,3,AMINOSALICYLATE,male,,Moderate,0
,Censored,3,AMINOSALICYLATE,,IBD-Unclassified,Moderate,0
,Censored,3,AMINOSALICYLATE,,,Moderate,0
,Censored,3,ANTI_INTEGRIN,female,Ulcerative Colitis,Severe,0
,Censored,3,ANTI_INTEGRIN,female,Ulcerative Colitis,,0
,Censored,3,ANTI_INTEGRIN,female,,Severe,0
,Censored,3,ANTI_INTEGRIN,female,,,0
,Censored,3,ANTI_INTEGRIN,,Ulcerative Colitis,Severe,0
,Censored,3,ANTI_INTEGRIN,,Ulcerative Colitis,,0
,Censored,3,ANTI_INTEGRIN,,,Severe,0
,Censored,3,ANTI_INTEGRIN,,,,0
,Censored,3,ANTI_INTERLEUKIN,male,Crohn's Disease,Mild,0
,Censored,3,ANTI_INTERLEUKIN,male,Crohn's Disease,,0
,Censored,3,ANTI_INTERLEUKIN,male,,Mild,0
,Censored,3,ANTI_INTERLEUKIN,male,,,0
,Censored,3,ANTI_INTERLEUKIN,,Crohn's Disease,Mild,0
,Censored,3,ANTI_INTERLEUKIN,,Crohn's Disease,,0
,Censored,3,ANTI_INTERLEUKIN,,,Mild,0
,Censored,3,ANTI_INTERLEUKIN,,,,0
,Censored,3,ANTI_TNF,male,Crohn's Disease,Severe,0
,Censored,3,ANTI_TNF,male,Crohn's Disease,,0
,Censored,3,ANTI_TNF,male,IBD-Unclassified,Moderate,0
,Censored,3,ANTI_TNF,male,IBD-Unclassified,Severe,0
,Censored,3,ANTI_TNF,male,,Moderate,0
,Censored,3,ANTI_TNF,,Crohn's Disease,Severe,0
,Censored,3,ANTI_TNF,,Crohn's Disease,,0
,Censored,3,ANTI_TNF,,IBD-Unclassified,Moderate,0
,Censored,3,ANTI_TNF,,IBD-Unclassified,Severe,0
,Censored,3,ANTI_TNF,,,Moderate,0
,Censored,3,CORTICOSTEROID,male,Crohn's Disease,Moderate,0
,Censored,3,CORTICOSTEROID,male,Crohn's Disease,,0
,Censored,3,CORTICOSTEROID,male,Ulcerative Colitis,Mild,0
,Censored,3,CORTICOSTEROID,male,Ulcerative Colitis,,0
,Censored,3,CORTICOSTEROID,male,,Mild,0
,Censored,3,CORTICOSTEROID,male,,Moderate,0
,Censored,3,CORTICOSTEROID,,Crohn's Disease,Moderate,0
,Censored,3,CORTICOSTEROID,,Crohn's Disease,,0
,Censored,3,CORTICOSTEROID,,Ulcerative Colitis,Mild,0
,Censored,3,CORTICOSTEROID,,Ulcerative Colitis,,0
,Censored,3,CORTICOSTEROID,,,Mild,0
,Censored,3,CORTICOSTEROID,,,Moderate,0
,Censored,3,IMMUNOMODULATOR,female,Crohn's Disease,Moderate,0
,Censored,3,IMMUNOMODULATOR,female,Crohn's Disease,Severe,0
,Censored,3,IMMUNOMODULATOR,female,Ulcerative Colitis,Moderate,0
,Censored,3,IMMUNOMODULATOR,female,Ulcerative Colitis,,0
,Censored,3,IMMUNOMODULATOR,female,,Severe,0
,Censored,3,IMMUNOMODULATOR,male,IBD-Unclassified,Mild,0
,Censored,3,IMMUNOMODULATOR,male,IBD-Unclassified,Moderate,0
,Censored,3,IMMUNOMODULATOR,male,,Mild,0
,Censored,3,IMMUNOMODULATOR,male,,Moderate,0
,Censored,3,IMMUNOMODULATOR,,Crohn's Disease,Moderate,0
,Censored,3,IMMUNOMODULATOR,,Crohn's Disease,Severe,0
,Censored,3,IMMUNOMODULATOR,,IBD-Unclassified,Mild,0
,Censored,3,IMMUNOMODULATOR,,IBD-Unclassified,Moderate,0
,Censored,3,IMMUNOMODULATOR,,Ulcerative Colitis,Moderate,0
,Censored,3,IMMUNOMODULATOR,,Ulcerative Colitis,,0
,Censored,3,IMMUNOMODULATOR,,,Mild,0
,Censored,3,IMMUNOMODULATOR,,,Severe,0
,Censored,3,,female,Crohn's Disease,Moderate,0
,Censored,3,,female,Crohn's Disease,Severe,0
,Censored,3,,female,Ulcerative Colitis,Moderate,0
,Censored,3,,female,Ulcerative Colitis,Severe,0
,Censored,3,,male,Crohn's Disease,Moderate,0
,Censored,3,,male,Crohn's Disease,Severe,0
,Censored,3,,male,IBD-Unclassified,Mild,0
,Censored,3,,male,IBD-Unclassified,Severe,0
,Censored,3,,male,Ulcerative Colitis,Mild,0
,Censored,3,,male,Ulcerative Colitis,,0
,Censored,3,,,IBD-Unclassified,Severe,0
,Censored,3,,,Ulcerative Colitis,Mild,0
,Censored,3,,,Ulcerative Colitis,Moderate,0
,Censored,3,,,Ulcerative Colitis,Severe,0
,Censored,4,AMINOSALICYLATE,female,Crohn's Disease,Mild,0
,Censored,4,AMINOSALICYLATE,female,Crohn's Disease,,0
,Censored,4,AMINOSALICYLATE,female,,Mild,0
,Censored,4,AMINOSALICYLATE,female,,,0
,Censored,4,AMINOSALICYLATE,male,IBD-Unclassified,Mild,0
,Censored,4,AMINOSALICYLATE,male,IBD-Unclassified,Moderate,0
,Censored,4,AMINOSALICYLATE,male,,Mild,0
,Censored,4,AMINOSALICYLATE,male,,Moderate,0
,Censored,4,AMINOSALICYLATE,,Crohn's Disease,Mild,0
,Censored,4,AMINOSALICYLATE,,Crohn's Disease,,0
,Censored,4,AMINOSALICYLATE,,IBD-Unclassified,Mild,0
,Censored,4,AMINOSALICYLATE,,IBD-Unclassified,Moderate,0
,Censored,4,AMINOSALICYLATE,,,Moderate,0
,Censored,4,ANTI_INTERLEUKIN,female,IBD-Unclassified,Severe,0
,Censored,4,ANTI_INTERLEUKIN,female,IBD-Unclassified,,0
,Censored,4,ANTI_INTERLEUKIN,female,,Severe,0
,Censored,4,ANTI_INTERLEUKIN,female,,,0
,Censored,4,ANTI_INTERLEUKIN,,IBD-Unclassified,Severe,0
,Censored,4,ANTI_INTERLEUKIN,,IBD-Unclassified,,0
,Censored,4,ANTI_INTERLEUKIN,,,Severe,0
,Censored,4,ANTI_INTERLEUKIN,,,,0
,Censored,4,ANTI_TNF,female,Crohn's Disease,Moderate,0
,Censored,4,ANTI_TNF,female,Crohn's Disease,,0
,Censored,4,ANTI_TNF,female,,Moderate,0
,Censored,4,ANTI_TNF,female,,,0
,Censored,4,ANTI_TNF,male,Crohn's Disease,Severe,0
,Censored,4,ANTI_TNF,male,Crohn's Disease,,0
,Censored,4,ANTI_TNF,male,IBD-Unclassified,Severe,0
,Censored,4,ANTI_TNF,male,IBD-Unclassified,,0
,Censored,4,ANTI_TNF,,Crohn's Disease,Moderate,0
,Censored,4,ANTI_TNF,,Crohn's Disease,Severe,0
,Censored,4,ANTI_TNF,,IBD-Unclassified,Severe,0
,Censored,4,ANTI_TNF,,IBD-Unclassified,,0
,Censored,4,ANTI_TNF,,,Moderate,0
,Censored,4,CORTICOSTEROID,female,IBD-Unclassified,Mild,0
,Censored,4,CORTICOSTEROID,female,IBD-Unclassified,,0
,Censored,4,CORTICOSTEROID,female,,Mild,0
,Censored,4,CORTICOSTEROID,female,,,0
,Censored,4,CORTICOSTEROID,male,Crohn's Disease,Moderate,0
,Censored,4,CORTICOSTEROID,male,Crohn's Disease,,0
,Censored,4,CORTICOSTEROID,male,,Moderate,0
,Censored,4,CORTICOSTEROID,male,,,0
,Censored,4,CORTICOSTEROID,,Crohn's Disease,Moderate,0
,Censored,4,CORTICOSTEROID,,Crohn's Disease,,0
,Censored,4,CORTICOSTEROID,,IBD-Unclassified,Mild,0
,Censored,4,CORTICOSTEROID,,IBD-Unclassified,,0
,Censored,4,CORTICOSTEROID,,,Mild,0
,Censored,4,CORTICOSTEROID,,,Moderate,0
,Censored,4,IMMUNOMODULATOR,female,IBD-Unclassified,Mild,0
,Censored,4,IMMUNOMODULATOR,female,IBD-Unclassified,,0
,Censored,4,IMMUNOMODULATOR,female,,Mild,0
,Censored,4,IMMUNOMODULATOR,female,,,0
,Censored,4,IMMUNOMODULATOR,male,Ulcerative Colitis,Mild,0
,Censored,4,IMMUNOMODULATOR,male,Ulcerative Colitis,,0
,Censored,4,IMMUNOMODULATOR,male,,Mild,0
,Censored,4,IMMUNOMODULATOR,male,,,0
,Censored,4,IMMUNOMODULATOR,,IBD-Unclassified,Mild,0
,Censored,4,IMMUNOMODULATOR,,IBD-Unclassified,,0
,Censored,4,IMMUNOMODULATOR,,Ulcerative Colitis,Mild,0
,Censored,4,IMMUNOMODULATOR,,Ulcerative Colitis,,0
,Censored,4,,female,Crohn's Disease,Mild,0
,Censored,4,,female,Crohn's Disease,Moderate,0
,Censored,4,,female,IBD-Unclassified,Severe,0
,Censored,4,,female,,Moderate,0
,Censored,4,,female,,Severe,0
,Censored,4,,male,Crohn's Disease,Moderate,0
,Censored,4,,male,Crohn's Disease,Severe,0
,Censored,4,,male,IBD-Unclassified,Mild,0
,Censored,4,,male,IBD-Unclassified,Moderate,0
,Censored,4,,male,IBD-Unclassified,Severe,0
,Censored,4,,male,Ulcerative Colitis,Mild,0
,Censored,4,,male,Ulcerative Colitis,,0
,Censored,4,,,Crohn's Disease,Mild,0
,Censored,4,,,Crohn's Disease,Severe,0
,Censored,4,,,IBD-Unclassified,Moderate,0
,Censored,4,,,Ulcerative Colitis,Mild,0
,Censored,4,,,Ulcerative Colitis,,0
,Censored,5,AMINOSALICYLATE,female,Crohn's Disease,Mild,0
,Censored,5,AMINOSALICYLATE,female,Crohn's Disease,Moderate,0
,Censored,5,AMINOSALICYLATE,female,,Mild,0
,Censored,5,AMINOSALICYLATE,female,,Moderate,0
,Censored,5,AMINOSALICYLATE,,Crohn's Disease,Mild,0
,Censored,5,AMINOSALICYLATE,,Crohn's Disease,Moderate,0
,Censored,5,AMINOSALICYLATE,,,Moderate,0
,Censored,5,ANTI_INTEGRIN,male,IBD-Unclassified,Moderate,0
,Censored,5,ANTI_INTEGRIN,male,IBD-Unclassified,,0
,Censored,5,ANTI_INTEGRIN,male,,Moderate,0
,Censored,5,ANTI_INTEGRIN,male,,,0
,Censored,5,ANTI_INTEGRIN,,IBD-Unclassified,Moderate,0
,Censored,5,ANTI_INTEGRIN,,IBD-Unclassified,,0
,Censored,5,ANTI_INTEGRIN,,,Moderate,0
,Censored,5,ANTI_INTEGRIN,,,,0
,Censored,5,ANTI_INTERLEUKIN,male,Crohn's Disease,Severe,0
,Censored,5,ANTI_INTERLEUKIN,male,Crohn's Disease,,0
,Censored,5,ANTI_INTERLEUKIN,male,,Severe,0
,Censored,5,ANTI_INTERLEUKIN,male,,,0
,Censored,5,ANTI_INTERLEUKIN,,Crohn's Disease,Severe,0
,Censored,5,ANTI_INTERLEUKIN,,Crohn's Disease,,0
,Censored,5,ANTI_INTERLEUKIN,,,Severe,0
,Censored,5,ANTI_INTERLEUKIN,,,,0
,Censored,5,CORTICOSTEROID,female,Crohn's Disease,Moderate,0
,Censored,5,CORTICOSTEROID,female,Crohn's Disease,,0
,Censored,5,CORTICOSTEROID,female,,Moderate,0
,Censored,5,CORTICOSTEROID,female,,,0
,Censored,5,CORTICOSTEROID,male,Crohn's Disease,Moderate,0
,Censored,5,CORTICOSTEROID,male,Crohn's Disease,,0
,Censored,5,CORTICOSTEROID,male,IBD-Unclassified,Moderate,0
,Censored,5,CORTICOSTEROID,male,IBD-Unclassified,,0
,Censored,5,CORTICOSTEROID,,IBD-Unclassified,Moderate,0
,Censored,5,CORTICOSTEROID,,IBD-Unclassified,,0
,Censored,5,IMMUNOMODULATOR,male,IBD-Unclassified,Mild,0
,Censored,5,IMMUNOMODULATOR,male,IBD-Unclassified,Moderate,0
,Censored,5,IMMUNOMODULATOR,male,Ulcerative Colitis,Moderate,0
,Censored,5,IMMUNOMODULATOR,male,Ulcerative Colitis,,0
,Censored,5,IMMUNOMODULATOR,male,,Mild,0
,Censored,5,IMMUNOMODULATOR,,IBD-Unclassified,Mild,0
,Censored,5,IMMUNOMODULATOR,,IBD-Unclassified,Moderate,0
,Censored,5,IMMUNOMODULATOR,,Ulcerative Colitis,Moderate,0
,Censored,5,IMMUNOMODULATOR,,Ulcerative Colitis,,0
,Censored,5,IMMUNOMODULATOR,,,Mild,0
,Censored,5,,female,Crohn's Disease,Mild,0
,Censored,5,,female,,Mild,0
,Censored,5,,male,Crohn's Disease,Moderate,0
,Censored,5,,male,Crohn's Disease,Severe,0
,Censored,5,,male,IBD-Unclassified,Mild,0
,Censored,5,,male,Ulcerative Colitis,Moderate,0
,Censored,5,,male,,Severe,0
,Censored,5,,,Crohn's Disease,Mild,0
,Censored,5,,,Crohn's Disease,Severe,0
,Censored,5,,,IBD-Unclassified,Mild,0
,Censored,5,,,Ulcerative Colitis,Moderate,0
,Censored,5,,,,Severe,0
,Censored,,AMINOSALICYLATE,female,Ulcerative Colitis,Mild,0
,Censored,,AMINOSALICYLATE,female,Ulcerative Colitis,,0
,Censored,,AMINOSALICYLATE,male,Crohn's Disease,Mild,0
,Censored,,AMINOSALICYLATE,male,Crohn's Disease,,0
,Censored,,AMINOSALICYLATE,male,IBD-Unclassified,Mild,0
,Censored,,ANTI_INTEGRIN,female,Ulcerative Colitis,Severe,0
,Censored,,ANTI_INTEGRIN,female,Ulcerative Colitis,,0
,Censored,,ANTI_INTEGRIN,female,,Severe,0
,Censored,,ANTI_INTEGRIN,female,,,0
,Censored,,ANTI_INTEGRIN,male,IBD-Unclassified,Moderate,0
,Censored,,ANTI_INTEGRIN,male,IBD-Unclassified,,0
,Censored,,ANTI_INTEGRIN,male,,Moderate,0
,Censored,,ANTI_INTEGRIN,male,,,0
,Censored,,ANTI_INTEGRIN,,IBD-Unclassified,Moderate,0
,Censored,,ANTI_INTEGRIN,,IBD-Unclassified,,0
,Censored,,ANTI_INTEGRIN,,Ulcerative Colitis,Severe,0
,Censored,,ANTI_INTEGRIN,,Ulcerative Colitis,,0
,Censored,,ANTI_INTEGRIN,,,Moderate,0
,Censored,,ANTI_INTEGRIN,,,Severe,0
,Censored,,ANTI_INTERLEUKIN,female,IBD-Unclassified,Severe,0
,Censored,,ANTI_INTERLEUKIN,female,IBD-Unclassified,,0
,Censored,,ANTI_INTERLEUKIN,female,,Severe,0
,Censored,,ANTI_INTERLEUKIN,female,,,0
,Censored,,ANTI_INTERLEUKIN,male,Crohn's Disease,Mild,0
,Censored,,ANTI_INTERLEUKIN,male,Crohn's Disease,Severe,0
,Censored,,ANTI_INTERLEUKIN,male,,Mild,0
,Censored,,ANTI_INTERLEUKIN,male,,Severe,0
,Censored,,ANTI_INTERLEUKIN,,Crohn's Disease,Mild,0
,Censored,,ANTI_INTERLEUKIN,,Crohn's Disease,Severe,0
,Censored,,ANTI_INTERLEUKIN,,IBD-Unclassified,Severe,0
,Censored,,ANTI_INTERLEUKIN,,IBD-Unclassified,,0
,Censored,,ANTI_INTERLEUKIN,,,Mild,0
,Censored,,ANTI_TNF,female,Crohn's Disease,Moderate,0
,Censored,,ANTI_TNF,female,Crohn's Disease,,0
,Censored,,ANTI_TNF,female,IBD-Unclassified,Moderate,0
,Censored,,ANTI_TNF,female,IBD-Unclassified,,0
,Censored,,ANTI_TNF,male,Crohn's Disease,Moderate,0
,Censored,,CORTICOSTEROID,female,Crohn's Disease,Mild,0
,Censored,,CORTICOSTEROID,female,Crohn's Disease,Moderate,0
,Censored,,CORTICOSTEROID,female,IBD-Unclassified,Moderate,0
,Censored,,CORTICOSTEROID,male,IBD-Unclassified,Moderate,0
,Censored,,CORTICOSTEROID,male,IBD-Unclassified,,0
,Censored,,CORTICOSTEROID,male,Ulcerative Colitis,Mild,0
,Censored,,CORTICOSTEROID,male,Ulcerative Colitis,,0
,Censored,,CORTICOSTEROID,male,,Mild,0
,Censored,,CORTICOSTEROID,,Crohn's Disease,Mild,0
,Censored,,IMMUNOMODULATOR,female,Crohn's Disease,Severe,0
,Censored,,IMMUNOMODULATOR,female,IBD-Unclassified,Mild,0
,Censored,,IMMUNOMODULATOR,female,IBD-Unclassified,,0
,Censored,,IMMUNOMODULATOR,female,Ulcerative Colitis,Mild,0
,Censored,,IMMUNOMODULATOR,female,Ulcerative Colitis,Moderate,0
,Censored,,IMMUNOMODULATOR,female,,Severe,0
,Censored,,IMMUNOMODULATOR,male,Ulcerative Colitis,Mild,0
,Censored,,IMMUNOMODULATOR,male,Ulcerative Colitis,Moderate,0
,Censored,,IMMUNOMODULATOR,,Crohn's Disease,Severe,0
,Censored,,IMMUNOMODULATOR,,,Severe,0
,Censored,,JAK_INHIBITOR,male,Crohn's Disease,Severe,0
,Censored,,JAK_INHIBITOR,male,Crohn's Disease,,0
,Censored,,JAK_INHIBITOR,male,,Severe,0
,Censored,,JAK_INHIBITOR,male,,,0
,Censored,,JAK_INHIBITOR,,Crohn's Disease,Severe,0
,Censored,,JAK_INHIBITOR,,Crohn's Disease,,0
,Censored,,JAK_INHIBITOR,,,Severe,0
,Censored,,JAK_INHIBITOR,,,,0
,Censored,,,female,Crohn's Disease,Severe,0
,Censored,,,female,IBD-Unclassified,Severe,0
,Censored,,,female,Ulcerative Colitis,Moderate,0
,Censored,,,female,Ulcerative Colitis,Severe,0
,Censored,,,male,Ulcerative Colitis,Moderate,0
,Censored,,,,Ulcerative Colitis,Severe,0
,Event,0,AMINOSALICYLATE,female,Ulcerative Colitis,Mild,0
,Event,0,AMINOSALICYLATE,female,Ulcerative Colitis,,0
,Event,0,AMINOSALICYLATE,female,,Mild,0
,Event,0,AMINOSALICYLATE,female,,,0
,Event,0,AMINOSALICYLATE,,Ulcerative Colitis,Mild,0
,Event,0,AMINOSALICYLATE,,Ulcerative Colitis,,0
,Event,0,AMINOSALICYLATE,,,Mild,0
,Event,0,AMINOSALICYLATE,,,,0
,Event,0,ANTI_INTERLEUKIN,female,IBD-Unclassified,Severe,0
,Event,0,ANTI_INTERLEUKIN,female,IBD-Unclassified,,0
,Event,0,ANTI_INTERLEUKIN,female,,Severe,0
,Event,0,ANTI_INTERLEUKIN,female,,,0
,Event,0,ANTI_INTERLEUKIN,,IBD-Unclassified,Severe,0
,Event,0,ANTI_INTERLEUKIN,,IBD-Unclassified,,0
,Event,0,ANTI_INTERLEUKIN,,,Severe,0
,Event,0,ANTI_INTERLEUKIN,,,,0
,Event,0,ANTI_TNF,male,Ulcerative Colitis,Severe,0
,Event,0,ANTI_TNF,male,Ulcerative Colitis,,0
,Event,0,ANTI_TNF,male,,Severe,0
,Event,0,ANTI_TNF,male,,,0
,Event,0,ANTI_TNF,,Ulcerative Colitis,Severe,0
,Event,0,ANTI_TNF,,Ulcerative Colitis,,0
,Event,0,ANTI_TNF,,,Severe,0
,Event,0,ANTI_TNF,,,,0
,Event,0,CORTICOSTEROID,male,Ulcerative Colitis,Moderate,0
,Event,0,CORTICOSTEROID,male,Ulcerative Colitis,,0
,Event,0,CORTICOSTEROID,male,,Moderate,0
,Event,0,CORTICOSTEROID,male,,,0
,Event,0,CORTICOSTEROID,,Ulcerative Colitis,Moderate,0
,Event,0,CORTICOSTEROID,,Ulcerative Colitis,,0
,Event,0,CORTICOSTEROID,,,Moderate,0
,Event,0,CORTICOSTEROID,,,,0
,Event,0,IMMUNOMODULATOR,female,Crohn's Disease,Moderate,0
,Event,0,IMMUNOMODULATOR,female,Crohn's Disease,,0
,Event,0,IMMUNOMODULATOR,female,Ulcerative Colitis,Mild,0
,Event,0,IMMUNOMODULATOR,female,Ulcerative Colitis,,0
,Event,0,IMMUNOMODULATOR,female,,Mild,0
,Event,0,IMMUNOMODULATOR,female,,Moderate,0
,Event,0,IMMUNOMODULATOR,male,Crohn's Disease,Moderate,0
,Event,0,IMMUNOMODULATOR,male,Crohn's Disease,,0
,Event,0,IMMUNOMODULATOR,male,IBD-Unclassified,Mild,0
,Event,0,IMMUNOMODULATOR,male,IBD-Unclassified,,0
,Event,0,IMMUNOMODULATOR,male,,Mild,0
,Event,0,IMMUNOMODULATOR,male,,Moderate,0
,Event,0,IMMUNOMODULATOR,,IBD-Unclassified,Mild,0
,Event,0,IMMUNOMODULATOR,,IBD-Unclassified,,0
,Event,0,IMMUNOMODULATOR,,Ulcerative Colitis,Mild,0
,Event,0,IMMUNOMODULATOR,,Ulcerative Colitis,,0
,Event,0,,female,Crohn's Disease,Moderate,0
,Event,0,,female,Crohn's Disease,,0
,Event,0,,female,IBD-Unclassified,Severe,0
,Event,0,,female,IBD-Unclassified,,0
,Event,0,,female,,Moderate,0
,Event,0,,female,,Severe,0
,Event,0,,male,Crohn's Disease,Moderate,0
,Event,0,,male,Crohn's Disease,,0
,Event,0,,male,IBD-Unclassified,Mild,0
,Event,0,,male,IBD-Unclassified,,0
,Event,0,,male,Ulcerative Colitis,Moderate,0
,Event,0,,male,Ulcerative Colitis,Severe,0
,Event,0,,male,,Mild,0
,Event,0,,male,,Severe,0
,Event,0,,,IBD-Unclassified,Mild,0
,Event,0,,,IBD-Unclassified,Severe,0
,Event,0,,,Ulcerative Colitis,Moderate,0
,Event,0,,,Ulcerative Colitis,Severe,0
,Event,1,AMINOSALICYLATE,female,Ulcerative Colitis,Mild,0
,Event,1,AMINOSALICYLATE,female,Ulcerative Colitis,Moderate,0
,Event,1,AMINOSALICYLATE,female,,Mild,0
,Event,1,AMINOSALICYLATE,female,,Moderate,0
,Event,1,AMINOSALICYLATE,male,Crohn's Disease,Mild,0
,Event,1,AMINOSALICYLATE,male,Crohn's Disease,Moderate,0
,Event,1,AMINOSALICYLATE,male,,Mild,0
,Event,1,AMINOSALICYLATE,male,,Moderate,0
,Event,1,AMINOSALICYLATE,,Crohn's Disease,Mild,0
,Event,1,AMINOSALICYLATE,,Crohn's Disease,Moderate,0
,Event,1,AMINOSALICYLATE,,Ulcerative Colitis,Mild,0
,Event,1,AMINOSALICYLATE,,Ulcerative Colitis,Moderate,0
,Event,1,ANTI_INTEGRIN,female,Crohn's Disease,Severe,0
,Event,1,ANTI_INTEGRIN,female,Crohn's Disease,,0
,Event,1,ANTI_INTEGRIN,female,,Severe,0
,Event,1,ANTI_INTEGRIN,female,,,0
,Event,1,ANTI_INTEGRIN,male,IBD-Unclassified,Moderate,0
,Event,1,ANTI_INTEGRIN,male,IBD-Unclassified,,0
,Event,1,ANTI_INTEGRIN,male,,Moderate,0
,Event,1,ANTI_INTEGRIN,male,,,0
,Event,1,ANTI_INTEGRIN,,Crohn's Disease,Severe,0
,Event,1,ANTI_INTEGRIN,,Crohn's Disease,,0
,Event,1,ANTI_INTEGRIN,,IBD-Unclassified,Moderate,0
,Event,1,ANTI_INTEGRIN,,IBD-Unclassified,,0
,Event,1,ANTI_INTEGRIN,,,Moderate,0
,Event,1,ANTI_INTEGRIN,,,Severe,0
,Event,1,CORTICOSTEROID,male,Ulcerative Colitis,Moderate,0
,Event,1,CORTICOSTEROID,male,Ulcerative Colitis,,0
,Event,1,CORTICOSTEROID,male,,Moderate,0
,Event,1,CORTICOSTEROID,male,,,0
,Event,1,CORTICOSTEROID,,Ulcerative Colitis,Moderate,0
,Event,1,CORTICOSTEROID,,Ulcerative Colitis,,0
,Event,1,CORTICOSTEROID,,,Moderate,0
,Event,1,CORTICOSTEROID,,,,0
,Event,1,IMMUNOMODULATOR,female,Crohn's Disease,Moderate,0
,Event,1,IMMUNOMODULATOR,female,Crohn's Disease,,0
,Event,1,IMMUNOMODULATOR,female,IBD-Unclassified,Moderate,0
,Event,1,IMMUNOMODULATOR,female,IBD-Unclassified,,0
,Event,1,IMMUNOMODULATOR,female,Ulcerative Colitis,Moderate,0
,Event,1,IMMUNOMODULATOR,female,Ulcerative Colitis,,0
,Event,1,IMMUNOMODULATOR,male,Ulcerative Colitis,Mild,0
,Event,1,IMMUNOMODULATOR,male,Ulcerative Colitis,,0
,Event,1,IMMUNOMODULATOR,male,,Mild,0
,Event,1,IMMUNOMODULATOR,male,,,0
,Event,1,IMMUNOMODULATOR,,Crohn's Disease,Moderate,0
,Event,1,IMMUNOMODULATOR,,Crohn's Disease,,0
,Event,1,IMMUNOMODULATOR,,IBD-Unclassified,Moderate,0
,Event,1,IMMUNOMODULATOR,,IBD-Unclassified,,0
,Event,1,IMMUNOMODULATOR,,Ulcerative Colitis,Mild,0
,Event,1,IMMUNOMODULATOR,,Ulcerative Colitis,Moderate,0
,Event,1,IMMUNOMODULATOR,,,Mild,0
,Event,1,,female,Crohn's Disease,Severe,0
,Event,1,,female,IBD-Unclassified,Moderate,0
,Event,1,,female,IBD-Unclassified,,0
,Event,1,,female,Ulcerative Colitis,Mild,0
,Event,1,,female,,Mild,0
,Event,1,,female,,Severe,0
,Event,1,,male,Crohn's Disease,Mild,0
,Event,1,,male,Crohn's Disease,Moderate,0
,Event,1,,male,IBD-Unclassified,Moderate,0
,Event,1,,male,IBD-Unclassified,,0
,Event,1,,male,Ulcerative Colitis,Mild,0
,Event,1,,male,Ulcerative Colitis,Moderate,0
,Event,1,,,Crohn's Disease,Mild,0
,Event,1,,,Crohn's Disease,Severe,0
,Event,1,,,,Severe,0
,Event,2,AMINOSALICYLATE,female,Ulcerative Colitis,Moderate,0
,Event,2,AMINOSALICYLATE,female,Ulcerative Colitis,,0
,Event,2,AMINOSALICYLATE,female,,Moderate,0
,Event,2,AMINOSALICYLATE,female,,,0
,Event,2,AMINOSALICYLATE,male,Crohn's Disease,Moderate,0
,Event,2,AMINOSALICYLATE,male,Crohn's Disease,Severe,0
,Event,2,AMINOSALICYLATE,male,Ulcerative Colitis,Moderate,0
,Event,2,AMINOSALICYLATE,male,Ulcerative Colitis,,0
,Event,2,AMINOSALICYLATE,male,,Severe,0
,Event,2,AMINOSALICYLATE,,Crohn's Disease,Moderate,0
,Event,2,AMINOSALICYLATE,,Crohn's Disease,Severe,0
,Event,2,AMINOSALICYLATE,,,Severe,0
,Event,2,ANTI_INTEGRIN,female,Crohn's Disease,Moderate,0
,Event,2,ANTI_INTEGRIN,female,Crohn's Disease,Severe,0
,Event,2,ANTI_INTEGRIN,female,,Moderate,0
,Event,2,ANTI_INTEGRIN,female,,Severe,0
,Event,2,ANTI_INTEGRIN,male,Ulcerative Colitis,Severe,0
,Event,2,ANTI_INTEGRIN,male,Ulcerative Colitis,,0
,Event,2,ANTI_INTEGRIN,male,,Severe,0
,Event,2,ANTI_INTEGRIN,male,,,0
,Event,2,ANTI_INTEGRIN,,Crohn's Disease,Moderate,0
,Event,2,ANTI_INTEGRIN,,Crohn's Disease,Severe,0
,Event,2,ANTI_INTEGRIN,,Ulcerative Colitis,Severe,0
,Event,2,ANTI_INTEGRIN,,Ulcerative Colitis,,0
,Event,2,ANTI_INTEGRIN,,,Moderate,0
,Event,2,ANTI_INTERLEUKIN,female,Crohn's Disease,Moderate,0
,Event,2,ANTI_INTERLEUKIN,female,Crohn's Disease,,0
,Event,2,ANTI_INTERLEUKIN,female,,Moderate,0
,Event,2,ANTI_INTERLEUKIN,female,,,0
,Event,2,ANTI_INTERLEUKIN,,Crohn's Disease,Moderate,0
,Event,2,ANTI_INTERLEUKIN,,Crohn's Disease,,0
,Event,2,ANTI_INTERLEUKIN,,,Moderate,0
,Event,2,ANTI_INTERLEUKIN,,,,0
,Event,2,ANTI_TNF,female,Crohn's Disease,Mild,0
,Event,2,ANTI_TNF,female,Crohn's Disease,,0
,Event,2,ANTI_TNF,female,,Mild,0
,Event,2,ANTI_TNF,female,,,0
,Event,2,ANTI_TNF,male,IBD-Unclassified,Mild,0
,Event,2,ANTI_TNF,male,IBD-Unclassified,Moderate,0
,Event,2,ANTI_TNF,male,Ulcerative Colitis,Mild,0
,Event,2,ANTI_TNF,male,Ulcerative Colitis,Severe,0
,Event,2,ANTI_TNF,male,,Moderate,0
,Event,2,ANTI_TNF,male,,Severe,0
,Event,2,ANTI_TNF,,Crohn's Disease,Mild,0
,Event,2,ANTI_TNF,,Crohn's Disease,,0
,Event,2,ANTI_TNF,,IBD-Unclassified,Mild,0
,Event,2,ANTI_TNF,,IBD-Unclassified,Moderate,0
,Event,2,ANTI_TNF,,Ulcerative Colitis,Mild,0
,Event,2,ANTI_TNF,,Ulcerative Colitis,Severe,0
,Event,2,ANTI_TNF,,,Moderate,0
,Event,2,ANTI_TNF,,,Severe,0
,Event,2,CORTICOSTEROID,male,Crohn's Disease,Severe,0
,Event,2,CORTICOSTEROID,male,Crohn's Disease,,0
,Event,2,CORTICOSTEROID,male,IBD-Unclassified,Mild,0
,Event,2,CORTICOSTEROID,male,IBD-Unclassified,,0
,Event,2,CORTICOSTEROID,male,,Mild,0
,Event,2,CORTICOSTEROID,male,,Severe,0
,Event,2,CORTICOSTEROID,,Crohn's Disease,Severe,0
,Event,2,CORTICOSTEROID,,Crohn's Disease,,0
,Event,2,CORTICOSTEROID,,IBD-Unclassified,Mild,0
,Event,2,CORTICOSTEROID,,IBD-Unclassified,,0
,Event,2,CORTICOSTEROID,,,Mild,0
,Event,2,CORTICOSTEROID,,,Severe,0
,Event,2,IMMUNOMODULATOR,female,Crohn's Disease,Moderate,0
,Event,2,IMMUNOMODULATOR,female,Crohn's Disease,,0
,Event,2,IMMUNOMODULATOR,female,Ulcerative Colitis,Mild,0
,Event,2,IMMUNOMODULATOR,female,Ulcerative Colitis,,0
,Event,2,IMMUNOMODULATOR,female,,Mild,0
,Event,2,IMMUNOMODULATOR,female,,Moderate,0
,Event,2,IMMUNOMODULATOR,male,IBD-Unclassified,Moderate,0
,Event,2,IMMUNOMODULATOR,male,IBD-Unclassified,,0
,Event,2,IMMUNOMODULATOR,male,,Moderate,0
,Event,2,IMMUNOMODULATOR,male,,,0
,Event,2,IMMUNOMODULATOR,,Crohn's Disease,Moderate,0
,Event,2,IMMUNOMODULATOR,,Crohn's Disease,,0
,Event,2,IMMUNOMODULATOR,,IBD-Unclassified,Moderate,0
,Event,2,IMMUNOMODULATOR,,IBD-Unclassified,,0
,Event,2,IMMUNOMODULATOR,,Ulcerative Colitis,Mild,0
,Event,2,IMMUNOMODULATOR,,Ulcerative Colitis,,0
,Event,2,IMMUNOMODULATOR,,,Mild,0
,Event,2,JAK_INHIBITOR,female,Crohn's Disease,Moderate,0
,Event,2,JAK_INHIBITOR,female,Crohn's Disease,,0
,Event,2,JAK_INHIBITOR,female,,Moderate,0
,Event,2,JAK_INHIBITOR,female,,,0
,Event,2,JAK_INHIBITOR,,Crohn's Disease,Moderate,0
,Event,2,JAK_INHIBITOR,,Crohn's Disease,,0
,Event,2,JAK_INHIBITOR,,,Moderate,0
,Event,2,JAK_INHIBITOR,,,,0
,Event,2,,female,Crohn's Disease,Mild,0
,Event,2,,female,Crohn's Disease,Severe,0
,Event,2,,female,Ulcerative Colitis,Mild,0
,Event,2,,female,,Severe,0
,Event,2,,male,Crohn's Disease,Moderate,0
,Event,2,,male,Ulcerative Colitis,Mild,0
,Event,2,,male,Ulcerative Colitis,Moderate,0
,Event,2,,,Crohn's Disease,Mild,0
,Event,3,AMINOSALICYLATE,male,Crohn's Disease,Mild,0
,Event,3,AMINOSALICYLATE,male,Crohn's Disease,,0
,Event,3,AMINOSALICYLATE,male,Ulcerative Colitis,Moderate,0
,Event,3,AMINOSALICYLATE,male,Ulcerative Colitis,,0
,Event,3,AMINOSALICYLATE,male,,Mild,0
,Event,3,AMINOSALICYLATE,male,,Moderate,0
,Event,3,AMINOSALICYLATE,,Crohn's Disease,Mild,0
,Event,3,AMINOSALICYLATE,,Crohn's Disease,,0
,Event,3,AMINOSALICYLATE,,Ulcerative Colitis,Moderate,0
,Event,3,AMINOSALICYLATE,,Ulcerative Colitis,,0
,Event,3,AMINOSALICYLATE,,,Mild,0
,Event,3,ANTI_INTERLEUKIN,female,IBD-Unclassified,Moderate,0
,Event,3,ANTI_INTERLEUKIN,female,IBD-Unclassified,,0
,Event,3,ANTI_INTERLEUKIN,female,,Moderate,0
,Event,3,ANTI_INTERLEUKIN,female,,,0
,Event,3,ANTI_INTERLEUKIN,male,Ulcerative Colitis,Severe,0
,Event,3,ANTI_INTERLEUKIN,male,Ulcerative Colitis,,0
,Event,3,ANTI_INTERLEUKIN,male,,Severe,0
,Event,3,ANTI_INTERLEUKIN,male,,,0
,Event,3,ANTI_INTERLEUKIN,,IBD-Unclassified,Moderate,0
,Event,3,ANTI_INTERLEUKIN,,IBD-Unclassified,,0
,Event,3,ANTI_INTERLEUKIN,,Ulcerative Colitis,Severe,0
,Event,3,ANTI_INTERLEUKIN,,Ulcerative Colitis,,0
,Event,3,ANTI_INTERLEUKIN,,,Moderate,0
,Event,3,ANTI_INTERLEUKIN,,,Severe,0
,Event,3,ANTI_TNF,female,Ulcerative Colitis,Moderate,0
,Event,3,ANTI_TNF,female,Ulcerative Colitis,,0
,Event,3,ANTI_TNF,male,Ulcerative Colitis,Moderate,0
,Event,3,ANTI_TNF,male,Ulcerative Colitis,,0
,Event,3,ANTI_TNF,male,,Moderate,0
,Event,3,ANTI_TNF,male,,,0
,Event,3,CORTICOSTEROID,female,Crohn's Disease,Mild,0
,Event,3,CORTICOSTEROID,female,Crohn's Disease,,0
,Event,3,CORTICOSTEROID,female,,Mild,0
,Event,3,CORTICOSTEROID,female,,,0
,Event,3,CORTICOSTEROID,male,IBD-Unclassified,Mild,0
,Event,3,CORTICOSTEROID,male,IBD-Unclassified,Moderate,0
,Event,3,CORTICOSTEROID,male,,Mild,0
,Event,3,CORTICOSTEROID,,Crohn's Disease,Mild,0
,Event,3,CORTICOSTEROID,,Crohn's Disease,,0
,Event,3,CORTICOSTEROID,,IBD-Unclassified,Mild,0
,Event,3,CORTICOSTEROID,,IBD-Unclassified,Moderate,0
,Event,3,IMMUNOMODULATOR,male,IBD-Unclassified,Moderate,0
,Event,3,IMMUNOMODULATOR,male,IBD-Unclassified,,0
,Event,3,IMMUNOMODULATOR,male,Ulcerative Colitis,Mild,0
,Event,3,IMMUNOMODULATOR,male,Ulcerative Colitis,,0
,Event,3,IMMUNOMODULATOR,male,,Mild,0
,Event,3,IMMUNOMODULATOR,male,,Moderate,0
,Event,3,IMMUNOMODULATOR,,IBD-Unclassified,Moderate,0
,Event,3,IMMUNOMODULATOR,,IBD-Unclassified,,0
,Event,3,IMMUNOMODULATOR,,Ulcerative Colitis,Mild,0
,Event,3,IMMUNOMODULATOR,,Ulcerative Colitis,,0
,Event,3,IMMUNOMODULATOR,,,Mild,0
,Event,3,IMMUNOMODULATOR,,,Moderate,0
,Event,3,,female,Crohn's Disease,Mild,0
,Event,3,,female,Crohn's Disease,,0
,Event,3,,female,Ulcerative Colitis,Moderate,0
,Event,3,,female,Ulcerative Colitis,,0
,Event,3,,female,,Mild,0
,Event,3,,male,Crohn's Disease,Mild,0
,Event,3,,male,Crohn's Disease,,0
,Event,3,,male,IBD-Unclassified,Mild,0
,Event,3,,male,Ulcerative Colitis,Mild,0
,Event,3,,male,Ulcerative Colitis,Severe,0
,Event,3,,male,,Severe,0
,Event,3,,,IBD-Unclassified,Mild,0
,Event,3,,,Ulcerative Colitis,Mild,0
,Event,3,,,Ulcerative Colitis,Severe,0
,Event,3,,,,Severe,0
,Event,4,AMINOSALICYLATE,female,IBD-Unclassified,Mild,0
,Event,4,AMINOSALICYLATE,female,IBD-Unclassified,,0
,Event,4,AMINOSALICYLATE,female,Ulcerative Colitis,Mild,0
,Event,4,AMINOSALICYLATE,female,Ulcerative Colitis,,0
,Event,4,AMINOSALICYLATE,,IBD-Unclassified,Mild,0
,Event,4,AMINOSALICYLATE,,IBD-Unclassified,,0
,Event,4,AMINOSALICYLATE,,Ulcerative Colitis,Mild,0
,Event,4,AMINOSALICYLATE,,Ulcerative Colitis,,0
,Event,4,ANTI_INTERLEUKIN,female,Ulcerative Colitis,Mild,0
,Event,4,ANTI_INTERLEUKIN,female,Ulcerative Colitis,,0
,Event,4,ANTI_INTERLEUKIN,female,,Mild,0
,Event,4,ANTI_INTERLEUKIN,female,,,0
,Event,4,ANTI_INTERLEUKIN,,Ulcerative Colitis,Mild,0
,Event,4,ANTI_INTERLEUKIN,,Ulcerative Colitis,,0
,Event,4,ANTI_INTERLEUKIN,,,Mild,0
,Event,4,ANTI_INTERLEUKIN,,,,0
,Event,4,ANTI_TNF,female,Crohn's Disease,Moderate,0
,Event,4,ANTI_TNF,female,Crohn's Disease,,0
,Event,4,ANTI_TNF,female,Ulcerative Colitis,Moderate,0
,Event,4,ANTI_TNF,female,Ulcerative Colitis,,0
,Event,4,ANTI_TNF,male,IBD-Unclassified,Mild,0
,Event,4,ANTI_TNF,male,IBD-Unclassified,,0
,Event,4,ANTI_TNF,male,Ulcerative Colitis,Severe,0
,Event,4,ANTI_TNF,male,Ulcerative Colitis,,0
,Event,4,ANTI_TNF,male,,Mild,0
,Event,4,ANTI_TNF,male,,Severe,0
,Event,4,ANTI_TNF,,Crohn's Disease,Moderate,0
,Event,4,ANTI_TNF,,Crohn's Disease,,0
,Event,4,ANTI_TNF,,IBD-Unclassified,Mild,0
,Event,4,ANTI_TNF,,IBD-Unclassified,,0
,Event,4,ANTI_TNF,,Ulcerative Colitis,Moderate,0
,Event,4,ANTI_TNF,,Ulcerative Colitis,Severe,0
,Event,4,ANTI_TNF,,,Mild,0
,Event,4,ANTI_TNF,,,Severe,0
,Event,4,CORTICOSTEROID,female,IBD-Unclassified,Mild,0
,Event,4,CORTICOSTEROID,female,IBD-Unclassified,,0
,Event,4,CORTICOSTEROID,female,Ulcerative Colitis,Moderate,0
,Event,4,CORTICOSTEROID,female,Ulcerative Colitis,,0
,Event,4,CORTICOSTEROID,female,,Mild,0
,Event,4,CORTICOSTEROID,female,,Moderate,0
,Event,4,CORTICOSTEROID,male,Crohn's Disease,Moderate,0
,Event,4,CORTICOSTEROID,male,Crohn's Disease,,0
,Event,4,CORTICOSTEROID,male,IBD-Unclassified,Mild,0
,Event,4,CORTICOSTEROID,male,IBD-Unclassified,,0
,Event,4,CORTICOSTEROID,male,Ulcerative Colitis,Moderate,0
,Event,4,CORTICOSTEROID,male,Ulcerative Colitis,,0
,Event,4,CORTICOSTEROID,male,,Mild,0
,Event,4,CORTICOSTEROID,,Crohn's Disease,Moderate,0
,Event,4,CORTICOSTEROID,,Crohn's Disease,,0
,Event,4,IMMUNOMODULATOR,male,Crohn's Disease,Mild,0
,Event,4,IMMUNOMODULATOR,male,Crohn's Disease,,0
,Event,4,IMMUNOMODULATOR,male,,Mild,0
,Event,4,IMMUNOMODULATOR,male,,,0
,Event,4,IMMUNOMODULATOR,,Crohn's Disease,Mild,0
,Event,4,IMMUNOMODULATOR,,Crohn's Disease,,0
,Event,4,IMMUNOMODULATOR,,,Mild,0
,Event,4,IMMUNOMODULATOR,,,,0
,Event,4,,female,Crohn's Disease,Moderate,0
,Event,4,,female,Crohn's Disease,,0
,Event,4,,male,Crohn's Disease,Mild,0
,Event,4,,male,Crohn's Disease,Moderate,0
,Event,4,,male,Ulcerative Colitis,Moderate,0
,Event,4,,male,Ulcerative Colitis,Severe,0
,Event,4,,male,,Severe,0
,Event,4,,,Crohn's Disease,Mild,0
,Event,4,,,Ulcerative Colitis,Severe,0
,Event,4,,,,Severe,0
,Event,5,AMINOSALICYLATE,female,Crohn's Disease,Moderate,0
,Event,5,AMINOSALICYLATE,female,Crohn's Disease,,0
,Event,5,AMINOSALICYLATE,female,IBD-Unclassified,Mild,0
,Event,5,AMINOSALICYLATE,female,IBD-Unclassified,Moderate,0
,Event,5,AMINOSALICYLATE,female,Ulcerative Colitis,Mild,0
,Event,5,AMINOSALICYLATE,female,Ulcerative Colitis,,0
,Event,5,AMINOSALICYLATE,,Crohn's Disease,Moderate,0
,Event,5,AMINOSALICYLATE,,Crohn's Disease,,0
,Event,5,AMINOSALICYLATE,,IBD-Unclassified,Mild,0
,Event,5,AMINOSALICYLATE,,IBD-Unclassified,Moderate,0
,Event,5,AMINOSALICYLATE,,Ulcerative Colitis,Mild,0
,Event,5,AMINOSALICYLATE,,Ulcerative Colitis,,0
,Event,5,ANTI_TNF,female,Crohn's Disease,Mild,0
,Event,5,ANTI_TNF,female,Crohn's Disease,,0
,Event,5,ANTI_TNF,female,,Mild,0
,Event,5,ANTI_TNF,female,,,0
,Event,5,ANTI_TNF,male,IBD-Unclassified,Severe,0
,Event,5,ANTI_TNF,male,IBD-Unclassified,,0
,Event,5,ANTI_TNF,male,,Severe,0
,Event,5,ANTI_TNF,male,,,0
,Event,5,ANTI_TNF,,Crohn's Disease,Mild,0
,Event,5,ANTI_TNF,,Crohn's Disease,,0
,Event,5,ANTI_TNF,,IBD-Unclassified,Severe,0
,Event,5,ANTI_TNF,,IBD-Unclassified,,0
,Event,5,ANTI_TNF,,,Mild,0
,Event,5,ANTI_TNF,,,Severe,0
,Event,5,CORTICOSTEROID,female,Crohn's Disease,Moderate,0
,Event,5,CORTICOSTEROID,female,Crohn's Disease,,0
,Event,5,CORTICOSTEROID,female,,Moderate,0
,Event,5,CORTICOSTEROID,female,,,0
,Event,5,CORTICOSTEROID,male,Crohn's Disease,Moderate,0
,Event,5,CORTICOSTEROID,male,Crohn's Disease,,0
,Event,5,CORTICOSTEROID,male,,Moderate,0
,Event,5,IMMUNOMODULATOR,female,Crohn's Disease,Moderate,0
,Event,5,IMMUNOMODULATOR,female,Crohn's Disease,,0
,Event,5,IMMUNOMODULATOR,female,IBD-Unclassified,Moderate,0
,Event,5,IMMUNOMODULATOR,female,IBD-Unclassified,,0
,Event,5,IMMUNOMODULATOR,female,Ulcerative Colitis,Moderate,0
,Event,5,IMMUNOMODULATOR,female,Ulcerative Colitis,,0
,Event,5,IMMUNOMODULATOR,male,Crohn's Disease,Mild,0
,Event,5,IMMUNOMODULATOR,male,Crohn's Disease,Moderate,0
,Event,5,IMMUNOMODULATOR,male,Ulcerative Colitis,Mild,0
,Event,5,IMMUNOMODULATOR,male,Ulcerative Colitis,,0
,Event,5,IMMUNOMODULATOR,male,,Moderate,0
,Event,5,IMMUNOMODULATOR,,Crohn's Disease,Mild,0
,Event,5,IMMUNOMODULATOR,,IBD-Unclassified,Moderate,0
,Event,5,IMMUNOMODULATOR,,Ulcerative Colitis,Mild,0
,Event,5,IMMUNOMODULATOR,,Ulcerative Colitis,Moderate,0
,Event,5,JAK_INHIBITOR,female,Crohn's Disease,Severe,0
,Event,5,JAK_INHIBITOR,female,,Severe,0
,Event,5,JAK_INHIBITOR,male,Ulcerative Colitis,Mild,0
,Event,5,JAK_INHIBITOR,male,Ulcerative Colitis,,0
,Event,5,JAK_INHIBITOR,male,,Mild,0
,Event,5,JAK_INHIBITOR,male,,,0
,Event,5,JAK_INHIBITOR,,Crohn's Disease,Severe,0
,Event,5,JAK_INHIBITOR,,Ulcerative Colitis,Mild,0
,Event,5,JAK_INHIBITOR,,Ulcerative Colitis,,0
,Event,5,JAK_INHIBITOR,,,Mild,0
,Event,5,JAK_INHIBITOR,,,Severe,0
,Event,5,,female,Crohn's Disease,Mild,0
,Event,5,,female,Crohn's Disease,Severe,0
,Event,5,,female,IBD-Unclassified,Mild,0
,Event,5,,female,Ulcerative Colitis,Mild,0
,Event,5,,female,Ulcerative Colitis,Moderate,0
,Event,5,,female,,Severe,0
,Event,5,,male,Crohn's Disease,Mild,0
,Event,5,,male,IBD-Unclassified,Severe,0
,Event,5,,male,,Severe,0
,Event,5,,,Crohn's Disease,Severe,0
,Event,5,,,IBD-Unclassified,Severe,0
,Event,5,,,Ulcerative Colitis,Moderate,0
,Event,,AMINOSALICYLATE,female,Crohn's Disease,Moderate,0
,Event,,AMINOSALICYLATE,female,Crohn's Disease,,0
,Event,,AMINOSALICYLATE,male,Crohn's Disease,Severe,0
,Event,,AMINOSALICYLATE,male,,Severe,0
,Event,,AMINOSALICYLATE,,Crohn's Disease,Severe,0
,Event,,AMINOSALICYLATE,,,Severe,0
,Event,,ANTI_INTEGRIN,female,Crohn's Disease,Moderate,0
,Event,,ANTI_INTEGRIN,female,,Moderate,0
,Event,,ANTI_INTEGRIN,male,IBD-Unclassified,Moderate,0
,Event,,ANTI_INTEGRIN,male,IBD-Unclassified,,0
,Event,,ANTI_INTEGRIN,male,Ulcerative Colitis,Severe,0
,Event,,ANTI_INTEGRIN,male,Ulcerative Colitis,,0
,Event,,ANTI_INTEGRIN,male,,Moderate,0
,Event,,ANTI_INTEGRIN,male,,Severe,0
,Event,,ANTI_INTEGRIN,,Crohn's Disease,Moderate,0
,Event,,ANTI_INTEGRIN,,IBD-Unclassified,Moderate,0
,Event,,ANTI_INTEGRIN,,IBD-Unclassified,,0
,Event,,ANTI_INTEGRIN,,Ulcerative Colitis,Severe,0
,Event,,ANTI_INTEGRIN,,Ulcerative Colitis,,0
,Event,,ANTI_INTERLEUKIN,female,Crohn's Disease,Moderate,0
,Event,,ANTI_INTERLEUKIN,female,Crohn's Disease,,0
,Event,,ANTI_INTERLEUKIN,female,IBD-Unclassified,Moderate,0
,Event,,ANTI_INTERLEUKIN,female,IBD-Unclassified,Severe,0
,Event,,ANTI_INTERLEUKIN,female,Ulcerative Colitis,Mild,0
,Event,,ANTI_INTERLEUKIN,female,Ulcerative Colitis,,0
,Event,,ANTI_INTERLEUKIN,female,,Mild,0
,Event,,ANTI_INTERLEUKIN,female,,Severe,0
,Event,,ANTI_INTERLEUKIN,male,Ulcerative Colitis,Severe,0
,Event,,ANTI_INTERLEUKIN,male,Ulcerative Colitis,,0
,Event,,ANTI_INTERLEUKIN,male,,Severe,0
,Event,,ANTI_INTERLEUKIN,male,,,0
,Event,,ANTI_INTERLEUKIN,,Crohn's Disease,Moderate,0
,Event,,ANTI_INTERLEUKIN,,Crohn's Disease,,0
,Event,,ANTI_INTERLEUKIN,,IBD-Unclassified,Moderate,0
,Event,,ANTI_INTERLEUKIN,,IBD-Unclassified,Severe,0
,Event,,ANTI_INTERLEUKIN,,Ulcerative Colitis,Mild,0
,Event,,ANTI_INTERLEUKIN,,Ulcerative Colitis,Severe,0
,Event,,ANTI_INTERLEUKIN,,,Mild,0
,Event,,ANTI_TNF,male,IBD-Unclassified,Moderate,0
,Event,,ANTI_TNF,male,IBD-Unclassified,Severe,0
,Event,,ANTI_TNF,male,Ulcerative Colitis,Mild,0
,Event,,ANTI_TNF,male,Ulcerative Colitis,Moderate,0
,Event,,ANTI_TNF,,IBD-Unclassified,Severe,0
,Event,,ANTI_TNF,,Ulcerative Colitis,Mild,0
,Event,,CORTICOSTEROID,female,Crohn's Disease,Mild,0
,Event,,CORTICOSTEROID,female,Crohn's Disease,Moderate,0
,Event,,CORTICOSTEROID,female,IBD-Unclassified,Mild,0
,Event,,CORTICOSTEROID,female,IBD-Unclassified,,0
,Event,,CORTICOSTEROID,male,Crohn's Disease,Severe,0
,Event,,CORTICOSTEROID,male,IBD-Unclassified,Moderate,0
,Event,,CORTICOSTEROID,male,,Severe,0
,Event,,CORTICOSTEROID,,Crohn's Disease,Mild,0
,Event,,CORTICOSTEROID,,Crohn's Disease,Severe,0
,Event,,CORTICOSTEROID,,IBD-Unclassified,Moderate,0
,Event,,CORTICOSTEROID,,,Severe,0
,Event,,JAK_INHIBITOR,female,Crohn's Disease,Severe,0
,Event,,JAK_INHIBITOR,female,,Severe,0
,Event,,JAK_INHIBITOR,male,Ulcerative Colitis,Mild,0
,Event,,JAK_INHIBITOR,male,Ulcerative Colitis,,0
,Event,,JAK_INHIBITOR,male,,Mild,0
,Event,,JAK_INHIBITOR,male,,,0
,Event,,JAK_INHIBITOR,,Crohn's Disease,Severe,0
,Event,,JAK_INHIBITOR,,Ulcerative Colitis,Mild,0
,Event,,JAK_INHIBITOR,,Ulcerative Colitis,,0
,Event,,JAK_INHIBITOR,,,Mild,0
,Event,,JAK_INHIBITOR,,,Severe,0
,Event,,,female,IBD-Unclassified,Severe,0
,Event,,,male,IBD-Unclassified,Severe,0
,,0,ANTI_INTERLEUKIN,female,IBD-Unclassified,Severe,0
,,0,ANTI_INTERLEUKIN,female,IBD-Unclassified,,0
,,0,ANTI_INTERLEUKIN,female,,Severe,0
,,0,ANTI_INTERLEUKIN,female,,,0
,,0,ANTI_INTERLEUKIN,,IBD-Unclassified,Severe,0
,,0,ANTI_INTERLEUKIN,,IBD-Unclassified,,0
,,0,ANTI_INTERLEUKIN,,,Severe,0
,,0,ANTI_INTERLEUKIN,,,,0
,,0,ANTI_TNF,male,Ulcerative Colitis,Severe,0
,,0,ANTI_TNF,male,Ulcerative Colitis,,0
,,0,ANTI_TNF,male,,Severe,0
,,0,ANTI_TNF,male,,,0
,,0,ANTI_TNF,,Ulcerative Colitis,Severe,0
,,0,ANTI_TNF,,Ulcerative Colitis,,0
,,0,ANTI_TNF,,,Severe,0
,,0,ANTI_TNF,,,,0
,,0,CORTICOSTEROID,female,IBD-Unclassified,Moderate,0
,,0,CORTICOSTEROID,female,IBD-Unclassified,,0
,,0,CORTICOSTEROID,female,Ulcerative Colitis,Mild,0
,,0,CORTICOSTEROID,female,Ulcerative Colitis,,0
,,0,CORTICOSTEROID,female,,Mild,0
,,0,CORTICOSTEROID,female,,Moderate,0
,,0,CORTICOSTEROID,male,Ulcerative Colitis,Moderate,0
,,0,CORTICOSTEROID,male,Ulcerative Colitis,,0
,,0,CORTICOSTEROID,male,,Moderate,0
,,0,CORTICOSTEROID,male,,,0
,,0,CORTICOSTEROID,,IBD-Unclassified,Moderate,0
,,0,CORTICOSTEROID,,IBD-Unclassified,,0
,,0,CORTICOSTEROID,,Ulcerative Colitis,Mild,0
,,0,CORTICOSTEROID,,Ulcerative Colitis,Moderate,0
,,0,CORTICOSTEROID,,,Mild,0
,,0,IMMUNOMODULATOR,female,Crohn's Disease,Moderate,0
,,0,IMMUNOMODULATOR,female,Crohn's Disease,,0
,,0,IMMUNOMODULATOR,female,,Moderate,0
,,0,IMMUNOMODULATOR,male,Crohn's Disease,Moderate,0
,,0,IMMUNOMODULATOR,male,Crohn's Disease,,0
,,0,IMMUNOMODULATOR,male,IBD-Unclassified,Mild,0
,,0,IMMUNOMODULATOR,male,IBD-Unclassified,,0
,,0,IMMUNOMODULATOR,male,,Mild,0
,,0,IMMUNOMODULATOR,male,,Moderate,0
,,0,IMMUNOMODULATOR,,IBD-Unclassified,Mild,0
,,0,IMMUNOMODULATOR,,IBD-Unclassified,,0
,,0,,female,Crohn's Disease,Moderate,0
,,0,,female,Crohn's Disease,,0
,,0,,female,IBD-Unclassified,Moderate,0
,,0,,female,IBD-Unclassified,Severe,0
,,0,,female,,Severe,0
,,0,,male,Crohn's Disease,Moderate,0
,,0,,male,Crohn's Disease,,0
,,0,,male,IBD-Unclassified,Mild,0
,,0,,male,IBD-Unclassified,,0
,,0,,male,Ulcerative Colitis,Moderate,0
,,0,,male,Ulcerative Colitis,Severe,0
,,0,,male,,Mild,0
,,0,,male,,Severe,0
,,0,,,IBD-Unclassified,Mild,0
,,0,,,IBD-Unclassified,Moderate,0
,,0,,,IBD-Unclassified,Severe,0
,,0,,,Ulcerative Colitis,Moderate,0
,,0,,,Ulcerative Colitis,Severe,0
,,1,AMINOSALICYLATE,female,Ulcerative Colitis,Mild,0
,,1,AMINOSALICYLATE,female,Ulcerative Colitis,Moderate,0
,,1,AMINOSALICYLATE,female,,Mild,0
,,1,AMINOSALICYLATE,female,,Moderate,0
,,1,AMINOSALICYLATE,male,Crohn's Disease,Mild,0
,,1,AMINOSALICYLATE,male,Crohn's Disease,Moderate,0
,,1,AMINOSALICYLATE,male,,Mild,0
,,1,AMINOSALICYLATE,male,,Moderate,0
,,1,AMINOSALICYLATE,,Crohn's Disease,Mild,0
,,1,AMINOSALICYLATE,,Crohn's Disease,Moderate,0
,,1,AMINOSALICYLATE,,Ulcerative Colitis,Mild,0
,,1,AMINOSALICYLATE,,Ulcerative Colitis,Moderate,0
,,1,ANTI_INTEGRIN,female,Crohn's Disease,Severe,0
,,1,ANTI_INTEGRIN,female,Crohn's Disease,,0
,,1,ANTI_INTEGRIN,female,,Severe,0
,,1,ANTI_INTEGRIN,female,,,0
,,1,ANTI_INTEGRIN,male,IBD-Unclassified,Moderate,0
,,1,ANTI_INTEGRIN,male,IBD-Unclassified,,0
,,1,ANTI_INTEGRIN,male,,Moderate,0
,,1,ANTI_INTEGRIN,male,,,0
,,1,ANTI_INTEGRIN,,Crohn's Disease,Severe,0
,,1,ANTI_INTEGRIN,,Crohn's Disease,,0
,,1,ANTI_INTEGRIN,,IBD-Unclassified,Moderate,0
,,1,ANTI_INTEGRIN,,IBD-Unclassified,,0
,,1,ANTI_INTEGRIN,,,Moderate,0
,,1,ANTI_INTEGRIN,,,Severe,0
,,1,ANTI_TNF,male,Crohn's Disease,Moderate,0
,,1,ANTI_TNF,male,Crohn's Disease,,0
,,1,ANTI_TNF,male,IBD-Unclassified,Moderate,0
,,1,ANTI_TNF,male,IBD-Unclassified,,0
,,1,ANTI_TNF,,IBD-Unclassified,Moderate,0
,,1,ANTI_TNF,,IBD-Unclassified,,0
,,1,CORTICOSTEROID,female,Ulcerative Colitis,Mild,0
,,1,CORTICOSTEROID,female,Ulcerative Colitis,,0
,,1,CORTICOSTEROID,female,,Mild,0
,,1,CORTICOSTEROID,female,,,0
,,1,CORTICOSTEROID,male,Ulcerative Colitis,Moderate,0
,,1,CORTICOSTEROID,male,Ulcerative Colitis,,0
,,1,CORTICOSTEROID,male,,Moderate,0
,,1,CORTICOSTEROID,male,,,0
,,1,CORTICOSTEROID,,Ulcerative Colitis,Mild,0
,,1,CORTICOSTEROID,,Ulcerative Colitis,Moderate,0
,,1,CORTICOSTEROID,,,Mild,0
,,1,CORTICOSTEROID,,,Moderate,0
,,1,IMMUNOMODULATOR,female,Crohn's Disease,Moderate,0
,,1,IMMUNOMODULATOR,female,Crohn's Disease,,0
,,1,IMMUNOMODULATOR,female,IBD-Unclassified,Moderate,0
,,1,IMMUNOMODULATOR,female,IBD-Unclassified,,0
,,1,IMMUNOMODULATOR,female,Ulcerative Colitis,Moderate,0
,,1,IMMUNOMODULATOR,female,Ulcerative Colitis,,0
,,1,IMMUNOMODULATOR,male,Ulcerative Colitis,Mild,0
,,1,IMMUNOMODULATOR,male,Ulcerative Colitis,,0
,,1,IMMUNOMODULATOR,male,,Mild,0
,,1,IMMUNOMODULATOR,male,,,0
,,1,IMMUNOMODULATOR,,Crohn's Disease,Moderate,0
,,1,IMMUNOMODULATOR,,Crohn's Disease,,0
,,1,IMMUNOMODULATOR,,IBD-Unclassified,Moderate,0
,,1,IMMUNOMODULATOR,,IBD-Unclassified,,0
,,1,IMMUNOMODULATOR,,Ulcerative Colitis,Mild,0
,,1,IMMUNOMODULATOR,,Ulcerative Colitis,Moderate,0
,,1,IMMUNOMODULATOR,,,Mild,0
,,1,JAK_INHIBITOR,male,Crohn's Disease,Severe,0
,,1,JAK_INHIBITOR,male,Crohn's Disease,,0
,,1,JAK_INHIBITOR,male,,Severe,0
,,1,JAK_INHIBITOR,male,,,0
,,1,JAK_INHIBITOR,,Crohn's Disease,Severe,0
,,1,JAK_INHIBITOR,,Crohn's Disease,,0
,,1,JAK_INHIBITOR,,,Severe,0
,,1,JAK_INHIBITOR,,,,0
,,1,,female,Crohn's Disease,Severe,0
,,1,,female,IBD-Unclassified,Moderate,0
,,1,,female,IBD-Unclassified,,0
,,1,,female,,Severe,0
,,1,,male,Crohn's Disease,Mild,0
,,1,,male,Crohn's Disease,Severe,0
,,1,,male,Ulcerative Colitis,Mild,0
,,1,,male,Ulcerative Colitis,Moderate,0
,,1,,male,,Severe,0
,,1,,,Crohn's Disease,Mild,0
,,2,AMINOSALICYLATE,female,Crohn's Disease,Moderate,0
,,2,AMINOSALICYLATE,female,Crohn's Disease,,0
,,2,AMINOSALICYLATE,female,Ulcerative Colitis,Moderate,0
,,2,AMINOSALICYLATE,female,Ulcerative Colitis,,0
,,2,AMINOSALICYLATE,male,Crohn's Disease,Moderate,0
,,2,AMINOSALICYLATE,male,Crohn's Disease,Severe,0
,,2,AMINOSALICYLATE,male,Ulcerative Colitis,Moderate,0
,,2,AMINOSALICYLATE,male,Ulcerative Colitis,,0
,,2,AMINOSALICYLATE,male,,Severe,0
,,2,AMINOSALICYLATE,,Crohn's Disease,Severe,0
,,2,AMINOSALICYLATE,,,Severe,0
,,2,ANTI_INTEGRIN,female,Crohn's Disease,Moderate,0
,,2,ANTI_INTEGRIN,female,Crohn's Disease,Severe,0
,,2,ANTI_INTEGRIN,female,,Moderate,0
,,2,ANTI_INTEGRIN,female,,Severe,0
,,2,ANTI_INTEGRIN,male,Ulcerative Colitis,Severe,0
,,2,ANTI_INTEGRIN,male,Ulcerative Colitis,,0
,,2,ANTI_INTEGRIN,male,,Severe,0
,,2,ANTI_INTEGRIN,male,,,0
,,2,ANTI_INTEGRIN,,Crohn's Disease,Moderate,0
,,2,ANTI_INTEGRIN,,Crohn's Disease,Severe,0
,,2,ANTI_INTEGRIN,,Ulcerative Colitis,Severe,0
,,2,ANTI_INTEGRIN,,Ulcerative Colitis,,0
,,2,ANTI_INTEGRIN,,,Moderate,0
,,2,ANTI_INTERLEUKIN,female,Crohn's Disease,Moderate,0
,,2,ANTI_INTERLEUKIN,female,Crohn's Disease,,0
,,2,ANTI_INTERLEUKIN,female,,Moderate,0
,,2,ANTI_INTERLEUKIN,female,,,0
,,2,ANTI_INTERLEUKIN,,Crohn's Disease,Moderate,0
,,2,ANTI_INTERLEUKIN,,Crohn's Disease,,0
,,2,ANTI_INTERLEUKIN,,,Moderate,0
,,2,ANTI_INTERLEUKIN,,,,0
,,2,ANTI_TNF,female,Crohn's Disease,Mild,0
,,2,ANTI_TNF,female,Crohn's Disease,,0
,,2,ANTI_TNF,female,IBD-Unclassified,Moderate,0
,,2,ANTI_TNF,female,IBD-Unclassified,,0
,,2,ANTI_TNF,female,,Mild,0
,,2,ANTI_TNF,female,,Moderate,0
,,2,ANTI_TNF,male,IBD-Unclassified,Mild,0
,,2,ANTI_TNF,male,IBD-Unclassified,Moderate,0
,,2,ANTI_TNF,male,Ulcerative Colitis,Mild,0
,,2,ANTI_TNF,male,Ulcerative Colitis,Severe,0
,,2,ANTI_TNF,male,,Moderate,0
,,2,ANTI_TNF,male,,Severe,0
,,2,ANTI_TNF,,Crohn's Disease,Mild,0
,,2,ANTI_TNF,,Crohn's Disease,,0
,,2,ANTI_TNF,,IBD-Unclassified,Mild,0
,,2,ANTI_TNF,,Ulcerative Colitis,Mild,0
,,2,ANTI_TNF,,Ulcerative Colitis,Severe,0
,,2,ANTI_TNF,,,Severe,0
,,2,CORTICOSTEROID,female,Crohn's Disease,Mild,0
,,2,CORTICOSTEROID,female,Crohn's Disease,,0
,,2,CORTICOSTEROID,female,Ulcerative Colitis,Mild,0
,,2,CORTICOSTEROID,male,Crohn's Disease,Severe,0
,,2,CORTICOSTEROID,male,Crohn's Disease,,0
,,2,CORTICOSTEROID,male,IBD-Unclassified,Mild,0
,,2,CORTICOSTEROID,male,IBD-Unclassified,,0
,,2,CORTICOSTEROID,male,,Mild,0
,,2,CORTICOSTEROID,male,,Severe,0
,,2,CORTICOSTEROID,,Crohn's Disease,Mild,0
,,2,CORTICOSTEROID,,Crohn's Disease,Severe,0
,,2,CORTICOSTEROID,,Ulcerative Colitis,Mild,0
,,2,CORTICOSTEROID,,,Severe,0
,,2,IMMUNOMODULATOR,female,Ulcerative Colitis,Mild,0
,,2,IMMUNOMODULATOR,female,Ulcerative Colitis,,0
,,2,IMMUNOMODULATOR,female,,Mild,0
,,2,IMMUNOMODULATOR,male,IBD-Unclassified,Moderate,0
,,2,IMMUNOMODULATOR,male,IBD-Unclassified,,0
,,2,IMMUNOMODULATOR,male,,Moderate,0
,,2,IMMUNOMODULATOR,male,,,0
,,2,IMMUNOMODULATOR,,IBD-Unclassified,Moderate,0
,,2,IMMUNOMODULATOR,,IBD-Unclassified,,0
,,2,IMMUNOMODULATOR,,Ulcerative Colitis,Mild,0
,,2,IMMUNOMODULATOR,,Ulcerative Colitis,,0
,,2,IMMUNOMODULATOR,,,Mild,0
,,2,JAK_INHIBITOR,female,Crohn's Disease,Moderate,0
,,2,JAK_INHIBITOR,female,Crohn's Disease,,0
,,2,JAK_INHIBITOR,female,,Moderate,0
,,2,JAK_INHIBITOR,female,,,0
,,2,JAK_INHIBITOR,,Crohn's Disease,Moderate,0
,,2,JAK_INHIBITOR,,Crohn's Disease,,0
,,2,JAK_INHIBITOR,,,Moderate,0
,,2,JAK_INHIBITOR,,,,0
,,2,,female,Crohn's Disease,Severe,0
,,2,,female,IBD-Unclassified,Moderate,0
,,2,,female,,Severe,0
,,2,,male,Crohn's Disease,Moderate,0
,,2,,male,Ulcerative Colitis,Mild,0
,,2,,male,Ulcerative Colitis,Moderate,0
,,3,AMINOSALICYLATE,male,IBD-Unclassified,Moderate,0
,,3,AMINOSALICYLATE,male,IBD-Unclassified,,0
,,3,AMINOSALICYLATE,male,Ulcerative Colitis,Moderate,0
,,3,AMINOSALICYLATE,male,Ulcerative Colitis,,0
,,3,AMINOSALICYLATE,,Ulcerative Colitis,Moderate,0
,,3,AMINOSALICYLATE,,Ulcerative Colitis,,0
,,3,ANTI_INTEGRIN,female,Ulcerative Colitis,Severe,0
,,3,ANTI_INTEGRIN,female,Ulcerative Colitis,,0
,,3,ANTI_INTEGRIN,female,,Severe,0
,,3,ANTI_INTEGRIN,female,,,0
,,3,ANTI_INTEGRIN,,Ulcerative Colitis,Severe,0
,,3,ANTI_INTEGRIN,,Ulcerative Colitis,,0
,,3,ANTI_INTEGRIN,,,Severe,0
,,3,ANTI_INTEGRIN,,,,0
,,3,ANTI_INTERLEUKIN,female,IBD-Unclassified,Moderate,0
,,3,ANTI_INTERLEUKIN,female,IBD-Unclassified,,0
,,3,ANTI_INTERLEUKIN,female,,Moderate,0
,,3,ANTI_INTERLEUKIN,female,,,0
,,3,ANTI_INTERLEUKIN,male,Crohn's Disease,Mild,0
,,3,ANTI_INTERLEUKIN,male,Crohn's Disease,,0
,,3,ANTI_INTERLEUKIN,male,Ulcerative Colitis,Severe,0
,,3,ANTI_INTERLEUKIN,male,Ulcerative Colitis,,0
,,3,ANTI_INTERLEUKIN,male,,Mild,0
,,3,ANTI_INTERLEUKIN,male,,Severe,0
,,3,ANTI_INTERLEUKIN,,Crohn's Disease,Mild,0
,,3,ANTI_INTERLEUKIN,,Crohn's Disease,,0
,,3,ANTI_INTERLEUKIN,,IBD-Unclassified,Moderate,0
,,3,ANTI_INTERLEUKIN,,IBD-Unclassified,,0
,,3,ANTI_INTERLEUKIN,,Ulcerative Colitis,Severe,0
,,3,ANTI_INTERLEUKIN,,Ulcerative Colitis,,0
,,3,ANTI_INTERLEUKIN,,,Mild,0
,,3,ANTI_INTERLEUKIN,,,Moderate,0
,,3,ANTI_INTERLEUKIN,,,Severe,0
,,3,ANTI_TNF,female,Ulcerative Colitis,Moderate,0
,,3,ANTI_TNF,female,Ulcerative Colitis,,0
,,3,ANTI_TNF,male,Crohn's Disease,Severe,0
,,3,ANTI_TNF,male,Crohn's Disease,,0
,,3,ANTI_TNF,male,IBD-Unclassified,Moderate,0
,,3,ANTI_TNF,male,IBD-Unclassified,Severe,0
,,3,ANTI_TNF,male,Ulcerative Colitis,Moderate,0
,,3,ANTI_TNF,male,Ulcerative Colitis,,0
,,3,ANTI_TNF,,Crohn's Disease,Severe,0
,,3,ANTI_TNF,,Crohn's Disease,,0
,,3,ANTI_TNF,,IBD-Unclassified,Severe,0
,,3,CORTICOSTEROID,female,Crohn's Disease,Mild,0
,,3,CORTICOSTEROID,female,Crohn's Disease,,0
,,3,CORTICOSTEROID,female,,Mild,0
,,3,CORTICOSTEROID,female,,,0
,,3,CORTICOSTEROID,male,Crohn's Disease,Moderate,0
,,3,CORTICOSTEROID,male,Crohn's Disease,,0
,,3,CORTICOSTEROID,male,IBD-Unclassified,Mild,0
,,3,CORTICOSTEROID,male,IBD-Unclassified,Moderate,0
,,3,CORTICOSTEROID,male,Ulcerative Colitis,Mild,0
,,3,CORTICOSTEROID,,Crohn's Disease,Mild,0
,,3,CORTICOSTEROID,,Crohn's Disease,Moderate,0
,,3,CORTICOSTEROID,,IBD-Unclassified,Mild,0
,,3,CORTICOSTEROID,,IBD-Unclassified,Moderate,0
,,3,CORTICOSTEROID,,Ulcerative Colitis,Mild,0
,,3,IMMUNOMODULATOR,female,Crohn's Disease,Moderate,0
,,3,IMMUNOMODULATOR,female,Crohn's Disease,Severe,0
,,3,IMMUNOMODULATOR,female,Ulcerative Colitis,Moderate,0
,,3,IMMUNOMODULATOR,female,Ulcerative Colitis,,0
,,3,IMMUNOMODULATOR,female,,Severe,0
,,3,IMMUNOMODULATOR,male,IBD-Unclassified,Mild,0
,,3,IMMUNOMODULATOR,male,Ulcerative Colitis,Mild,0
,,3,IMMUNOMODULATOR,male,Ulcerative Colitis,,0
,,3,IMMUNOMODULATOR,,Crohn's Disease,Moderate,0
,,3,IMMUNOMODULATOR,,Crohn's Disease,Severe,0
,,3,IMMUNOMODULATOR,,IBD-Unclassified,Mild,0
,,3,IMMUNOMODULATOR,,Ulcerative Colitis,Mild,0
,,3,IMMUNOMODULATOR,,Ulcerative Colitis,Moderate,0
,,3,IMMUNOMODULATOR,,,Severe,0
,,3,,female,Crohn's Disease,Moderate,0
,,3,,female,Crohn's Disease,Severe,0
,,3,,female,Ulcerative Colitis,Severe,0
,,3,,male,Crohn's Disease,Moderate,0
,,3,,male,Crohn's Disease,Severe,0
,,3,,male,IBD-Unclassified,Severe,0
,,3,,male,Ulcerative Colitis,Severe,0
,,3,,,IBD-Unclassified,Severe,0
,,4,AMINOSALICYLATE,female,Crohn's Disease,Mild,0
,,4,AMINOSALICYLATE,female,Crohn's Disease,,0
,,4,AMINOSALICYLATE,female,IBD-Unclassified,Mild,0
,,4,AMINOSALICYLATE,female,IBD-Unclassified,,0
,,4,AMINOSALICYLATE,female,Ulcerative Colitis,Mild,0
,,4,AMINOSALICYLATE,female,Ulcerative Colitis,,0
,,4,AMINOSALICYLATE,male,IBD-Unclassified,Mild,0
,,4,AMINOSALICYLATE,male,IBD-Unclassified,Moderate,0
,,4,AMINOSALICYLATE,male,,Mild,0
,,4,AMINOSALICYLATE,male,,Moderate,0
,,4,AMINOSALICYLATE,,Crohn's Disease,Mild,0
,,4,AMINOSALICYLATE,,Crohn's Disease,,0
,,4,AMINOSALICYLATE,,IBD-Unclassified,Moderate,0
,,4,AMINOSALICYLATE,,Ulcerative Colitis,Mild,0
,,4,AMINOSALICYLATE,,Ulcerative Colitis,,0
,,4,AMINOSALICYLATE,,,Moderate,0
,,4,ANTI_INTERLEUKIN,female,IBD-Unclassified,Severe,0
,,4,ANTI_INTERLEUKIN,female,IBD-Unclassified,,0
,,4,ANTI_INTERLEUKIN,female,Ulcerative Colitis,Mild,0
,,4,ANTI_INTERLEUKIN,female,Ulcerative Colitis,,0
,,4,ANTI_INTERLEUKIN,female,,Mild,0
,,4,ANTI_INTERLEUKIN,female,,Severe,0
,,4,ANTI_INTERLEUKIN,,IBD-Unclassified,Severe,0
,,4,ANTI_INTERLEUKIN,,IBD-Unclassified,,0
,,4,ANTI_INTERLEUKIN,,Ulcerative Colitis,Mild,0
,,4,ANTI_INTERLEUKIN,,Ulcerative Colitis,,0
,,4,ANTI_INTERLEUKIN,,,Mild,0
,,4,ANTI_INTERLEUKIN,,,Severe,0
,,4,ANTI_TNF,female,Ulcerative Colitis,Moderate,0
,,4,ANTI_TNF,female,Ulcerative Colitis,,0
,,4,ANTI_TNF,male,Crohn's Disease,Severe,0
,,4,ANTI_TNF,male,Crohn's Disease,,0
,,4,ANTI_TNF,male,IBD-Unclassified,Mild,0
,,4,ANTI_TNF,male,IBD-Unclassified,Severe,0
,,4,ANTI_TNF,male,Ulcerative Colitis,Severe,0
,,4,ANTI_TNF,male,Ulcerative Colitis,,0
,,4,ANTI_TNF,male,,Mild,0
,,4,ANTI_TNF,,Crohn's Disease,Severe,0
,,4,ANTI_TNF,,IBD-Unclassified,Mild,0
,,4,ANTI_TNF,,IBD-Unclassified,Severe,0
,,4,ANTI_TNF,,Ulcerative Colitis,Moderate,0
,,4,ANTI_TNF,,Ulcerative Colitis,Severe,0
,,4,ANTI_TNF,,,Mild,0
,,4,CORTICOSTEROID,female,Ulcerative Colitis,Moderate,0
,,4,CORTICOSTEROID,female,Ulcerative Colitis,,0
,,4,CORTICOSTEROID,female,,Moderate,0
,,4,CORTICOSTEROID,male,IBD-Unclassified,Mild,0
,,4,CORTICOSTEROID,male,IBD-Unclassified,,0
,,4,CORTICOSTEROID,male,Ulcerative Colitis,Moderate,0
,,4,CORTICOSTEROID,male,Ulcerative Colitis,,0
,,4,CORTICOSTEROID,male,,Mild,0
,,4,IMMUNOMODULATOR,female,IBD-Unclassified,Mild,0
,,4,IMMUNOMODULATOR,female,IBD-Unclassified,,0
,,4,IMMUNOMODULATOR,female,,Mild,0
,,4,IMMUNOMODULATOR,female,,,0
,,4,IMMUNOMODULATOR,male,Crohn's Disease,Mild,0
,,4,IMMUNOMODULATOR,male,Crohn's Disease,,0
,,4,IMMUNOMODULATOR,male,Ulcerative Colitis,Mild,0
,,4,IMMUNOMODULATOR,male,Ulcerative Colitis,,0
,,4,IMMUNOMODULATOR,,Crohn's Disease,Mild,0
,,4,IMMUNOMODULATOR,,Crohn's Disease,,0
,,4,IMMUNOMODULATOR,,IBD-Unclassified,Mild,0
,,4,IMMUNOMODULATOR,,IBD-Unclassified,,0
,,4,IMMUNOMODULATOR,,Ulcerative Colitis,Mild,0
,,4,IMMUNOMODULATOR,,Ulcerative Colitis,,0
,,4,,female,Crohn's Disease,Mild,0
,,4,,female,IBD-Unclassified,Severe,0
,,4,,female,,Severe,0
,,4,,male,Crohn's Disease,Mild,0
,,4,,male,Crohn's Disease,Severe,0
,,4,,male,IBD-Unclassified,Moderate,0
,,4,,male,IBD-Unclassified,Severe,0
,,4,,male,Ulcerative Colitis,Mild,0
,,4,,male,Ulcerative Colitis,Moderate,0
,,4,,male,Ulcerative Colitis,Severe,0
,,4,,,Crohn's Disease,Severe,0
,,4,,,IBD-Unclassified,Moderate,0
,,4,,,Ulcerative Colitis,Severe,0
,,5,AMINOSALICYLATE,female,Crohn's Disease,Mild,0
,,5,AMINOSALICYLATE,female,IBD-Unclassified,Mild,0
,,5,AMINOSALICYLATE,female,IBD-Unclassified,Moderate,0
,,5,AMINOSALICYLATE,female,Ulcerative Colitis,Mild,0
,,5,AMINOSALICYLATE,female,Ulcerative Colitis,,0
,,5,AMINOSALICYLATE,,Crohn's Disease,Mild,0
,,5,AMINOSALICYLATE,,IBD-Unclassified,Mild,0
,,5,AMINOSALICYLATE,,IBD-Unclassified,Moderate,0
,,5,ANTI_INTEGRIN,male,IBD-Unclassified,Moderate,0
,,5,ANTI_INTEGRIN,male,IBD-Unclassified,,0
,,5,ANTI_INTEGRIN,male,,Moderate,0
,,5,ANTI_INTEGRIN,male,,,0
,,5,ANTI_INTEGRIN,,IBD-Unclassified,Moderate,0
,,5,ANTI_INTEGRIN,,IBD-Unclassified,,0
,,5,ANTI_INTEGRIN,,,Moderate,0
,,5,ANTI_INTEGRIN,,,,0
,,5,ANTI_INTERLEUKIN,male,Crohn's Disease,Severe,0
,,5,ANTI_INTERLEUKIN,male,Crohn's Disease,,0
,,5,ANTI_INTERLEUKIN,male,,Severe,0
,,5,ANTI_INTERLEUKIN,male,,,0
,,5,ANTI_INTERLEUKIN,,Crohn's Disease,Severe,0
,,5,ANTI_INTERLEUKIN,,Crohn's Disease,,0
,,5,ANTI_INTERLEUKIN,,,Severe,0
,,5,ANTI_INTERLEUKIN,,,,0
,,5,ANTI_TNF,female,Crohn's Disease,Mild,0
,,5,ANTI_TNF,female,Crohn's Disease,,0
,,5,ANTI_TNF,female,,Mild,0
,,5,ANTI_TNF,female,,,0
,,5,ANTI_TNF,male,IBD-Unclassified,Severe,0
,,5,ANTI_TNF,male,IBD-Unclassified,,0
,,5,ANTI_TNF,male,,Severe,0
,,5,ANTI_TNF,male,,,0
,,5,ANTI_TNF,,Crohn's Disease,Mild,0
,,5,ANTI_TNF,,Crohn's Disease,,0
,,5,ANTI_TNF,,IBD-Unclassified,Severe,0
,,5,ANTI_TNF,,IBD-Unclassified,,0
,,5,ANTI_TNF,,,Mild,0
,,5,ANTI_TNF,,,Severe,0
,,5,CORTICOSTEROID,male,IBD-Unclassified,Moderate,0
,,5,CORTICOSTEROID,male,IBD-Unclassified,,0
,,5,CORTICOSTEROID,,IBD-Unclassified,Moderate,0
,,5,CORTICOSTEROID,,IBD-Unclassified,,0
,,5,IMMUNOMODULATOR,female,Crohn's Disease,Moderate,0
,,5,IMMUNOMODULATOR,female,Crohn's Disease,,0
,,5,IMMUNOMODULATOR,female,IBD-Unclassified,Moderate,0
,,5,IMMUNOMODULATOR,female,IBD-Unclassified,,0
,,5,IMMUNOMODULATOR,female,Ulcerative Colitis,Moderate,0
,,5,IMMUNOMODULATOR,female,Ulcerative Colitis,,0
,,5,IMMUNOMODULATOR,male,Crohn's Disease,Mild,0
,,5,IMMUNOMODULATOR,male,Crohn's Disease,Moderate,0
,,5,IMMUNOMODULATOR,male,IBD-Unclassified,Moderate,0
,,5,IMMUNOMODULATOR,male,Ulcerative Colitis,Mild,0
,,5,IMMUNOMODULATOR,male,Ulcerative Colitis,Moderate,0
,,5,IMMUNOMODULATOR,,Crohn's Disease,Mild,0
,,5,IMMUNOMODULATOR,,Ulcerative Colitis,Mild,0
,,5,JAK_INHIBITOR,female,Crohn's Disease,Severe,0
,,5,JAK_INHIBITOR,female,,Severe,0
,,5,JAK_INHIBITOR,male,Ulcerative Colitis,Mild,0
,,5,JAK_INHIBITOR,male,Ulcerative Colitis,,0
,,5,JAK_INHIBITOR,male,,Mild,0
,,5,JAK_INHIBITOR,male,,,0
,,5,JAK_INHIBITOR,,Crohn's Disease,Severe,0
,,5,JAK_INHIBITOR,,Ulcerative Colitis,Mild,0
,,5,JAK_INHIBITOR,,Ulcerative Colitis,,0
,,5,JAK_INHIBITOR,,,Mild,0
,,5,JAK_INHIBITOR,,,Severe,0
,,5,,female,Crohn's Disease,Severe,0
,,5,,female,IBD-Unclassified,Mild,0
,,5,,female,Ulcerative Colitis,Mild,0
,,5,,female,Ulcerative Colitis,Moderate,0
,,5,,female,,Severe,0
,,5,,male,Crohn's Disease,Mild,0
,,5,,male,Crohn's Disease,Severe,0
,,5,,male,IBD-Unclassified,Severe,0
,,5,,male,Ulcerative Colitis,Moderate,0
,,5,,,IBD-Unclassified,Severe,0
,,,AMINOSALICYLATE,male,Crohn's Disease,Severe,0
,,,AMINOSALICYLATE,male,IBD-Unclassified,Mild,0
,,,AMINOSALICYLATE,male,,Severe,0
,,,AMINOSALICYLATE,,Crohn's Disease,Severe,0
,,,AMINOSALICYLATE,,,Severe,0
,,,ANTI_INTEGRIN,female,Crohn's Disease,Moderate,0
,,,ANTI_INTEGRIN,female,Ulcerative Colitis,Severe,0
,,,ANTI_INTEGRIN,female,Ulcerative Colitis,,0
,,,ANTI_INTEGRIN,female,,Moderate,0
,,,ANTI_INTEGRIN,male,Ulcerative Colitis,Severe,0
,,,ANTI_INTEGRIN,male,Ulcerative Colitis,,0
,,,ANTI_INTEGRIN,male,,Severe,0
,,,ANTI_INTEGRIN,,Crohn's Disease,Moderate,0
,,,ANTI_INTERLEUKIN,female,Crohn's Disease,Moderate,0
,,,ANTI_INTERLEUKIN,female,Crohn's Disease,,0
,,,ANTI_INTERLEUKIN,female,IBD-Unclassified,Moderate,0
,,,ANTI_INTERLEUKIN,female,Ulcerative Colitis,Mild,0
,,,ANTI_INTERLEUKIN,female,Ulcerative Colitis,,0
,,,ANTI_INTERLEUKIN,female,,Mild,0
,,,ANTI_INTERLEUKIN,male,Crohn's Disease,Mild,0
,,,ANTI_INTERLEUKIN,male,Crohn's Disease,Severe,0
,,,ANTI_INTERLEUKIN,male,Ulcerative Colitis,Severe,0
,,,ANTI_INTERLEUKIN,male,Ulcerative Colitis,,0
,,,ANTI_INTERLEUKIN,male,,Mild,0
,,,ANTI_INTERLEUKIN,,Crohn's Disease,Mild,0
,,,ANTI_INTERLEUKIN,,Crohn's Disease,Moderate,0
,,,ANTI_INTERLEUKIN,,Crohn's Disease,Severe,0
,,,ANTI_INTERLEUKIN,,IBD-Unclassified,Moderate,0
,,,ANTI_INTERLEUKIN,,Ulcerative Colitis,Mild,0
,,,ANTI_INTERLEUKIN,,Ulcerative Colitis,Severe,0
,,,ANTI_TNF,male,Crohn's Disease,Moderate,0
,,,ANTI_TNF,male,Ulcerative Colitis,Mild,0
,,,ANTI_TNF,male,Ulcerative Colitis,Moderate,0
,,,ANTI_TNF,,Ulcerative Colitis,Mild,0
,,,CORTICOSTEROID,female,IBD-Unclassified,Moderate,0
,,,CORTICOSTEROID,male,Crohn's Disease,Severe,0
,,,CORTICOSTEROID,male,,Severe,0
,,,CORTICOSTEROID,,Crohn's Disease,Severe,0
,,,CORTICOSTEROID,,,Severe,0
,,,IMMUNOMODULATOR,female,Crohn's Disease,Severe,0
,,,IMMUNOMODULATOR,female,IBD-Unclassified,Mild,0
,,,IMMUNOMODULATOR,female,,Severe,0
,,,IMMUNOMODULATOR,male,Ulcerative Colitis,Moderate,0
,,,IMMUNOMODULATOR,,Crohn's Disease,Severe,0
,,,IMMUNOMODULATOR,,,Severe,0
,,,JAK_INHIBITOR,female,Crohn's Disease,Severe,0
,,,JAK_INHIBITOR,female,,Severe,0
,,,JAK_INHIBITOR,male,Crohn's Disease,Severe,0
,,,JAK_INHIBITOR,male,Crohn's Disease,,0
,,,JAK_INHIBITOR,male,Ulcerative Colitis,Mild,0
,,,JAK_INHIBITOR,male,Ulcerative Colitis,,0
,,,JAK_INHIBITOR,male,,Mild,0
,,,JAK_INHIBITOR,male,,Severe,0
,,,JAK_INHIBITOR,,Ulcerative Colitis,Mild,0
,,,JAK_INHIBITOR,,Ulcerative Colitis,,0
,,,JAK_INHIBITOR,,,Mild,0
,,,,female,Ulcerative Colitis,Severe,0
